client_order_id,date,strategy,symbol,qty,entry_time,entry_price,exit_time,exit_price,exit_reason,pnl,mkt_gap_pct,mkt_change_open_pct,mkt_dist_vwap_pct,mkt_rel_volume,mkt_spy_change_pct,hour_et,weekday,mkt_realized_vol_pct,mkt_trend_slope_pct,mkt_autocorr_1,mkt_atr_pct,mkt_range_pos,side,regime_ev
rsi2_reversion--PLTR--2026-08-24,2026-08-24,rsi2_reversion,PLTR,56,2026-08-24 13:39:26.718885-04:00,177.66,2026-08-24 15:59:53.886226-04:00,175.8,stop,-104.16,-1.384,0.118,1.403,0.37,-0.182,13.58,Mon,,,,,,long,
high_break_trail--PLTR--2026-08-24,2026-08-24,high_break_trail,PLTR,56,2026-08-24 13:02:45.251389-04:00,177.69,2026-08-24 15:05:37.890444-04:00,176.22,stop,-82.32,-1.384,0.135,1.541,0.47,-0.101,13.0,Mon,,,,,,long,
squeeze_breakout--PLTR--2026-08-24,2026-08-24,squeeze_breakout,PLTR,56,2026-08-24 13:02:46.308981-04:00,177.69,2026-08-24 13:05:06.459284-04:00,177.359465,stop,-18.51,-1.384,0.135,1.541,0.47,-0.101,13.0,Mon,,,,,,long,
high_break_trail--MSTR--2026-08-25,2026-08-25,high_break_trail,MSTR,77,2026-08-25 12:50:10.455831-04:00,128.48,2026-08-25 13:08:52.529439-04:00,126.35,stop,-164.01,-2.968,7.957,3.223,0.8,-0.095,12.83,Tue,,,,,,long,
high_break_trail--TSLA--2026-08-25,2026-08-25,high_break_trail,TSLA,28,2026-08-25 12:50:10.260646-04:00,356.19,2026-08-25 13:06:37.362834-04:00,353.693929,stop,-69.89,0.553,1.516,1.192,0.18,-0.095,12.83,Tue,,,,,,long,
squeeze_breakout--TSLA--2026-08-25,2026-08-25,squeeze_breakout,TSLA,28,2026-08-25 12:50:10.171134-04:00,356.19,2026-08-25 13:06:33.235992-04:00,353.75,stop,-68.32,0.553,1.516,1.192,0.18,-0.095,12.83,Tue,,,,,,long,
vwap_pullback--TSLA--2026-08-25,2026-08-25,vwap_pullback,TSLA,28,2026-08-25 11:12:40.644247-04:00,351.484286,2026-08-25 11:29:38.978219-04:00,354.45,target,83.04,0.553,0.175,0.088,0.33,-0.205,11.17,Tue,,,,,,long,
rsi2_reversion--AMD--2026-08-24,2026-08-24,rsi2_reversion,AMD,21,2026-08-24 13:39:26.912880-04:00,457.91,2026-08-25 09:34:19.786079-04:00,472.514287,eod,306.69,-1.01,-2.151,0.024,0.27,-0.182,13.58,Mon,,,,,,long,
orb--MSTR--2026-08-24,2026-08-24,orb,MSTR,79,2026-08-24 10:27:06.570609-04:00,125.345696,2026-08-25 09:33:54.269939-04:00,120.148227,eod,-410.6,2.18,2.877,2.508,0.99,-0.243,10.42,Mon,,,,,,long,
vwap_pullback--AMD--2026-08-25,2026-08-25,vwap_pullback,AMD,20,2026-08-25 14:16:17.811555-04:00,477.88,2026-08-26 09:31:55.156423-04:00,482.07,eod,83.8,3.906,0.691,0.398,0.37,-0.174,14.25,Tue,,,,,,long,
rsi2_reversion--TSLA--2026-08-25,2026-08-25,rsi2_reversion,TSLA,28,2026-08-25 13:18:24.368671-04:00,352.426428,2026-08-26 09:33:22.152328-04:00,343.029286,eod,-263.12,0.553,0.444,0.14,0.71,-0.099,13.25,Tue,,,,,,long,
high_break_trail--COIN--2026-08-25,2026-08-25,high_break_trail,COIN,53,2026-08-25 12:50:11.605432-04:00,187.72,2026-08-26 09:30:15.537058-04:00,183.86,eod,-204.58,-1.85,6.559,2.926,1.68,-0.095,12.83,Tue,,,,,,long,
squeeze_breakout--COIN--2026-08-25,2026-08-25,squeeze_breakout,COIN,53,2026-08-25 12:50:10.673465-04:00,187.72,2026-08-26 09:30:15.537058-04:00,183.86,eod,-204.58,-1.85,6.559,2.926,1.68,-0.095,12.83,Tue,,,,,,long,
news_momentum--COIN--2026-08-25,2026-08-25,news_momentum,COIN,53,2026-08-25 12:50:10.029605-04:00,187.72,2026-08-26 09:30:15.537058-04:00,183.86,eod,-204.58,-1.85,6.559,2.926,1.68,-0.095,12.83,Tue,,,,,,long,
orb--MSTR--2026-08-25,2026-08-25,orb,MSTR,79,2026-08-25 11:12:40.107806-04:00,126.06405,2026-08-26 09:32:28.319492-04:00,122.869241,eod,-252.39,-2.968,5.927,2.172,0.8,-0.205,11.17,Tue,,,,,,long,
orb--COIN--2026-08-25,2026-08-25,orb,COIN,54,2026-08-25 11:12:38.718463-04:00,184.88,2026-08-26 09:30:15.537058-04:00,183.86,eod,-55.08,-1.85,4.947,2.101,0.42,-0.205,11.17,Tue,,,,,,long,
high_break_trail--AMD--2026-08-25,2026-08-25,high_break_trail,AMD,20,2026-08-25 11:12:40.387016-04:00,479.072,2026-08-26 09:31:55.156423-04:00,482.07,eod,59.96,3.906,0.942,0.826,0.63,-0.205,11.17,Tue,,,,,,long,
orb--AMD--2026-08-25,2026-08-25,orb,AMD,20,2026-08-25 11:12:38.678951-04:00,479.0405,2026-08-26 09:31:55.156423-04:00,482.07,eod,60.59,3.906,0.936,0.819,0.63,-0.205,11.17,Tue,,,,,,long,
high_break_trail--PLTR--2026-08-26,2026-08-26,high_break_trail,PLTR,56,2026-08-26 14:28:22.460175-04:00,176.82,2026-08-27 09:32:06.456845-04:00,178.49,eod,93.52,-1.329,3.753,1.316,0.6,0.115,14.42,Wed,,,,,,long,
orb--PLTR--2026-08-26,2026-08-26,orb,PLTR,56,2026-08-26 10:27:37.490312-04:00,175.44,2026-08-27 09:32:06.456845-04:00,178.49,eod,170.8,-1.329,2.943,1.371,0.83,0.046,10.42,Wed,,,,,,long,
high_break_trail--PLTR--2026-08-31,2026-08-31,high_break_trail,PLTR,53,2026-08-31 15:17:47.771268-04:00,187.65,2026-08-31 15:40:40.067464-04:00,186.83,stop,-43.46,-0.942,1.71,0.782,0.64,-0.169,15.25,Mon,1.733,0.0169,-0.215,0.221,0.93,long,
ar_forecast--MSTR--2026-08-31,2026-08-31,ar_forecast,MSTR,75,2026-08-31 15:17:49.213884-04:00,132.746667,2026-09-01 09:34:31.208543-04:00,126.707667,eod,-452.93,0.994,3.253,2.839,0.96,-0.169,15.25,Mon,2.785,0.0683,-0.109,0.419,0.926,long,
high_break_trail--MSTR--2026-08-31,2026-08-31,high_break_trail,MSTR,75,2026-08-31 15:17:48.732414-04:00,132.75,2026-09-01 09:34:31.208543-04:00,126.707667,eod,-453.17,0.994,3.255,2.841,0.96,-0.169,15.25,Mon,2.785,0.0683,-0.109,0.419,0.926,long,
high_break_trail--COIN--2026-08-31,2026-08-31,high_break_trail,COIN,52,2026-08-31 15:17:48.755448-04:00,188.95,2026-09-01 09:32:19.161872-04:00,183.19,eod,-299.52,-0.056,5.819,3.174,1.01,-0.169,15.25,Mon,2.195,0.0971,-0.038,0.398,0.955,long,
high_break_trail--TSLA--2026-08-31,2026-08-31,high_break_trail,TSLA,27,2026-08-31 15:17:48.722692-04:00,365.434444,2026-09-01 09:34:49.427086-04:00,357.207037,eod,-222.14,-0.462,5.267,0.609,0.56,-0.169,15.25,Mon,2.232,0.0313,0.207,0.255,0.855,long,
ar_forecast--PLTR--2026-09-01,2026-09-01,ar_forecast,PLTR,54,2026-09-01 13:03:16.941801-04:00,183.36,2026-09-01 14:28:05.654605-04:00,181.343519,stop,-108.89,-1.937,0.334,-0.199,0.63,-0.039,13.0,Tue,2.913,-0.0239,0.129,0.395,0.392,long,
high_break_trail--NVDA--2026-09-01,2026-09-01,high_break_trail,NVDA,45,2026-09-01 13:03:17.646770-04:00,218.98,2026-09-01 13:56:54.411392-04:00,217.82,stop,-52.2,-1.933,1.094,0.536,0.64,-0.039,13.0,Tue,1.457,0.0387,-0.267,0.265,0.731,long,
rsi2_reversion--NVDA--2026-09-02,2026-09-02,rsi2_reversion,NVDA,44,2026-09-02 12:30:35.504041-04:00,227.29,2026-09-02 13:22:45.208409-04:00,224.773182,stop,-110.74,0.572,3.887,1.394,0.52,0.348,12.5,Wed,1.724,0.1057,0.203,0.334,0.93,long,
vwap_pullback--COIN--2026-09-02,2026-09-02,vwap_pullback,COIN,56,2026-09-02 11:20:29.489292-04:00,177.58,2026-09-02 11:49:42.249297-04:00,175.55,stop,-113.68,-1.431,1.882,0.808,0.53,0.45,11.33,Wed,4.329,0.051,-0.035,0.712,0.829,long,
ar_forecast--COIN--2026-09-02,2026-09-02,ar_forecast,COIN,56,2026-09-02 10:40:36.852572-04:00,177.63,2026-09-02 11:47:46.855797-04:00,175.74,stop,-105.84,-1.431,1.91,1.024,0.36,0.505,10.67,Wed,4.986,0.1371,-0.087,0.894,0.837,long,
ar_forecast--PLTR--2026-09-02,2026-09-02,ar_forecast,PLTR,57,2026-09-02 10:40:37.237546-04:00,173.62,2026-09-02 11:06:25.830614-04:00,171.682281,stop,-110.45,-1.615,-1.907,-0.616,0.36,0.505,10.67,Wed,3.033,-0.0997,0.405,1.044,0.186,long,
vwap_pullback--AMD--2026-09-02,2026-09-02,vwap_pullback,AMD,21,2026-09-02 10:20:38.170948-04:00,459.474762,2026-09-02 11:01:11.611212-04:00,455.4,stop,-85.57,-0.283,0.224,0.523,0.79,0.362,10.33,Wed,3.811,-0.0012,0.333,0.907,0.757,long,
orb--NVDA--2026-09-02,2026-09-02,orb,NVDA,45,2026-09-02 10:00:38.566447-04:00,221.99,2026-09-02 11:49:13.279719-04:00,227.42,target,244.35,0.572,1.465,0.839,0.99,0.169,10.0,Wed,2.716,0.1559,-0.09,0.632,0.964,long,
vwap_pullback--NVDA--2026-09-02,2026-09-02,vwap_pullback,NVDA,44,2026-09-02 14:20:33.385337-04:00,224.75,2026-09-02 15:38:07.853573-04:00,223.74,stop,-44.44,0.572,2.726,0.146,0.67,0.399,14.33,Wed,1.655,0.0318,0.244,0.235,0.662,long,
ar_forecast--MSTR--2026-09-02,2026-09-02,ar_forecast,MSTR,81,2026-09-02 14:00:28.454201-04:00,123.08,2026-09-02 15:40:31.827341-04:00,122.42,eod,-53.46,-1.249,-0.219,0.213,0.31,0.372,14.0,Wed,3.059,-0.0162,-0.261,0.35,0.518,long,
ema_crossover--MSTR--2026-09-02,2026-09-02,ema_crossover,MSTR,81,2026-09-02 13:50:23.430977-04:00,122.98,2026-09-02 15:40:31.827341-04:00,122.42,eod,-45.36,-1.249,-0.3,0.134,0.6,0.333,13.83,Wed,3.114,-0.0191,-0.261,0.353,0.488,long,
ema_crossover--COIN--2026-09-02,2026-09-02,ema_crossover,COIN,56,2026-09-02 13:50:23.833775-04:00,176.77,2026-09-02 15:40:32.473208-04:00,176.23,eod,-30.24,-1.431,1.417,0.358,0.69,0.333,13.83,Wed,3.069,-0.0139,-0.03,0.329,0.708,long,
ema_crossover--AMD--2026-09-02,2026-09-02,ema_crossover,AMD,21,2026-09-02 11:30:28.329143-04:00,459.2,2026-09-02 15:40:33.353587-04:00,456.57,eod,-55.23,-0.283,0.164,0.354,0.64,0.468,11.5,Wed,3.129,0.0086,0.124,0.539,0.694,long,
ar_forecast--TSLA--2026-09-02,2026-09-02,ar_forecast,TSLA,28,2026-09-02 11:20:28.240458-04:00,354.83,2026-09-02 15:40:31.852771-04:00,353.85,eod,-27.44,1.261,-1.603,0.298,0.44,0.45,11.33,Wed,3.601,0.0257,0.356,0.654,0.459,long,
rsi2_reversion--COIN--2026-09-02,2026-09-02,rsi2_reversion,COIN,56,2026-09-02 11:10:31.568695-04:00,176.54,2026-09-02 15:40:32.473208-04:00,176.23,eod,-17.36,-1.431,1.285,0.245,0.48,0.404,11.17,Wed,4.466,0.0661,-0.01,0.762,0.674,long,
ar_forecast--NVDA--2026-09-02,2026-09-02,ar_forecast,NVDA,44,2026-09-02 11:10:35.243716-04:00,225.965228,2026-09-02 15:37:36.264117-04:00,223.75,stop,-97.47,0.572,3.282,1.537,1.24,0.404,11.17,Wed,1.991,0.1439,0.039,0.469,0.9,long,
ar_forecast--AMD--2026-09-02,2026-09-02,ar_forecast,AMD,21,2026-09-02 10:40:37.720930-04:00,460.3,2026-09-02 15:40:33.353587-04:00,456.57,eod,-78.33,-0.283,0.404,0.573,0.69,0.505,10.67,Wed,3.651,0.0545,0.221,0.794,0.806,long,
high_break_trail--NVDA--2026-09-02,2026-09-02,high_break_trail,NVDA,44,2026-09-02 10:40:36.146851-04:00,224.03,2026-09-02 15:40:31.494529-04:00,224.04,eod,0.44,0.572,2.397,1.122,1.01,0.505,10.67,Wed,1.883,0.1562,-0.104,0.504,0.967,long,
orb--COIN--2026-09-02,2026-09-02,orb,COIN,56,2026-09-02 10:00:38.220821-04:00,177.63,2026-09-02 15:40:32.473208-04:00,176.23,eod,-78.4,-1.431,1.91,1.487,0.52,0.169,10.0,Wed,6.779,0.4705,-0.353,1.187,0.871,long,
vwap_pullback--NVDA--2026-09-03,2026-09-03,vwap_pullback,NVDA,44,2026-09-03 11:20:32.003857-04:00,226.899318,2026-09-03 12:16:18.846366-04:00,228.06,target,51.07,0.722,0.389,-0.116,0.69,0.542,11.33,Thu,1.953,-0.0383,-0.141,0.505,0.498,long,
rsi2_reversion--PLTR--2026-09-03,2026-09-03,rsi2_reversion,PLTR,54,2026-09-03 10:40:24.203972-04:00,183.53,2026-09-03 10:57:44.843653-04:00,181.765741,stop,-95.27,1.705,6.487,1.024,0.46,0.039,10.67,Thu,4.926,0.2276,0.097,1.499,0.834,long,
ar_forecast--COIN--2026-09-03,2026-09-03,ar_forecast,COIN,52,2026-09-03 10:31:08.898215-04:00,190.94,2026-09-03 10:39:42.110483-04:00,188.96,stop,-102.96,3.701,5.214,2.352,0.93,0.0,10.5,Thu,5.024,0.1678,0.003,1.442,0.994,long,
vwap_pullback--COIN--2026-09-03,2026-09-03,vwap_pullback,COIN,53,2026-09-03 10:20:32.937356-04:00,187.89,2026-09-03 11:23:34.715092-04:00,192.1,target,223.13,3.701,3.533,0.961,0.46,0.125,10.33,Thu,5.207,0.1165,-0.015,1.545,0.861,long,
squeeze_breakout--MSTR--2026-09-03,2026-09-03,squeeze_breakout,MSTR,69,2026-09-03 15:20:32.197071-04:00,142.976377,2026-09-03 15:40:22.780535-04:00,143.119666,eod,9.89,3.891,11.67,4.39,0.99,0.688,15.33,Thu,3.544,0.1011,-0.122,0.428,0.973,long,
rsi2_reversion--MSTR--2026-09-03,2026-09-03,rsi2_reversion,MSTR,70,2026-09-03 14:30:40.262313-04:00,141.239428,2026-09-03 15:40:22.780535-04:00,143.119666,eod,131.62,3.891,10.313,3.485,0.54,0.776,14.5,Thu,3.71,0.1174,-0.108,0.446,0.946,long,
rsi2_reversion--NVDA--2026-09-03,2026-09-03,rsi2_reversion,NVDA,43,2026-09-03 14:30:37.042741-04:00,229.4,2026-09-03 15:40:25.024748-04:00,229.080279,eod,-13.75,0.722,1.495,0.668,0.4,0.776,14.5,Thu,1.658,0.0161,-0.039,0.25,0.823,long,
ar_forecast--NVDA--2026-09-03,2026-09-03,ar_forecast,NVDA,43,2026-09-03 14:20:19.543235-04:00,229.82,2026-09-03 15:40:25.024748-04:00,229.080279,eod,-31.81,0.722,1.681,0.867,0.87,0.762,14.33,Thu,1.675,0.0149,-0.035,0.257,0.897,long,
squeeze_breakout--PLTR--2026-09-03,2026-09-03,squeeze_breakout,PLTR,54,2026-09-03 14:10:27.649930-04:00,183.6,2026-09-03 14:23:05.268858-04:00,182.958149,stop,-34.66,1.705,6.527,0.821,0.2,0.77,14.17,Thu,3.144,0.0074,0.089,0.298,0.839,long,
high_break_trail--NVDA--2026-09-03,2026-09-03,high_break_trail,NVDA,43,2026-09-03 13:50:33.024565-04:00,229.4,2026-09-03 15:40:25.024748-04:00,229.080279,eod,-13.75,0.722,1.495,0.775,3.09,0.721,13.83,Thu,1.751,0.0068,-0.044,0.294,0.83,long,
news_momentum--NVDA--2026-09-03,2026-09-03,news_momentum,NVDA,43,2026-09-03 13:40:39.558740-04:00,229.385814,2026-09-03 15:40:25.024748-04:00,229.080279,eod,-13.14,0.722,1.489,0.854,1.78,0.672,13.67,Thu,1.752,0.0032,0.023,0.267,0.886,long,
rsi2_reversion--AMD--2026-09-03,2026-09-03,rsi2_reversion,AMD,21,2026-09-03 13:10:39.250490-04:00,457.25,2026-09-03 15:40:22.155144-04:00,455.713793,eod,-32.26,-0.789,1.005,1.318,0.45,0.591,13.17,Thu,2.47,0.0692,0.154,0.353,0.869,long,
rsi2_reversion--COIN--2026-09-03,2026-09-03,rsi2_reversion,COIN,51,2026-09-03 12:30:41.484165-04:00,193.21,2026-09-03 15:40:19.493299-04:00,192.67,eod,-27.54,3.701,6.465,2.128,0.52,0.594,12.5,Thu,4.469,0.1326,-0.067,0.736,0.822,long,
rsi2_reversion--TSLA--2026-09-03,2026-09-03,rsi2_reversion,TSLA,26,2026-09-03 12:30:43.168973-04:00,382.24,2026-09-03 15:40:23.324729-04:00,380.709743,eod,-39.79,2.5,4.461,1.438,0.34,0.594,12.5,Thu,3.095,0.078,0.116,0.488,0.901,long,
ar_forecast--PLTR--2026-09-03,2026-09-03,ar_forecast,PLTR,54,2026-09-03 11:10:27.105665-04:00,182.490185,2026-09-03 15:40:19.864764-04:00,183.46,eod,52.37,1.705,5.883,0.411,0.65,0.471,11.17,Thu,4.653,0.0554,0.186,1.142,0.76,long,
high_break_trail--TSLA--2026-09-03,2026-09-03,high_break_trail,TSLA,26,2026-09-03 11:10:27.123429-04:00,380.988462,2026-09-03 15:40:23.324729-04:00,380.709743,eod,-7.25,2.5,4.119,1.475,0.61,0.471,11.17,Thu,3.822,0.1196,0.143,0.934,0.959,long,
ar_forecast--AMD--2026-09-03,2026-09-03,ar_forecast,AMD,22,2026-09-03 11:00:41.329362-04:00,455.009091,2026-09-03 15:40:22.155144-04:00,455.713793,eod,15.5,-0.789,0.51,1.519,0.83,0.331,11.0,Thu,3.251,0.1008,0.347,0.981,0.939,long,
high_break_trail--AMD--2026-09-03,2026-09-03,high_break_trail,AMD,22,2026-09-03 11:00:39.794789-04:00,455.0,2026-09-03 15:40:22.155144-04:00,455.713793,eod,15.7,-0.789,0.508,1.517,0.83,0.331,11.0,Thu,3.251,0.1008,0.347,0.981,0.939,long,
orb--AMD--2026-09-03,2026-09-03,orb,AMD,22,2026-09-03 11:00:40.751123-04:00,455.0,2026-09-03 15:40:22.155144-04:00,455.713793,eod,15.7,-0.789,0.508,1.517,0.83,0.331,11.0,Thu,3.251,0.1008,0.347,0.981,0.939,long,
ar_forecast--MSTR--2026-09-03,2026-09-03,ar_forecast,MSTR,73,2026-09-03 10:31:11.849330-04:00,136.711918,2026-09-03 15:40:22.780535-04:00,143.119666,eod,467.77,3.891,6.777,3.306,0.78,0.0,10.5,Thu,4.181,0.3348,-0.084,1.468,0.967,long,
high_break_trail--MSTR--2026-09-03,2026-09-03,high_break_trail,MSTR,73,2026-09-03 10:31:08.662572-04:00,136.71,2026-09-03 15:40:22.780535-04:00,143.119666,eod,467.91,3.891,6.775,3.304,0.78,0.0,10.5,Thu,4.181,0.3348,-0.084,1.468,0.967,long,
high_break_trail--COIN--2026-09-03,2026-09-03,high_break_trail,COIN,52,2026-09-03 10:31:11.900527-04:00,190.926731,2026-09-03 15:40:19.493299-04:00,192.67,eod,90.65,3.701,5.207,2.345,0.93,0.0,10.5,Thu,5.024,0.1678,0.003,1.442,0.993,long,
orb--COIN--2026-09-03,2026-09-03,orb,COIN,52,2026-09-03 10:31:09.515956-04:00,190.876153,2026-09-03 15:40:19.493299-04:00,192.67,eod,93.28,3.701,5.179,2.318,0.93,0.0,10.5,Thu,5.024,0.1678,0.003,1.442,0.988,long,
orb--MSTR--2026-09-03,2026-09-03,orb,MSTR,74,2026-09-03 10:11:20.432667-04:00,133.7,2026-09-03 15:40:22.780535-04:00,143.119666,eod,697.06,3.891,4.425,1.79,0.7,0.06,10.17,Thu,4.54,0.2852,0.066,1.71,0.88,long,
gap_and_go--COIN--2026-09-03,2026-09-03,gap_and_go,COIN,53,2026-09-03 10:00:43.003838-04:00,185.91,2026-09-03 15:40:19.493299-04:00,192.67,eod,358.28,3.701,2.442,0.126,1.18,0.029,10.0,Thu,6.692,-0.0038,0.007,1.882,0.623,long,
orb--PLTR--2026-09-03,2026-09-03,orb,PLTR,54,2026-09-03 10:00:42.986833-04:00,183.38,2026-09-03 15:40:19.864764-04:00,183.46,eod,4.32,1.705,6.4,1.891,0.83,0.029,10.0,Thu,5.334,0.6079,-0.608,2.285,0.907,long,
orb--NVDA--2026-09-03,2026-09-03,orb,NVDA,43,2026-09-03 09:50:44.846412-04:00,229.033953,2026-09-03 15:40:25.024748-04:00,229.080279,eod,1.99,0.722,1.333,0.819,0.59,0.22,9.83,Thu,2.992,0.1437,-0.995,1.047,0.992,long,
orb--TSLA--2026-09-03,2026-09-03,orb,TSLA,26,2026-09-03 09:50:41.926521-04:00,377.863462,2026-09-03 15:40:23.324729-04:00,380.709743,eod,74.0,2.5,3.265,1.349,0.77,0.22,9.83,Thu,5.859,0.3675,-0.715,1.763,0.971,long,
vwap_pullback--COIN--2026-09-04,2026-09-04,vwap_pullback,COIN,53,2026-09-04 11:40:41.025238-04:00,186.23,2026-09-04 13:15:44.355297-04:00,184.5,stop,-91.69,-3.865,0.502,0.601,0.49,-0.261,11.67,Fri,3.601,-0.0004,-0.247,0.782,0.547,long,
vwap_pullback--MSTR--2026-09-04,2026-09-04,vwap_pullback,MSTR,71,2026-09-04 11:10:21.572587-04:00,140.230986,2026-09-04 12:40:26.076985-04:00,142.84,target,185.24,-5.261,2.194,0.555,0.37,-0.268,11.17,Fri,4.621,-0.022,-0.303,1.141,0.781,long,
vwap_pullback--AMD--2026-09-04,2026-09-04,vwap_pullback,AMD,21,2026-09-04 10:40:26.699044-04:00,470.59,2026-09-04 12:58:25.309692-04:00,477.11,target,136.92,1.262,1.859,0.503,0.45,-0.222,10.67,Fri,3.595,0.0386,-0.009,1.149,0.791,long,
squeeze_breakout--MSTR--2026-09-04,2026-09-04,squeeze_breakout,MSTR,70,2026-09-04 14:50:22.508871-04:00,142.881429,2026-09-04 15:18:36.755142-04:00,144.09,target,84.6,-5.261,4.126,1.759,0.38,-0.232,14.83,Fri,2.944,0.037,-0.259,0.33,0.902,long,
rsi2_reversion--MSTR--2026-09-04,2026-09-04,rsi2_reversion,MSTR,70,2026-09-04 13:20:37.573116-04:00,142.506286,2026-09-04 15:40:39.515962-04:00,142.926405,eod,29.41,-5.261,3.852,1.645,0.4,-0.25,13.33,Fri,3.307,0.0576,-0.251,0.452,0.844,long,
rsi2_reversion--AMD--2026-09-04,2026-09-04,rsi2_reversion,AMD,21,2026-09-04 13:20:37.073759-04:00,474.004762,2026-09-04 15:40:37.899048-04:00,473.56,eod,-9.34,1.262,2.598,0.82,0.43,-0.25,13.33,Fri,2.643,0.0346,-0.002,0.359,0.834,long,
high_break_trail--AMD--2026-09-04,2026-09-04,high_break_trail,AMD,21,2026-09-04 12:50:28.853541-04:00,476.378571,2026-09-04 14:04:11.945928-04:00,471.907619,stop,-93.89,1.262,3.112,1.409,0.8,-0.118,12.83,Fri,2.779,0.0328,-0.027,0.421,0.984,long,
high_break_trail--MSTR--2026-09-04,2026-09-04,high_break_trail,MSTR,70,2026-09-04 11:30:24.694661-04:00,141.18,2026-09-04 15:40:39.515962-04:00,142.926405,eod,122.25,-5.261,2.886,1.163,0.64,-0.359,11.5,Fri,4.253,0.0113,-0.284,0.958,0.943,long,
orb--MSTR--2026-09-04,2026-09-04,orb,MSTR,70,2026-09-04 11:30:26.197075-04:00,141.179429,2026-09-04 15:40:39.515962-04:00,142.926405,eod,122.29,-5.261,2.885,1.162,0.64,-0.359,11.5,Fri,4.253,0.0113,-0.284,0.958,0.943,long,
ema_crossover--COIN--2026-09-04,2026-09-04,ema_crossover,COIN,53,2026-09-04 11:30:26.585904-04:00,185.263208,2026-09-04 15:38:24.774948-04:00,183.77,stop,-79.14,-3.865,-0.02,0.112,1.23,-0.359,11.5,Fri,3.599,-0.019,-0.299,0.834,0.388,long,
ar_forecast--AMD--2026-09-04,2026-09-04,ar_forecast,AMD,21,2026-09-04 11:30:26.633536-04:00,469.84,2026-09-04 15:40:37.899048-04:00,473.56,eod,78.12,1.262,1.697,0.238,0.33,-0.359,11.5,Fri,3.261,0.022,0.047,0.733,0.744,long,
ar_forecast--COIN--2026-09-04,2026-09-04,ar_forecast,COIN,54,2026-09-04 11:20:39.512947-04:00,184.55,2026-09-04 15:40:37.892042-04:00,183.83,eod,-38.88,-3.865,-0.405,-0.27,0.31,-0.351,11.33,Fri,3.738,-0.0315,-0.317,0.906,0.272,long,
ar_forecast--MSTR--2026-09-04,2026-09-04,ar_forecast,MSTR,71,2026-09-04 11:10:21.674096-04:00,140.24,2026-09-04 15:40:39.515962-04:00,142.926405,eod,190.73,-5.261,2.201,0.561,0.37,-0.268,11.17,Fri,4.621,-0.022,-0.303,1.141,0.783,long,
orb--AMD--2026-09-04,2026-09-04,orb,AMD,21,2026-09-04 10:00:38.249572-04:00,470.897143,2026-09-04 15:40:37.899048-04:00,473.56,eod,55.92,1.262,1.926,0.857,0.81,-0.003,10.0,Fri,3.543,0.1557,0.088,1.632,0.988,long,
orb--NVDA--2026-09-04,2026-09-04,orb,NVDA,42,2026-09-04 09:50:25.438043-04:00,234.33,2026-09-04 15:30:14.529025-04:00,229.649762,stop,-196.57,1.201,1.379,0.721,0.68,0.049,9.83,Fri,2.558,0.2127,-0.752,1.004,0.944,long,
ema_crossover--MSTR--2026-09-08,2026-09-08,ema_crossover,MSTR,72,2026-09-08 12:40:33.913494-04:00,138.71,2026-09-08 13:20:54.640646-04:00,137.24,stop,-105.84,-3.55,0.796,0.796,0.29,-0.268,12.67,Tue,3.061,0.0136,-0.04,0.614,0.848,long,
ema_crossover--COIN--2026-09-08,2026-09-08,ema_crossover,COIN,55,2026-09-08 12:40:35.431550-04:00,181.7,2026-09-08 12:53:31.989995-04:00,180.25,stop,-79.75,-2.145,0.565,0.641,0.37,-0.268,12.67,Tue,2.368,0.0201,-0.073,0.413,0.86,long,
vwap_pullback--COIN--2026-09-08,2026-09-08,vwap_pullback,COIN,55,2026-09-08 11:10:37.039388-04:00,181.71,2026-09-08 13:22:47.725669-04:00,179.7,stop,-110.55,-2.145,0.57,0.789,0.68,-0.134,11.17,Tue,2.846,0.0395,-0.177,0.641,0.926,long,
vwap_pullback--MSTR--2026-09-08,2026-09-08,vwap_pullback,MSTR,72,2026-09-08 10:50:36.786255-04:00,138.207361,2026-09-08 13:23:25.984364-04:00,136.968333,stop,-89.21,-3.55,0.43,0.551,0.41,-0.189,10.83,Tue,3.761,0.0617,-0.296,1.149,0.72,long,
vwap_pullback--TSLA--2026-09-08,2026-09-08,vwap_pullback,TSLA,27,2026-09-08 10:10:28.037410-04:00,361.7,2026-09-08 11:26:47.451680-04:00,367.357778,target,152.76,0.938,1.24,0.511,0.87,-0.339,10.17,Tue,3.124,0.0839,0.538,1.231,0.861,long,
rsi2_reversion--TSLA--2026-09-08,2026-09-08,rsi2_reversion,TSLA,27,2026-09-08 13:00:30.815679-04:00,368.915926,2026-09-08 15:40:46.775894-04:00,367.78,eod,-30.67,0.938,3.26,1.462,0.63,-0.152,13.0,Tue,2.014,0.0661,0.097,0.387,0.923,long,
rsi2_reversion--AMD--2026-09-08,2026-09-08,rsi2_reversion,AMD,19,2026-09-08 12:30:37.772713-04:00,507.47,2026-09-08 15:40:48.412436-04:00,504.605789,eod,-54.42,2.394,3.803,1.558,0.58,-0.243,12.5,Tue,2.583,0.1155,0.071,0.422,0.871,long,
ar_forecast--MSTR--2026-09-08,2026-09-08,ar_forecast,MSTR,72,2026-09-08 11:20:44.665858-04:00,137.86,2026-09-08 14:48:31.583741-04:00,136.513611,stop,-96.94,-3.55,0.178,0.26,0.38,-0.139,11.33,Tue,3.294,0.0291,-0.229,0.912,0.631,long,
ar_forecast--AMD--2026-09-08,2026-09-08,ar_forecast,AMD,19,2026-09-08 11:10:35.663080-04:00,506.009474,2026-09-08 15:40:48.412436-04:00,504.605789,eod,-26.67,2.394,3.504,1.997,0.97,-0.134,11.17,Tue,3.153,0.1323,0.062,0.72,0.923,long,
high_break_trail--AMD--2026-09-08,2026-09-08,high_break_trail,AMD,19,2026-09-08 11:00:43.177405-04:00,501.683684,2026-09-08 15:40:48.412436-04:00,504.605789,eod,55.52,2.394,2.619,1.342,0.95,-0.179,11.0,Tue,3.208,0.1086,0.018,0.765,0.88,long,
high_break_trail--TSLA--2026-09-08,2026-09-08,high_break_trail,TSLA,27,2026-09-08 11:00:42.116797-04:00,365.494815,2026-09-08 15:40:46.775894-04:00,367.78,eod,61.7,0.938,2.302,1.127,0.6,-0.179,11.0,Tue,2.533,0.1095,0.101,0.81,0.917,long,
ar_forecast--TSLA--2026-09-08,2026-09-08,ar_forecast,TSLA,27,2026-09-08 10:50:35.297108-04:00,363.652593,2026-09-08 15:40:46.775894-04:00,367.78,eod,111.44,0.938,1.786,0.708,0.5,-0.189,10.83,Tue,2.661,0.1115,0.082,0.891,0.843,long,
orb--AMD--2026-09-08,2026-09-08,orb,AMD,19,2026-09-08 10:30:27.244255-04:00,499.5,2026-09-08 15:40:48.412436-04:00,504.605789,eod,97.01,2.394,2.172,1.147,1.25,-0.269,10.5,Tue,3.603,0.0801,-0.076,0.983,0.924,long,
gap_and_go--AMD--2026-09-08,2026-09-08,gap_and_go,AMD,19,2026-09-08 10:30:27.633170-04:00,499.5,2026-09-08 15:40:48.412436-04:00,504.605789,eod,97.01,2.394,2.172,1.147,1.25,-0.269,10.5,Tue,3.603,0.0801,-0.076,0.983,0.924,long,
orb--TSLA--2026-09-08,2026-09-08,orb,TSLA,27,2026-09-08 10:30:30.695434-04:00,363.711481,2026-09-08 15:40:46.775894-04:00,367.78,eod,109.85,0.938,1.803,0.868,0.63,-0.269,10.5,Tue,3.014,0.1246,0.106,1.07,0.881,long,
orb--COIN--2026-09-08,2026-09-08,orb,COIN,55,2026-09-08 10:20:34.725975-04:00,181.91,2026-09-08 15:40:46.864415-04:00,179.3,eod,-143.55,-2.145,0.681,0.983,0.39,-0.256,10.33,Tue,2.644,0.1364,-0.34,0.861,0.981,long,
high_break_trail_tuned--AMD--2026-09-09,2026-09-09,high_break_trail_tuned,AMD,19,2026-09-09 12:00:30.496271-04:00,525.6,2026-09-09 12:29:33.790344-04:00,520.968421,stop,-88.0,0.413,3.542,1.098,0.64,-0.224,12.0,Wed,2.877,0.0266,0.216,0.563,0.942,long,
ar_forecast--COIN--2026-09-09,2026-09-09,ar_forecast,COIN,56,2026-09-09 11:10:35.040411-04:00,178.58,2026-09-09 11:22:14.558926-04:00,176.54,stop,-114.24,2.967,-3.098,-1.051,0.58,-0.321,11.17,Wed,3.697,-0.072,-0.207,0.873,0.164,long,
ar_forecast_tuned--MSTR--2026-09-09,2026-09-09,ar_forecast_tuned,MSTR,73,2026-09-09 11:00:35.372690-04:00,135.812466,2026-09-09 11:11:57.183331-04:00,134.07,stop,-127.2,4.006,-4.343,-1.409,0.5,-0.162,11.0,Wed,4.469,-0.1023,-0.078,1.238,0.157,long,
ar_forecast--TSLA--2026-09-09,2026-09-09,ar_forecast,TSLA,26,2026-09-09 11:00:35.000998-04:00,371.457692,2026-09-09 11:23:27.807529-04:00,367.607692,stop,-100.1,0.086,0.842,-0.173,0.54,-0.162,11.0,Wed,2.892,-0.0161,-0.171,0.916,0.477,long,
ema_crossover_tuned--TSLA--2026-09-09,2026-09-09,ema_crossover_tuned,TSLA,26,2026-09-09 10:50:29.313763-04:00,373.49,2026-09-09 11:05:54.425724-04:00,369.66,stop,-99.58,0.086,1.394,0.356,0.81,-0.056,10.83,Wed,2.805,-0.006,-0.332,0.966,0.744,long,
vwap_pullback_tuned--TSLA--2026-09-09,2026-09-09,vwap_pullback_tuned,TSLA,26,2026-09-09 10:50:29.803042-04:00,373.49,2026-09-09 11:04:48.482026-04:00,370.255769,stop,-84.09,0.086,1.394,0.356,0.81,-0.056,10.83,Wed,2.805,-0.006,-0.332,0.966,0.744,long,
vwap_pullback--TSLA--2026-09-09,2026-09-09,vwap_pullback,TSLA,26,2026-09-09 10:50:30.396482-04:00,373.484231,2026-09-09 11:01:42.497300-04:00,370.89,stop,-67.45,0.086,1.392,0.354,0.81,-0.056,10.83,Wed,2.805,-0.006,-0.332,0.966,0.743,long,
ar_forecast--MSTR--2026-09-09,2026-09-09,ar_forecast,MSTR,72,2026-09-09 10:40:58.942683-04:00,137.41,2026-09-09 10:43:28.055059-04:00,136.268334,stop,-82.2,4.006,-3.217,-0.501,0.39,-0.041,10.67,Wed,4.916,-0.0828,-0.012,1.399,0.315,long,
ar_forecast_tuned--PLTR--2026-09-09,2026-09-09,ar_forecast_tuned,PLTR,58,2026-09-09 10:40:58.487630-04:00,171.42,2026-09-09 11:05:53.330947-04:00,169.947414,stop,-85.41,0.608,0.055,0.797,1.54,-0.041,10.67,Wed,3.34,0.025,0.066,0.786,0.865,long,
ar_forecast--PLTR--2026-09-09,2026-09-09,ar_forecast,PLTR,58,2026-09-09 10:40:57.596666-04:00,171.42,2026-09-09 11:05:58.792088-04:00,169.957759,stop,-84.81,0.608,0.055,0.797,1.54,-0.041,10.67,Wed,3.34,0.025,0.066,0.786,0.865,long,
ema_crossover--AMD--2026-09-09,2026-09-09,ema_crossover,AMD,19,2026-09-09 13:50:34.879287-04:00,523.390526,2026-09-09 14:57:30.563918-04:00,521.226316,stop,-41.12,0.413,3.107,0.57,0.36,-0.106,13.83,Wed,2.4,0.0164,0.163,0.294,0.834,long,
ar_forecast_tuned--TSLA--2026-09-09,2026-09-09,ar_forecast_tuned,TSLA,27,2026-09-09 12:20:25.246083-04:00,369.98,2026-09-09 15:40:34.532028-04:00,369.101111,eod,-23.73,0.086,0.441,-0.353,0.48,-0.309,12.33,Wed,2.45,-0.0251,-0.099,0.496,0.333,long,
ar_forecast_tuned--AMD--2026-09-09,2026-09-09,ar_forecast_tuned,AMD,19,2026-09-09 12:00:32.529205-04:00,525.666316,2026-09-09 15:27:44.420479-04:00,520.200527,stop,-103.85,0.413,3.555,1.111,0.64,-0.224,12.0,Wed,2.877,0.0266,0.216,0.563,0.945,long,
rsi2_reversion_tuned--PLTR--2026-09-09,2026-09-09,rsi2_reversion_tuned,PLTR,58,2026-09-09 11:50:35.473129-04:00,170.5,2026-09-09 15:40:32.692245-04:00,170.1,eod,-23.2,0.608,-0.482,0.155,0.5,-0.2,11.83,Wed,2.728,0.0311,0.087,0.502,0.582,long,
ema_crossover_tuned--AMD--2026-09-09,2026-09-09,ema_crossover_tuned,AMD,19,2026-09-09 11:40:27.895225-04:00,521.52,2026-09-09 15:40:33.487674-04:00,519.57,eod,-37.05,0.413,2.738,0.405,1.39,-0.241,11.67,Wed,2.918,0.0149,0.21,0.646,0.742,long,
high_break_trail_tuned--PLTR--2026-09-09,2026-09-09,high_break_trail_tuned,PLTR,58,2026-09-09 10:40:59.299625-04:00,171.42,2026-09-09 15:40:32.692245-04:00,170.1,eod,-76.56,0.608,0.055,0.797,1.54,-0.041,10.67,Wed,3.34,0.025,0.066,0.786,0.865,long,
ema_crossover_tuned--PLTR--2026-09-09,2026-09-09,ema_crossover_tuned,PLTR,58,2026-09-09 10:40:59.124589-04:00,171.42,2026-09-09 15:40:32.692245-04:00,170.1,eod,-76.56,0.608,0.055,0.797,1.54,-0.041,10.67,Wed,3.34,0.025,0.066,0.786,0.865,long,
vwap_pullback_tuned--PLTR--2026-09-09,2026-09-09,vwap_pullback_tuned,PLTR,58,2026-09-09 10:40:59.339930-04:00,171.42,2026-09-09 15:40:32.692245-04:00,170.1,eod,-76.56,0.608,0.055,0.797,1.54,-0.041,10.67,Wed,3.34,0.025,0.066,0.786,0.865,long,
orb_tuned--PLTR--2026-09-09,2026-09-09,orb_tuned,PLTR,58,2026-09-09 10:40:59.302744-04:00,171.42,2026-09-09 15:40:32.692245-04:00,170.1,eod,-76.56,0.608,0.055,0.797,1.54,-0.041,10.67,Wed,3.34,0.025,0.066,0.786,0.865,long,
high_break_trail--PLTR--2026-09-09,2026-09-09,high_break_trail,PLTR,58,2026-09-09 10:40:57.548005-04:00,171.42,2026-09-09 15:40:32.692245-04:00,170.1,eod,-76.56,0.608,0.055,0.797,1.54,-0.041,10.67,Wed,3.34,0.025,0.066,0.786,0.865,long,
vwap_pullback--PLTR--2026-09-09,2026-09-09,vwap_pullback,PLTR,58,2026-09-09 10:40:57.646508-04:00,171.42,2026-09-09 15:40:32.692245-04:00,170.1,eod,-76.56,0.608,0.055,0.797,1.54,-0.041,10.67,Wed,3.34,0.025,0.066,0.786,0.865,long,
orb--PLTR--2026-09-09,2026-09-09,orb,PLTR,58,2026-09-09 10:40:59.356282-04:00,171.42,2026-09-09 15:40:32.692245-04:00,170.1,eod,-76.56,0.608,0.055,0.797,1.54,-0.041,10.67,Wed,3.34,0.025,0.066,0.786,0.865,long,
ar_forecast--AMD--2026-09-09,2026-09-09,ar_forecast,AMD,19,2026-09-09 10:40:58.687928-04:00,521.5,2026-09-09 15:40:33.487674-04:00,519.57,eod,-36.67,0.413,2.734,0.496,0.33,-0.041,10.67,Wed,2.934,0.071,0.519,0.905,0.741,long,
vwap_pullback_tuned--AMD--2026-09-09,2026-09-09,vwap_pullback_tuned,AMD,19,2026-09-09 10:30:44.500113-04:00,521.0,2026-09-09 15:40:33.487674-04:00,519.57,eod,-27.17,0.413,2.636,0.421,0.42,-0.077,10.5,Wed,3.159,0.0913,0.52,1.002,0.717,long,
vwap_pullback--AMD--2026-09-09,2026-09-09,vwap_pullback,AMD,19,2026-09-09 10:30:44.510605-04:00,521.0,2026-09-09 15:40:33.487674-04:00,519.57,eod,-27.17,0.413,2.636,0.421,0.42,-0.077,10.5,Wed,3.159,0.0913,0.52,1.002,0.717,long,
rsi2_reversion_tuned--AMD--2026-09-09,2026-09-09,rsi2_reversion_tuned,AMD,19,2026-09-09 10:20:25.579118-04:00,519.82,2026-09-09 15:40:33.487674-04:00,519.57,eod,-4.75,0.413,2.403,0.223,0.61,-0.205,10.33,Wed,3.477,0.1246,0.529,1.121,0.659,long,
rsi2_reversion--AMD--2026-09-09,2026-09-09,rsi2_reversion,AMD,19,2026-09-09 10:20:26.432596-04:00,519.870526,2026-09-09 15:40:33.487674-04:00,519.57,eod,-5.71,0.413,2.413,0.233,0.61,-0.205,10.33,Wed,3.477,0.1246,0.529,1.121,0.661,long,
orb--AMD--2026-09-09,2026-09-09,orb,AMD,19,2026-09-09 09:50:27.948895-04:00,520.131053,2026-09-09 15:40:33.487674-04:00,519.57,eod,-10.66,0.413,2.465,0.819,0.9,-0.039,9.83,Wed,3.092,0.431,0.163,1.429,0.768,long,
vwap_pullback--AMD--2026-09-10,2026-09-10,vwap_pullback,AMD,19,2026-09-10 11:10:36.109874-04:00,509.315789,2026-09-10 12:12:05.825443-04:00,504.61,target,89.41,-2.376,0.121,0.064,0.37,0.136,11.17,Thu,2.946,0.012,-0.239,0.713,0.43,short,
ar_forecast_tuned--MSTR--2026-09-10,2026-09-10,ar_forecast_tuned,MSTR,76,2026-09-10 10:40:36.714656-04:00,130.8425,2026-09-10 12:07:56.583320-04:00,129.5,stop,-102.03,-3.504,2.189,1.146,0.46,0.108,10.67,Thu,4.59,0.0779,-0.456,1.08,0.821,long,
high_break_trail_tuned--PLTR--2026-09-10,2026-09-10,high_break_trail_tuned,PLTR,59,2026-09-10 10:40:35.250607-04:00,168.791865,2026-09-10 11:07:12.124412-04:00,166.87,stop,-113.39,-1.268,0.856,1.103,0.65,0.108,10.67,Thu,4.374,0.0842,-0.484,0.695,0.953,long,
high_break_trail--PLTR--2026-09-10,2026-09-10,high_break_trail,PLTR,59,2026-09-10 10:40:33.397619-04:00,168.78,2026-09-10 13:03:46.863222-04:00,166.32,stop,-145.14,-1.268,0.848,1.096,0.65,0.108,10.67,Thu,4.374,0.0842,-0.484,0.695,0.951,long,
vwap_pullback_tuned--TSLA--2026-09-10,2026-09-10,vwap_pullback_tuned,TSLA,27,2026-09-10 14:40:38.270394-04:00,365.967778,2026-09-10 15:38:42.917555-04:00,363.63,stop,-63.12,-2.012,1.545,0.13,0.37,-0.028,14.67,Thu,2.051,0.0004,0.062,0.211,0.719,long,
vwap_pullback--TSLA--2026-09-10,2026-09-10,vwap_pullback,TSLA,27,2026-09-10 14:40:36.335390-04:00,365.97,2026-09-10 15:18:03.899915-04:00,364.3,stop,-45.09,-2.012,1.546,0.131,0.37,-0.028,14.67,Thu,2.051,0.0004,0.062,0.211,0.719,long,
ar_forecast--MSTR--2026-09-10,2026-09-10,ar_forecast,MSTR,77,2026-09-10 12:20:23.266231-04:00,129.25,2026-09-10 15:40:56.496891-04:00,129.31,eod,4.62,-3.504,0.945,-0.289,0.87,0.003,12.33,Thu,3.461,-0.0024,-0.246,0.582,0.471,long,
ema_crossover_tuned--NVDA--2026-09-10,2026-09-10,ema_crossover_tuned,NVDA,45,2026-09-10 12:20:25.894888-04:00,218.294888,2026-09-10 15:40:56.793057-04:00,218.47,eod,-7.88,-1.437,-0.993,-0.119,0.6,0.003,12.33,Thu,1.476,0.0046,-0.194,0.293,0.289,short,
ar_forecast--COIN--2026-09-10,2026-09-10,ar_forecast,COIN,58,2026-09-10 12:10:23.647652-04:00,171.85,2026-09-10 15:40:56.673817-04:00,173.27,eod,82.36,-2.215,0.591,-0.289,0.81,0.009,12.17,Thu,2.347,0.014,0.025,0.466,0.359,long,
ar_forecast--PLTR--2026-09-10,2026-09-10,ar_forecast,PLTR,59,2026-09-10 11:10:37.069687-04:00,167.1,2026-09-10 15:40:58.931637-04:00,165.93,eod,-69.03,-1.268,-0.155,0.012,1.14,0.136,11.17,Thu,3.918,0.039,-0.329,0.585,0.573,long,
vwap_pullback_tuned--AMD--2026-09-10,2026-09-10,vwap_pullback_tuned,AMD,19,2026-09-10 11:10:36.554824-04:00,509.295789,2026-09-10 15:40:57.754672-04:00,505.27,eod,76.49,-2.376,0.117,0.06,0.37,0.136,11.17,Thu,2.946,0.012,-0.239,0.713,0.428,short,
vwap_pullback_tuned--NVDA--2026-09-10,2026-09-10,vwap_pullback_tuned,NVDA,45,2026-09-10 10:50:29.868245-04:00,217.867555,2026-09-10 15:40:56.793057-04:00,218.47,eod,-27.11,-1.437,-1.187,-0.335,0.58,0.149,10.83,Thu,1.994,-0.0107,-0.279,0.554,0.176,short,
vwap_pullback--NVDA--2026-09-10,2026-09-10,vwap_pullback,NVDA,45,2026-09-10 10:50:26.973249-04:00,217.87,2026-09-10 15:40:56.793057-04:00,218.47,eod,-27.0,-1.437,-1.186,-0.334,0.58,0.149,10.83,Thu,1.994,-0.0107,-0.279,0.554,0.177,short,
high_break_trail_tuned--MSTR--2026-09-10,2026-09-10,high_break_trail_tuned,MSTR,76,2026-09-10 10:40:33.889213-04:00,130.9,2026-09-10 15:40:56.496891-04:00,129.31,eod,-120.84,-3.504,2.234,1.191,0.46,0.108,10.67,Thu,4.59,0.0779,-0.456,1.08,0.833,long,
orb_tuned--MSTR--2026-09-10,2026-09-10,orb_tuned,MSTR,76,2026-09-10 10:40:35.585193-04:00,130.898553,2026-09-10 15:40:56.496891-04:00,129.31,eod,-120.73,-3.504,2.232,1.19,0.46,0.108,10.67,Thu,4.59,0.0779,-0.456,1.08,0.833,long,
orb_tuned--PLTR--2026-09-10,2026-09-10,orb_tuned,PLTR,59,2026-09-10 10:40:34.987536-04:00,168.784746,2026-09-10 15:40:58.931637-04:00,165.93,eod,-168.43,-1.268,0.851,1.099,0.65,0.108,10.67,Thu,4.374,0.0842,-0.484,0.695,0.952,long,
ar_forecast--TSLA--2026-09-10,2026-09-10,ar_forecast,TSLA,27,2026-09-10 10:40:34.572738-04:00,368.185556,2026-09-10 14:06:30.891318-04:00,364.902963,stop,-88.63,-2.012,2.16,0.954,0.69,0.108,10.67,Thu,3.194,0.1006,0.222,0.781,0.911,long,
rsi2_reversion_tuned--MSTR--2026-09-10,2026-09-10,rsi2_reversion_tuned,MSTR,77,2026-09-10 10:20:42.191671-04:00,129.848312,2026-09-10 15:40:56.496891-04:00,129.31,eod,-41.45,-3.504,1.412,0.502,0.57,0.182,10.33,Thu,5.386,0.1009,-0.441,1.288,0.613,long,
high_break_trail_tuned--COIN--2026-09-10,2026-09-10,high_break_trail_tuned,COIN,57,2026-09-10 10:10:22.515429-04:00,173.07,2026-09-10 15:40:56.673817-04:00,173.27,eod,11.4,-2.215,1.305,0.705,0.61,-0.08,10.17,Thu,2.371,0.1672,-0.128,0.865,0.658,long,
orb_tuned--COIN--2026-09-10,2026-09-10,orb_tuned,COIN,57,2026-09-10 10:10:23.640090-04:00,173.07,2026-09-10 15:40:56.673817-04:00,173.27,eod,11.4,-2.215,1.305,0.705,0.61,-0.08,10.17,Thu,2.371,0.1672,-0.128,0.865,0.658,long,
high_break_trail_tuned--TSLA--2026-09-10,2026-09-10,high_break_trail_tuned,TSLA,27,2026-09-10 10:10:23.376598-04:00,367.174074,2026-09-10 15:41:01.242341-04:00,363.589753,eod,-96.78,-2.012,1.88,0.87,0.83,-0.08,10.17,Thu,3.986,0.1933,0.328,0.992,0.823,long,
orb_tuned--TSLA--2026-09-10,2026-09-10,orb_tuned,TSLA,27,2026-09-10 10:10:21.258605-04:00,366.91,2026-09-10 15:41:01.242341-04:00,363.589753,eod,-89.65,-2.012,1.806,0.797,0.83,-0.08,10.17,Thu,3.986,0.1933,0.328,0.992,0.801,long,
orb--MSTR--2026-09-10,2026-09-10,orb,MSTR,76,2026-09-10 10:00:47.826347-04:00,131.21,2026-09-10 15:40:56.496891-04:00,129.31,eod,-144.4,-3.504,2.476,1.74,0.26,-0.099,10.0,Thu,4.335,0.297,-0.775,1.413,0.898,long,
orb--COIN--2026-09-10,2026-09-10,orb,COIN,57,2026-09-10 10:00:47.782265-04:00,173.55,2026-09-10 15:40:56.673817-04:00,173.27,eod,-15.96,-2.215,1.586,1.089,0.44,-0.099,10.0,Thu,2.067,0.1987,0.231,0.934,0.776,long,
orb--PLTR--2026-09-10,2026-09-10,orb,PLTR,59,2026-09-10 10:00:49.596487-04:00,168.01,2026-09-10 15:40:58.931637-04:00,165.93,eod,-122.72,-1.268,0.388,0.848,0.3,-0.099,10.0,Thu,5.717,0.2317,-0.527,0.842,0.842,long,
orb--TSLA--2026-09-10,2026-09-10,orb,TSLA,27,2026-09-10 10:00:48.662513-04:00,367.354445,2026-09-10 15:41:01.242341-04:00,363.589753,eod,-101.65,-2.012,1.93,1.061,0.54,-0.099,10.0,Thu,3.17,0.3191,0.307,1.009,0.839,long,
orb--AMD--2026-09-10,2026-09-10,orb,AMD,19,2026-09-10 09:51:20.085816-04:00,507.371579,2026-09-10 15:40:57.754672-04:00,505.27,eod,39.93,-2.376,-0.261,-0.545,0.49,-0.094,9.83,Thu,4.725,-0.1165,-0.686,1.424,0.143,short,
orb--NVDA--2026-09-10,2026-09-10,orb,NVDA,45,2026-09-10 09:51:18.122707-04:00,217.97,2026-09-10 15:40:56.793057-04:00,218.47,eod,-22.5,-1.437,-1.141,-0.465,0.52,-0.094,9.83,Thu,2.843,-0.13,-0.99,0.984,0.127,short,
ema_crossover_tuned--TSLA--2026-09-11,2026-09-11,ema_crossover_tuned,TSLA,27,2026-09-11 13:00:36.375004-04:00,365.17,2026-09-11 13:29:38.492099-04:00,365.96,stop,-21.33,0.146,0.283,-0.108,0.42,0.119,13.0,Fri,2.897,-0.0076,-0.477,0.33,0.506,short,-31.22
rsi2_reversion_tuned--AMD--2026-09-11,2026-09-11,rsi2_reversion_tuned,AMD,19,2026-09-11 12:21:05.644920-04:00,513.974211,2026-09-11 12:40:03.063812-04:00,511.370526,stop,-49.47,1.53,0.546,0.118,0.36,0.084,12.33,Fri,3.714,0.0159,0.029,0.498,0.64,long,-5.18
ar_forecast_tuned--MSTR--2026-09-11,2026-09-11,ar_forecast_tuned,MSTR,74,2026-09-11 10:40:40.993269-04:00,134.65,2026-09-11 11:55:50.004526-04:00,133.04,stop,-119.14,1.477,3.156,0.577,0.56,-0.088,10.67,Fri,7.563,0.2351,0.258,1.176,0.624,long,-11.34
rsi2_reversion_tuned--MSTR--2026-09-11,2026-09-11,rsi2_reversion_tuned,MSTR,74,2026-09-11 10:40:40.903206-04:00,134.65,2026-09-11 11:54:01.708713-04:00,133.65108,stop,-73.92,1.477,3.156,0.577,0.56,-0.088,10.67,Fri,7.563,0.2351,0.258,1.176,0.624,long,0.27
ar_forecast_regime--MSTR--2026-09-11,2026-09-11,ar_forecast_regime,MSTR,74,2026-09-11 10:40:40.750290-04:00,134.65,2026-09-11 11:55:49.993040-04:00,133.04,stop,-119.14,1.477,3.156,0.577,0.56,-0.088,10.67,Fri,7.563,0.2351,0.258,1.176,0.624,long,-11.34
ar_forecast--MSTR--2026-09-11,2026-09-11,ar_forecast,MSTR,74,2026-09-11 10:40:40.007870-04:00,134.65,2026-09-11 11:55:51.054334-04:00,133.03,stop,-119.88,1.477,3.156,0.577,0.56,-0.088,10.67,Fri,7.563,0.2351,0.258,1.176,0.624,long,-11.34
rsi2_reversion_regime--MSTR--2026-09-11,2026-09-11,rsi2_reversion_regime,MSTR,74,2026-09-11 10:40:40.756871-04:00,134.65,2026-09-11 11:55:49.436616-04:00,133.06,stop,-117.66,1.477,3.156,0.577,0.56,-0.088,10.67,Fri,7.563,0.2351,0.258,1.176,0.624,long,0.27
rsi2_reversion--MSTR--2026-09-11,2026-09-11,rsi2_reversion,MSTR,74,2026-09-11 10:40:39.495586-04:00,134.65,2026-09-11 11:55:49.389936-04:00,133.06,stop,-117.66,1.477,3.156,0.577,0.56,-0.088,10.67,Fri,7.563,0.2351,0.258,1.176,0.624,long,0.27
rsi2_reversion_tuned--COIN--2026-09-11,2026-09-11,rsi2_reversion_tuned,COIN,55,2026-09-11 10:40:41.425240-04:00,180.526364,2026-09-11 11:52:21.326501-04:00,178.68,stop,-101.55,1.057,3.721,1.467,0.37,-0.088,10.67,Fri,5.813,0.2681,0.027,0.948,0.854,long,18.58
ar_forecast_tuned--AMD--2026-09-11,2026-09-11,ar_forecast_tuned,AMD,19,2026-09-11 10:40:38.779853-04:00,516.54,2026-09-11 10:47:43.006734-04:00,511.114737,stop,-103.08,1.53,1.048,0.731,0.52,-0.088,10.67,Fri,5.39,0.1168,0.034,1.044,0.771,long,-6.23
high_break_trail_tuned--AMD--2026-09-11,2026-09-11,high_break_trail_tuned,AMD,19,2026-09-11 10:30:53.862704-04:00,519.45,2026-09-11 10:46:50.724431-04:00,511.45,stop,-152.0,1.53,1.617,1.346,0.82,0.001,10.5,Fri,5.276,0.1655,-0.14,1.082,0.918,long,-37.64
high_break_trail_tuned--MSTR--2026-09-11,2026-09-11,high_break_trail_tuned,MSTR,73,2026-09-11 10:21:16.800036-04:00,136.892328,2026-09-11 10:38:37.534630-04:00,134.2,stop,-196.54,1.477,4.874,2.375,0.61,0.136,10.33,Fri,8.186,0.537,0.057,1.304,0.884,long,4.12
rsi2_reversion_tuned--PLTR--2026-09-11,2026-09-11,rsi2_reversion_tuned,PLTR,59,2026-09-11 10:21:16.074673-04:00,167.22,2026-09-11 10:38:38.742986-04:00,166.486949,stop,-43.25,1.29,-0.464,-0.045,0.76,0.136,10.33,Fri,3.793,0.0568,0.061,0.894,0.54,long,-2.47
rsi2_reversion_regime--PLTR--2026-09-11,2026-09-11,rsi2_reversion_regime,PLTR,59,2026-09-11 10:21:14.260644-04:00,167.22,2026-09-11 10:58:20.544161-04:00,165.63,stop,-93.81,1.29,-0.464,-0.045,0.76,0.136,10.33,Fri,3.793,0.0568,0.061,0.894,0.54,long,-2.47
rsi2_reversion--PLTR--2026-09-11,2026-09-11,rsi2_reversion,PLTR,59,2026-09-11 10:21:15.174754-04:00,167.22,2026-09-11 10:58:21.323267-04:00,165.63,stop,-93.81,1.29,-0.464,-0.045,0.76,0.136,10.33,Fri,3.793,0.0568,0.061,0.894,0.54,long,-2.47
high_break_trail_tuned--COIN--2026-09-11,2026-09-11,high_break_trail_tuned,COIN,55,2026-09-11 10:10:29.788473-04:00,181.41,2026-09-11 11:53:46.472407-04:00,178.24,stop,-174.35,1.057,4.229,2.392,0.92,0.024,10.17,Fri,6.418,0.6163,-0.307,1.119,0.955,long,-20.73
orb--PLTR--2026-09-11,2026-09-11,orb,PLTR,59,2026-09-11 10:00:56.046392-04:00,168.387627,2026-09-11 10:58:44.569892-04:00,165.55,stop,-167.42,1.29,0.231,0.704,0.56,0.095,10.0,Fri,4.501,0.2224,-0.243,1.016,0.926,long,-17.46
orb--NVDA--2026-09-11,2026-09-11,orb,NVDA,45,2026-09-11 10:00:55.221801-04:00,221.469556,2026-09-11 12:31:14.372497-04:00,219.078667,stop,-107.59,1.314,0.099,0.497,0.75,0.095,10.0,Fri,2.431,0.1653,-0.423,0.795,0.821,long,-13.63
squeeze_breakout_tuned--NVDA--2026-09-11,2026-09-11,squeeze_breakout_tuned,NVDA,45,2026-09-11 15:10:32.065541-04:00,218.861556,2026-09-11 15:40:24.900406-04:00,218.62,eod,10.87,1.314,-1.08,-0.53,0.86,0.024,15.17,Fri,1.3,-0.0111,-0.077,0.141,0.063,short,-35.27
ema_crossover--NVDA--2026-09-11,2026-09-11,ema_crossover,NVDA,45,2026-09-11 15:10:32.054896-04:00,218.860222,2026-09-11 15:40:24.900406-04:00,218.62,eod,10.81,1.314,-1.08,-0.531,0.86,0.024,15.17,Fri,1.3,-0.0111,-0.077,0.141,0.063,short,-29.39
vwap_pullback_tuned--NVDA--2026-09-11,2026-09-11,vwap_pullback_tuned,NVDA,45,2026-09-11 14:50:40.047909-04:00,219.367333,2026-09-11 15:40:24.900406-04:00,218.62,eod,33.63,1.314,-0.851,-0.317,0.44,0.044,14.83,Fri,1.319,-0.0117,-0.068,0.139,0.214,short,-35.83
vwap_pullback--NVDA--2026-09-11,2026-09-11,vwap_pullback,NVDA,45,2026-09-11 14:50:36.780441-04:00,219.36,2026-09-11 15:40:24.900406-04:00,218.62,eod,33.3,1.314,-0.854,-0.321,0.44,0.044,14.83,Fri,1.319,-0.0117,-0.068,0.139,0.212,short,-35.83
rsi2_reversion--NVDA--2026-09-11,2026-09-11,rsi2_reversion,NVDA,45,2026-09-11 14:30:31.298038-04:00,219.611556,2026-09-11 15:40:24.900406-04:00,218.62,eod,44.62,1.314,-0.741,-0.214,0.54,0.095,14.5,Fri,1.352,-0.0135,-0.066,0.14,0.287,short,-3.49
rsi2_reversion_tuned--NVDA--2026-09-11,2026-09-11,rsi2_reversion_tuned,NVDA,45,2026-09-11 14:20:36.754200-04:00,219.222,2026-09-11 15:40:24.900406-04:00,218.62,eod,27.09,1.314,-0.917,-0.396,0.39,0.081,14.33,Fri,1.356,-0.0148,-0.079,0.137,0.171,short,-3.15
ema_crossover_tuned--NVDA--2026-09-11,2026-09-11,ema_crossover_tuned,NVDA,45,2026-09-11 14:00:42.903429-04:00,219.09,2026-09-11 14:25:46.499562-04:00,219.44,stop,-15.75,1.314,-0.976,-0.465,0.28,0.149,14.0,Fri,1.404,-0.0163,-0.081,0.15,0.131,short,-28.64
ema_crossover--TSLA--2026-09-11,2026-09-11,ema_crossover,TSLA,27,2026-09-11 14:00:46.688441-04:00,365.033704,2026-09-11 15:40:24.757068-04:00,365.11,eod,-2.06,0.146,0.245,-0.145,0.47,0.149,14.0,Fri,2.582,-0.0041,-0.467,0.234,0.486,short,-29.26
ema_crossover--AMD--2026-09-11,2026-09-11,ema_crossover,AMD,19,2026-09-11 13:30:45.693078-04:00,516.0,2026-09-11 15:40:25.532987-04:00,515.86,eod,-2.66,1.53,0.942,0.507,0.74,0.165,13.5,Fri,3.266,0.0017,0.015,0.361,0.743,long,-30.52
rsi2_reversion_tuned--TSLA--2026-09-11,2026-09-11,rsi2_reversion_tuned,TSLA,27,2026-09-11 13:20:25.760215-04:00,365.73,2026-09-11 15:40:24.757068-04:00,365.11,eod,16.74,0.146,0.437,0.047,0.49,0.199,13.33,Fri,2.774,-0.0063,-0.473,0.286,0.585,short,1.75
ema_crossover_tuned--PLTR--2026-09-11,2026-09-11,ema_crossover_tuned,PLTR,60,2026-09-11 12:40:26.718871-04:00,166.46,2026-09-11 14:09:57.687400-04:00,167.32,stop,-51.6,1.29,-0.917,-0.255,0.22,0.095,12.67,Fri,2.4,-0.0129,0.0,0.323,0.33,short,-29.68
high_break_trail_tuned--NVDA--2026-09-11,2026-09-11,high_break_trail_tuned,NVDA,45,2026-09-11 12:40:29.349021-04:00,218.69,2026-09-11 14:30:08.372756-04:00,219.577556,stop,-39.94,1.314,-1.157,-0.708,0.52,0.095,12.67,Fri,1.645,-0.0205,-0.063,0.245,0.012,short,-43.17
high_break_trail--NVDA--2026-09-11,2026-09-11,high_break_trail,NVDA,45,2026-09-11 12:40:27.250880-04:00,218.69,2026-09-11 14:33:58.093104-04:00,219.836222,stop,-51.58,1.314,-1.157,-0.708,0.52,0.095,12.67,Fri,1.645,-0.0205,-0.063,0.245,0.012,short,-43.17
vwap_pullback_tuned--PLTR--2026-09-11,2026-09-11,vwap_pullback_tuned,PLTR,60,2026-09-11 12:30:36.143601-04:00,166.358167,2026-09-11 15:01:07.036165-04:00,167.737499,stop,-82.76,1.29,-0.977,-0.318,0.28,0.112,12.5,Fri,2.461,-0.0139,0.009,0.349,0.298,short,-46.7
vwap_pullback--PLTR--2026-09-11,2026-09-11,vwap_pullback,PLTR,60,2026-09-11 12:30:37.999886-04:00,166.3495,2026-09-11 14:30:12.445039-04:00,167.42,stop,-64.23,1.29,-0.982,-0.323,0.28,0.112,12.5,Fri,2.461,-0.0139,0.009,0.349,0.296,short,-46.7
rsi2_reversion--AMD--2026-09-11,2026-09-11,rsi2_reversion,AMD,19,2026-09-11 12:21:04.454291-04:00,513.987368,2026-09-11 15:40:25.532987-04:00,515.86,eod,35.58,1.53,0.548,0.12,0.36,0.084,12.33,Fri,3.714,0.0159,0.029,0.498,0.641,long,-5.18
ar_forecast--PLTR--2026-09-11,2026-09-11,ar_forecast,PLTR,59,2026-09-11 12:10:33.804503-04:00,166.938474,2026-09-11 15:40:26.597380-04:00,167.64,eod,-41.39,1.29,-0.632,0.025,0.41,0.112,12.17,Fri,2.577,-0.0183,0.031,0.397,0.479,short,-10.91
ar_forecast_tuned--COIN--2026-09-11,2026-09-11,ar_forecast_tuned,COIN,56,2026-09-11 12:00:30.848966-04:00,178.4,2026-09-11 13:55:25.265060-04:00,176.023036,stop,-133.11,1.057,2.499,-0.105,0.74,0.186,12.0,Fri,4.811,0.0505,0.132,0.682,0.604,long,-3.43
ar_forecast--COIN--2026-09-11,2026-09-11,ar_forecast,COIN,56,2026-09-11 12:00:32.017162-04:00,178.4,2026-09-11 13:55:23.728026-04:00,176.03,stop,-132.72,1.057,2.499,-0.105,0.74,0.186,12.0,Fri,4.811,0.0505,0.132,0.682,0.604,long,-3.43
ar_forecast_tuned--PLTR--2026-09-11,2026-09-11,ar_forecast_tuned,PLTR,60,2026-09-11 12:00:30.271605-04:00,166.46,2026-09-11 15:40:26.597380-04:00,167.64,eod,-70.8,1.29,-0.917,-0.262,0.39,0.186,12.0,Fri,2.633,-0.0223,0.04,0.418,0.33,short,-8.13
ar_forecast--AMD--2026-09-11,2026-09-11,ar_forecast,AMD,19,2026-09-11 12:00:30.162163-04:00,515.78,2026-09-11 15:40:25.532987-04:00,515.86,eod,1.52,1.53,0.899,0.476,0.32,0.186,12.0,Fri,3.911,0.0255,0.018,0.578,0.732,long,-8.76
orb_tuned--AMD--2026-09-11,2026-09-11,orb_tuned,AMD,19,2026-09-11 10:30:55.225950-04:00,519.45,2026-09-11 15:40:25.532987-04:00,515.86,eod,-68.21,1.53,1.617,1.346,0.82,0.001,10.5,Fri,5.276,0.1655,-0.14,1.082,0.918,long,-29.9
orb_tuned--MSTR--2026-09-11,2026-09-11,orb_tuned,MSTR,73,2026-09-11 10:21:15.900045-04:00,136.90863,2026-09-11 15:40:24.998119-04:00,131.3,eod,-409.43,1.477,4.887,2.387,0.61,0.136,10.33,Fri,8.186,0.537,0.057,1.304,0.886,long,11.85
vwap_pullback_tuned--AMD--2026-09-11,2026-09-11,vwap_pullback_tuned,AMD,19,2026-09-11 10:21:15.410913-04:00,517.724211,2026-09-11 15:40:25.532987-04:00,515.86,eod,-35.42,1.53,1.279,1.207,0.58,0.136,10.33,Fri,5.6,0.1429,-0.076,1.15,0.868,long,-78.11
vwap_pullback--AMD--2026-09-11,2026-09-11,vwap_pullback,AMD,19,2026-09-11 10:21:14.371052-04:00,517.83,2026-09-11 15:40:25.532987-04:00,515.86,eod,-37.43,1.53,1.3,1.228,0.58,0.136,10.33,Fri,5.6,0.1429,-0.076,1.15,0.873,long,-78.11
orb_regime--MSTR--2026-09-11,2026-09-11,orb_regime,MSTR,73,2026-09-11 10:10:29.898031-04:00,135.98,2026-09-11 15:40:24.998119-04:00,131.3,eod,-341.64,1.477,4.175,1.925,0.85,0.024,10.17,Fri,8.374,0.7139,0.008,1.361,0.778,long,15.83
orb_tuned--COIN--2026-09-11,2026-09-11,orb_tuned,COIN,55,2026-09-11 10:10:31.952008-04:00,181.472,2026-09-11 15:40:25.375807-04:00,175.06,eod,-352.66,1.057,4.264,2.427,0.92,0.024,10.17,Fri,6.418,0.6163,-0.307,1.119,0.961,long,-20.49
orb_regime--COIN--2026-09-11,2026-09-11,orb_regime,COIN,55,2026-09-11 10:00:55.688557-04:00,179.44,2026-09-11 15:40:25.375807-04:00,175.06,eod,-240.9,1.057,3.097,1.782,0.94,0.095,10.0,Fri,7.026,0.6673,-0.387,1.119,0.743,long,19.14
orb--MSTR--2026-09-11,2026-09-11,orb,MSTR,75,2026-09-11 09:50:37.109207-04:00,133.27,2026-09-11 15:40:24.998119-04:00,131.3,eod,-147.75,1.477,2.099,1.581,0.52,0.054,9.83,Fri,5.122,0.7633,-0.358,1.306,0.764,long,44.08
orb--COIN--2026-09-11,2026-09-11,orb,COIN,56,2026-09-11 09:50:38.082868-04:00,176.4575,2026-09-11 15:40:25.375807-04:00,175.06,eod,-78.26,1.057,1.383,0.953,0.58,0.054,9.83,Fri,7.328,0.4103,-0.553,1.076,0.71,long,-17.74
orb_regime--AMD--2026-09-11,2026-09-11,orb_regime,AMD,19,2026-09-11 09:50:36.308753-04:00,514.86,2026-09-11 15:40:25.532987-04:00,515.86,eod,19.0,1.53,0.719,1.106,0.72,0.054,9.83,Fri,1.979,0.3657,-0.553,1.291,0.993,long,-5.11
orb--AMD--2026-09-11,2026-09-11,orb,AMD,19,2026-09-11 09:50:36.620611-04:00,514.89,2026-09-11 15:40:25.532987-04:00,515.86,eod,18.43,1.53,0.725,1.112,0.72,0.054,9.83,Fri,1.979,0.3657,-0.553,1.291,0.996,long,-5.11
vwap_pullback--COIN--2026-09-14,2026-09-14,vwap_pullback,COIN,53,2026-09-14 11:10:33.424974-04:00,187.760377,2026-09-14 12:21:36.756019-04:00,190.89,target,165.87,3.311,3.746,0.62,0.58,-0.049,11.17,Mon,5.527,-0.0159,-0.111,1.68,0.811,long,-74.4
ar_forecast_tuned--AMD--2026-09-14,2026-09-14,ar_forecast_tuned,AMD,20,2026-09-14 11:10:31.035168-04:00,485.36,2026-09-14 11:36:20.862897-04:00,490.26,stop,-98.0,-5.84,-0.158,-0.175,0.52,-0.049,11.17,Mon,3.708,-0.02,0.061,0.883,0.4,short,-16.44
ar_forecast--AMD--2026-09-14,2026-09-14,ar_forecast,AMD,20,2026-09-14 11:10:30.778989-04:00,485.36,2026-09-14 11:36:22.333621-04:00,490.26,stop,-98.0,-5.84,-0.158,-0.175,0.52,-0.049,11.17,Mon,3.708,-0.02,0.061,0.883,0.4,short,-16.44
ema_crossover_tuned--AMD--2026-09-14,2026-09-14,ema_crossover_tuned,AMD,20,2026-09-14 10:50:25.856726-04:00,483.775,2026-09-14 11:33:59.858313-04:00,489.52,stop,-114.9,-5.84,-0.484,-0.527,0.59,-0.103,10.83,Mon,3.967,-0.0084,0.143,1.009,0.274,short,-36.63
ar_forecast_tuned--PLTR--2026-09-14,2026-09-14,ar_forecast_tuned,PLTR,59,2026-09-14 10:40:39.528301-04:00,167.95,2026-09-14 10:59:08.856042-04:00,169.9,stop,-115.05,1.489,-1.031,-0.044,0.57,-0.042,10.67,Mon,3.479,0.0277,-0.224,0.9,0.405,short,-15.36
ar_forecast--PLTR--2026-09-14,2026-09-14,ar_forecast,PLTR,59,2026-09-14 10:40:40.269004-04:00,167.95,2026-09-14 10:58:37.984957-04:00,169.888644,stop,-114.38,1.489,-1.031,-0.044,0.57,-0.042,10.67,Mon,3.479,0.0277,-0.224,0.9,0.405,short,-15.36
vwap_pullback_tuned--AMD--2026-09-14,2026-09-14,vwap_pullback_tuned,AMD,20,2026-09-14 10:40:40.760701-04:00,483.758,2026-09-14 11:32:37.243492-04:00,488.87,stop,-102.24,-5.84,-0.488,-0.563,0.65,-0.042,10.67,Mon,4.245,0.0171,0.148,1.095,0.273,short,-84.81
vwap_pullback--AMD--2026-09-14,2026-09-14,vwap_pullback,AMD,20,2026-09-14 10:40:40.450346-04:00,483.652,2026-09-14 11:32:30.806247-04:00,488.1785,stop,-90.53,-5.84,-0.51,-0.585,0.65,-0.042,10.67,Mon,4.245,0.0171,0.148,1.095,0.264,short,-84.81
high_break_trail--COIN--2026-09-14,2026-09-14,high_break_trail,COIN,52,2026-09-14 12:30:39.072736-04:00,190.68,2026-09-14 15:40:46.077387-04:00,191.819472,eod,59.25,3.311,5.36,1.908,0.67,0.389,12.5,Mon,4.596,0.0436,-0.124,0.875,0.948,long,-30.27
squeeze_breakout--PLTR--2026-09-14,2026-09-14,squeeze_breakout,PLTR,57,2026-09-14 12:20:41.394908-04:00,173.4,2026-09-14 15:40:46.057068-04:00,174.01,eod,34.77,1.489,2.18,2.172,0.98,0.448,12.33,Mon,2.86,0.1095,-0.167,0.518,0.959,long,-43.64
high_break_trail_tuned--AMD--2026-09-14,2026-09-14,high_break_trail_tuned,AMD,20,2026-09-14 12:20:41.254510-04:00,492.72,2026-09-14 15:40:47.031809-04:00,495.046,eod,46.52,-5.84,1.356,1.153,0.78,0.448,12.33,Mon,3.326,0.0354,0.099,0.564,0.87,long,-52.04
high_break_trail--AMD--2026-09-14,2026-09-14,high_break_trail,AMD,20,2026-09-14 12:20:41.970312-04:00,492.72,2026-09-14 15:40:47.031809-04:00,495.046,eod,46.52,-5.84,1.356,1.153,0.78,0.448,12.33,Mon,3.326,0.0354,0.099,0.564,0.87,long,-52.04
high_break_trail_tuned--NVDA--2026-09-14,2026-09-14,high_break_trail_tuned,NVDA,47,2026-09-14 11:40:37.774694-04:00,211.881277,2026-09-14 15:40:47.421619-04:00,211.968617,eod,4.1,-3.263,0.38,0.648,0.53,0.407,11.67,Mon,1.924,0.0252,-0.128,0.376,0.903,long,-36.02
high_break_trail--NVDA--2026-09-14,2026-09-14,high_break_trail,NVDA,47,2026-09-14 11:40:35.451757-04:00,211.86,2026-09-14 15:40:47.421619-04:00,211.968617,eod,5.1,-3.263,0.37,0.638,0.53,0.407,11.67,Mon,1.924,0.0252,-0.128,0.376,0.896,long,-36.02
ar_forecast_tuned--TSLA--2026-09-14,2026-09-14,ar_forecast_tuned,TSLA,27,2026-09-14 11:40:35.588674-04:00,363.52,2026-09-14 15:40:47.871279-04:00,360.290556,eod,87.19,-1.51,0.992,0.693,0.92,0.407,11.67,Mon,2.868,-0.0099,-0.033,0.642,0.606,short,-3.06
ar_forecast--TSLA--2026-09-14,2026-09-14,ar_forecast,TSLA,27,2026-09-14 11:40:36.494217-04:00,363.52,2026-09-14 15:40:47.871279-04:00,360.290556,eod,87.19,-1.51,0.992,0.693,0.92,0.407,11.67,Mon,2.868,-0.0099,-0.033,0.642,0.606,short,-3.06
ema_crossover--COIN--2026-09-14,2026-09-14,ema_crossover,COIN,53,2026-09-14 11:20:39.417930-04:00,187.38,2026-09-14 15:40:46.077387-04:00,191.819472,eod,235.29,3.311,3.536,0.395,0.51,0.072,11.33,Mon,5.274,-0.0041,-0.116,1.552,0.769,long,-25.82
vwap_pullback_tuned--COIN--2026-09-14,2026-09-14,vwap_pullback_tuned,COIN,53,2026-09-14 11:10:31.712935-04:00,187.74,2026-09-14 15:40:46.077387-04:00,191.819472,eod,216.21,3.311,3.735,0.609,0.58,-0.049,11.17,Mon,5.527,-0.0159,-0.111,1.68,0.809,long,-74.4
high_break_trail_tuned--PLTR--2026-09-14,2026-09-14,high_break_trail_tuned,PLTR,58,2026-09-14 11:10:31.678313-04:00,170.42,2026-09-14 15:40:46.057068-04:00,174.01,eod,208.22,1.489,0.424,1.051,1.17,-0.049,11.17,Mon,3.167,0.0963,-0.106,0.78,0.753,long,-26.98
orb_tuned--PLTR--2026-09-14,2026-09-14,orb_tuned,PLTR,58,2026-09-14 11:10:30.404304-04:00,170.42,2026-09-14 15:40:46.057068-04:00,174.01,eod,208.22,1.489,0.424,1.051,1.17,-0.049,11.17,Mon,3.167,0.0963,-0.106,0.78,0.753,long,-22.02
high_break_trail--PLTR--2026-09-14,2026-09-14,high_break_trail,PLTR,58,2026-09-14 11:10:31.152699-04:00,170.42,2026-09-14 15:40:46.057068-04:00,174.01,eod,208.22,1.489,0.424,1.051,1.17,-0.049,11.17,Mon,3.167,0.0963,-0.106,0.78,0.753,long,-26.98
orb--PLTR--2026-09-14,2026-09-14,orb,PLTR,58,2026-09-14 11:10:30.982200-04:00,170.42,2026-09-14 15:40:46.057068-04:00,174.01,eod,208.22,1.489,0.424,1.051,1.17,-0.049,11.17,Mon,3.167,0.0963,-0.106,0.78,0.753,long,-22.02
vwap_pullback_tuned--MSTR--2026-09-14,2026-09-14,vwap_pullback_tuned,MSTR,73,2026-09-14 10:50:26.139726-04:00,135.7,2026-09-14 15:40:45.469402-04:00,136.52,eod,59.86,-0.069,3.683,1.217,0.49,-0.103,10.83,Mon,7.073,0.1042,-0.289,1.508,0.855,long,-73.98
vwap_pullback--MSTR--2026-09-14,2026-09-14,vwap_pullback,MSTR,73,2026-09-14 10:50:28.233834-04:00,135.693699,2026-09-14 15:40:45.469402-04:00,136.52,eod,60.32,-0.069,3.678,1.213,0.49,-0.103,10.83,Mon,7.073,0.1042,-0.289,1.508,0.854,long,-72.48
ar_forecast_tuned--COIN--2026-09-14,2026-09-14,ar_forecast_tuned,COIN,53,2026-09-14 10:50:25.585494-04:00,186.35,2026-09-14 15:40:46.077387-04:00,191.819472,eod,289.88,3.311,2.967,-0.108,0.32,-0.103,10.83,Mon,6.124,-0.0592,-0.134,2.059,0.653,long,-24.12
ar_forecast--COIN--2026-09-14,2026-09-14,ar_forecast,COIN,54,2026-09-14 10:40:39.458705-04:00,184.89,2026-09-14 15:40:46.077387-04:00,191.819472,eod,374.19,3.311,2.16,-0.899,0.35,-0.042,10.67,Mon,6.396,-0.0729,-0.196,2.326,0.489,long,-34.94
orb_tuned--TSLA--2026-09-14,2026-09-14,orb_tuned,TSLA,27,2026-09-14 10:20:29.601138-04:00,359.07,2026-09-14 15:40:47.871279-04:00,360.290556,eod,-32.96,-1.51,-0.244,-0.746,1.08,-0.024,10.33,Mon,3.597,-0.1373,-0.291,1.446,0.154,short,-31.59
orb--TSLA--2026-09-14,2026-09-14,orb,TSLA,27,2026-09-14 10:20:30.037488-04:00,359.09963,2026-09-14 15:40:47.871279-04:00,360.290556,eod,-32.16,-1.51,-0.236,-0.737,1.08,-0.024,10.33,Mon,3.597,-0.1373,-0.291,1.446,0.157,short,-31.59
orb_tuned--MSTR--2026-09-14,2026-09-14,orb_tuned,MSTR,74,2026-09-14 10:10:38.655307-04:00,135.55,2026-09-14 15:40:45.469402-04:00,136.52,eod,71.78,-0.069,3.568,1.456,0.52,0.19,10.17,Mon,7.928,0.2652,-0.322,2.048,0.857,long,-20.55
orb--MSTR--2026-09-14,2026-09-14,orb,MSTR,74,2026-09-14 10:10:38.481432-04:00,135.54,2026-09-14 15:40:45.469402-04:00,136.52,eod,72.52,-0.069,3.561,1.448,0.52,0.19,10.17,Mon,7.928,0.2652,-0.322,2.048,0.856,long,-20.55
high_break_trail_tuned--NVDA--2026-09-15,2026-09-15,high_break_trail_tuned,NVDA,47,2026-09-15 13:40:35.363604-04:00,211.610426,2026-09-15 14:04:44.749792-04:00,212.1,stop,-23.01,1.043,-0.694,-0.472,0.44,-0.393,13.67,Tue,0.889,-0.0167,-0.306,0.158,0.162,short,-27.42
vwap_pullback--TSLA--2026-09-15,2026-09-15,vwap_pullback,TSLA,27,2026-09-15 11:21:01.302063-04:00,360.5,2026-09-15 13:31:38.151869-04:00,357.75,stop,-74.25,-0.068,0.495,0.409,0.58,-0.351,11.33,Tue,3.909,-0.0094,-0.131,0.655,0.785,long,-76.8
vwap_pullback--PLTR--2026-09-15,2026-09-15,vwap_pullback,PLTR,58,2026-09-15 11:10:38.927441-04:00,172.225172,2026-09-15 12:32:41.788512-04:00,174.71,target,144.12,-1.774,1.169,0.516,0.72,-0.413,11.17,Tue,3.524,-0.0197,0.182,0.674,0.746,long,-76.8
ema_crossover_tuned--TSLA--2026-09-15,2026-09-15,ema_crossover_tuned,TSLA,27,2026-09-15 11:10:37.109013-04:00,359.609259,2026-09-15 13:36:08.897348-04:00,355.950741,stop,-98.78,-0.068,0.246,0.2,0.88,-0.413,11.17,Tue,4.033,-0.0277,-0.163,0.689,0.666,long,-31.03
high_break_trail_tuned--MSTR--2026-09-15,2026-09-15,high_break_trail_tuned,MSTR,77,2026-09-15 10:40:39.913284-04:00,129.05,2026-09-15 11:24:27.738320-04:00,131.929221,stop,-221.7,-3.842,-1.975,-1.419,1.07,-0.384,10.67,Tue,4.456,-0.0849,-0.421,1.296,0.066,short,-53.77
high_break_trail--MSTR--2026-09-15,2026-09-15,high_break_trail,MSTR,77,2026-09-15 10:40:41.059455-04:00,129.04987,2026-09-15 11:25:43.817984-04:00,132.76,stop,-285.68,-3.842,-1.975,-1.42,1.07,-0.384,10.67,Tue,4.456,-0.0849,-0.421,1.296,0.066,short,-53.77
high_break_trail_tuned--COIN--2026-09-15,2026-09-15,high_break_trail_tuned,COIN,56,2026-09-15 10:40:40.613278-04:00,176.71,2026-09-15 11:24:47.865175-04:00,180.36,stop,-204.4,-4.069,-3.764,-1.655,0.82,-0.384,10.67,Tue,2.735,-0.119,-0.555,1.278,0.019,short,-59.86
high_break_trail--COIN--2026-09-15,2026-09-15,high_break_trail,COIN,56,2026-09-15 10:40:39.137421-04:00,176.71,2026-09-15 11:50:16.080026-04:00,181.59,stop,-273.28,-4.069,-3.764,-1.655,0.82,-0.384,10.67,Tue,2.735,-0.119,-0.555,1.278,0.019,short,-59.86
rsi2_reversion_regime--AMD--2026-09-15,2026-09-15,rsi2_reversion_regime,AMD,19,2026-09-15 10:40:38.155011-04:00,506.67,2026-09-15 11:10:43.306496-04:00,502.24,stop,-84.17,1.594,1.107,-0.115,0.53,-0.384,10.67,Tue,2.575,0.0351,0.362,1.055,0.567,long,-1.12
rsi2_reversion--AMD--2026-09-15,2026-09-15,rsi2_reversion,AMD,19,2026-09-15 10:40:38.698494-04:00,506.67,2026-09-15 11:10:43.099395-04:00,502.24,stop,-84.17,1.594,1.107,-0.115,0.53,-0.384,10.67,Tue,2.575,0.0351,0.362,1.055,0.567,long,-1.12
ar_forecast_regime--COIN--2026-09-15,2026-09-15,ar_forecast_regime,COIN,57,2026-09-15 15:21:13.330340-04:00,174.4,2026-09-15 15:40:45.132318-04:00,173.305088,eod,62.41,-4.069,-5.022,-0.994,1.54,-0.397,15.33,Tue,4.722,-0.0414,0.205,0.919,0.394,short,3.03
news_momentum_tuned--COIN--2026-09-15,2026-09-15,news_momentum_tuned,COIN,59,2026-09-15 14:50:27.176329-04:00,168.74,2026-09-15 15:40:45.132318-04:00,173.305088,eod,-269.34,-4.069,-8.104,-4.542,7.17,-0.398,14.83,Tue,3.801,-0.0334,0.235,0.813,0.042,short,-58.38
news_momentum--COIN--2026-09-15,2026-09-15,news_momentum,COIN,59,2026-09-15 14:50:27.299810-04:00,168.74,2026-09-15 15:40:45.132318-04:00,173.305088,eod,-269.34,-4.069,-8.104,-4.542,7.17,-0.398,14.83,Tue,3.801,-0.0334,0.235,0.813,0.042,short,-58.38
high_break_trail_tuned--PLTR--2026-09-15,2026-09-15,high_break_trail_tuned,PLTR,57,2026-09-15 14:50:25.563337-04:00,174.62,2026-09-15 15:14:17.746707-04:00,173.5,stop,-63.84,-1.774,2.576,0.8,1.27,-0.398,14.83,Tue,2.595,0.0464,0.035,0.386,0.724,long,-32.32
high_break_trail--PLTR--2026-09-15,2026-09-15,high_break_trail,PLTR,57,2026-09-15 14:20:37.835713-04:00,174.79,2026-09-15 15:37:29.668448-04:00,173.25,stop,-87.78,-1.774,2.676,0.977,0.78,-0.347,14.33,Tue,2.658,0.0517,0.049,0.424,0.748,long,-30.5
high_break_trail--NVDA--2026-09-15,2026-09-15,high_break_trail,NVDA,47,2026-09-15 13:40:34.148383-04:00,211.61,2026-09-15 14:41:53.674194-04:00,212.279361,stop,-31.46,1.043,-0.695,-0.472,0.44,-0.393,13.67,Tue,0.889,-0.0167,-0.306,0.158,0.162,short,-27.42
ar_forecast_tuned--TSLA--2026-09-15,2026-09-15,ar_forecast_tuned,TSLA,28,2026-09-15 13:40:33.647019-04:00,357.18,2026-09-15 15:40:43.553638-04:00,354.69,eod,-69.72,-0.068,-0.431,-0.63,1.95,-0.393,13.67,Tue,3.03,0.0022,-0.143,0.414,0.328,long,-15.5
ar_forecast_tuned--MSTR--2026-09-15,2026-09-15,ar_forecast_tuned,MSTR,75,2026-09-15 11:31:17.907702-04:00,132.71,2026-09-15 15:40:42.907486-04:00,130.16,eod,191.25,-3.842,0.805,1.389,0.76,-0.369,11.5,Tue,4.294,0.0304,-0.039,0.912,0.765,short,-22.45
ar_forecast--MSTR--2026-09-15,2026-09-15,ar_forecast,MSTR,75,2026-09-15 11:31:17.653031-04:00,132.715467,2026-09-15 15:40:42.907486-04:00,130.16,eod,191.66,-3.842,0.809,1.393,0.76,-0.369,11.5,Tue,4.294,0.0304,-0.039,0.912,0.766,short,-22.45
ar_forecast_tuned--COIN--2026-09-15,2026-09-15,ar_forecast_tuned,COIN,55,2026-09-15 11:31:17.549548-04:00,180.69,2026-09-15 15:40:45.132318-04:00,173.305088,eod,406.17,-4.069,-1.596,0.652,0.8,-0.369,11.5,Tue,3.006,-0.0005,0.014,0.878,0.561,short,-19.11
ar_forecast--COIN--2026-09-15,2026-09-15,ar_forecast,COIN,55,2026-09-15 11:31:17.073036-04:00,180.69,2026-09-15 15:40:45.132318-04:00,173.305088,eod,406.17,-4.069,-1.596,0.652,0.8,-0.369,11.5,Tue,3.006,-0.0005,0.014,0.878,0.561,short,-19.11
ar_forecast--PLTR--2026-09-15,2026-09-15,ar_forecast,PLTR,58,2026-09-15 11:31:16.972537-04:00,171.96,2026-09-15 15:40:44.919455-04:00,172.822069,eod,50.0,-1.774,1.013,0.328,0.25,-0.369,11.5,Tue,3.285,-0.0001,0.106,0.583,0.675,long,-11.15
vwap_pullback_tuned--PLTR--2026-09-15,2026-09-15,vwap_pullback_tuned,PLTR,58,2026-09-15 11:10:39.042898-04:00,172.219138,2026-09-15 15:40:44.919455-04:00,172.822069,eod,34.97,-1.774,1.166,0.512,0.72,-0.413,11.17,Tue,3.524,-0.0197,0.182,0.674,0.744,long,-76.8
ar_forecast_tuned--AMD--2026-09-15,2026-09-15,ar_forecast_tuned,AMD,19,2026-09-15 11:00:43.060089-04:00,505.374737,2026-09-15 15:40:43.198596-04:00,503.51,eod,-35.43,1.594,0.848,-0.337,0.42,-0.385,11.0,Tue,2.554,-0.0095,0.284,0.914,0.487,long,-8.7
ar_forecast--AMD--2026-09-15,2026-09-15,ar_forecast,AMD,19,2026-09-15 11:00:40.799331-04:00,505.38,2026-09-15 15:40:43.198596-04:00,503.51,eod,-35.53,1.594,0.849,-0.336,0.42,-0.385,11.0,Tue,2.554,-0.0095,0.284,0.914,0.487,long,-8.7
vwap_pullback_tuned--NVDA--2026-09-15,2026-09-15,vwap_pullback_tuned,NVDA,47,2026-09-15 10:50:43.376100-04:00,212.115106,2026-09-15 15:40:43.783000-04:00,211.85,eod,12.46,1.043,-0.458,-0.43,0.45,-0.468,10.83,Tue,1.06,-0.032,-0.369,0.38,0.21,short,-30.38
orb_tuned--NVDA--2026-09-15,2026-09-15,orb_tuned,NVDA,47,2026-09-15 10:50:42.019478-04:00,212.13,2026-09-15 15:40:43.783000-04:00,211.85,eod,13.16,1.043,-0.451,-0.423,0.45,-0.468,10.83,Tue,1.06,-0.032,-0.369,0.38,0.216,short,-22.54
vwap_pullback--NVDA--2026-09-15,2026-09-15,vwap_pullback,NVDA,47,2026-09-15 10:50:43.381498-04:00,212.118511,2026-09-15 15:40:43.783000-04:00,211.85,eod,12.62,1.043,-0.456,-0.428,0.45,-0.468,10.83,Tue,1.06,-0.032,-0.369,0.38,0.211,short,-30.38
orb--NVDA--2026-09-15,2026-09-15,orb,NVDA,47,2026-09-15 10:50:42.716657-04:00,212.129574,2026-09-15 15:40:43.783000-04:00,211.85,eod,13.14,1.043,-0.451,-0.423,0.45,-0.468,10.83,Tue,1.06,-0.032,-0.369,0.38,0.216,short,-22.54
ar_forecast--TSLA--2026-09-15,2026-09-15,ar_forecast,TSLA,27,2026-09-15 10:50:41.283658-04:00,356.73,2026-09-15 15:40:43.553638-04:00,354.69,eod,-55.08,-0.068,-0.556,-0.622,0.49,-0.468,10.83,Tue,4.328,-0.0466,-0.185,0.798,0.281,long,-11.21
orb_tuned--MSTR--2026-09-15,2026-09-15,orb_tuned,MSTR,77,2026-09-15 10:40:39.222768-04:00,129.05,2026-09-15 15:40:42.907486-04:00,130.16,eod,-85.47,-3.842,-1.975,-1.419,1.07,-0.384,10.67,Tue,4.456,-0.0849,-0.421,1.296,0.066,short,-48.81
orb--MSTR--2026-09-15,2026-09-15,orb,MSTR,77,2026-09-15 10:40:38.414073-04:00,129.05,2026-09-15 15:40:42.907486-04:00,130.16,eod,-85.47,-3.842,-1.975,-1.419,1.07,-0.384,10.67,Tue,4.456,-0.0849,-0.421,1.296,0.066,short,-48.81
rsi2_reversion_tuned--AMD--2026-09-15,2026-09-15,rsi2_reversion_tuned,AMD,19,2026-09-15 10:40:38.454240-04:00,506.67,2026-09-15 15:40:43.198596-04:00,503.51,eod,-60.04,1.594,1.107,-0.115,0.53,-0.384,10.67,Tue,2.575,0.0351,0.362,1.055,0.567,long,-1.12
orb_tuned--COIN--2026-09-15,2026-09-15,orb_tuned,COIN,55,2026-09-15 10:11:10.566358-04:00,178.8,2026-09-15 14:45:06.901692-04:00,170.99,target,429.55,-4.069,-2.626,-0.759,0.52,-0.282,10.17,Tue,2.931,-0.1273,-0.617,1.699,0.119,short,-33.43
orb--COIN--2026-09-15,2026-09-15,orb,COIN,55,2026-09-15 10:11:11.847997-04:00,178.805818,2026-09-15 14:49:01.684659-04:00,168.391818,target,572.77,-4.069,-2.622,-0.756,0.52,-0.282,10.17,Tue,2.931,-0.1273,-0.617,1.699,0.12,short,-33.43
orb_tuned--AMD--2026-09-15,2026-09-15,orb_tuned,AMD,19,2026-09-15 10:00:32.341249-04:00,511.985263,2026-09-15 15:40:43.198596-04:00,503.51,eod,-161.03,1.594,2.167,1.073,0.96,-0.169,10.0,Tue,2.753,0.302,-0.124,1.525,0.896,long,3.27
orb_regime--AMD--2026-09-15,2026-09-15,orb_regime,AMD,19,2026-09-15 10:00:32.559311-04:00,511.99,2026-09-15 15:40:43.198596-04:00,503.51,eod,-161.12,1.594,2.168,1.074,0.96,-0.169,10.0,Tue,2.753,0.302,-0.124,1.525,0.896,long,3.27
orb--AMD--2026-09-15,2026-09-15,orb,AMD,19,2026-09-15 10:00:34.916366-04:00,512.041579,2026-09-15 15:40:43.198596-04:00,503.51,eod,-162.1,1.594,2.178,1.084,0.96,-0.169,10.0,Tue,2.753,0.302,-0.124,1.525,0.9,long,3.27
vwap_pullback--PLTR--2026-09-16,2026-09-16,vwap_pullback,PLTR,58,2026-09-16 10:10:36.950531-04:00,169.54,2026-09-16 10:21:21.660481-04:00,171.29,stop,-101.5,-1.258,-0.499,-0.683,0.89,0.001,10.17,Wed,5.679,-0.105,-0.717,1.149,0.177,short,-81.56
vwap_pullback--TSLA--2026-09-16,2026-09-16,vwap_pullback,TSLA,27,2026-09-16 14:10:33.549434-04:00,362.24,2026-09-16 14:14:51.783562-04:00,360.32,stop,-51.84,0.3,1.266,0.235,1.41,0.053,14.17,Wed,1.97,-0.0012,-0.371,0.285,0.723,long,-42.38
high_break_trail_tuned--MSTR--2026-09-16,2026-09-16,high_break_trail_tuned,MSTR,79,2026-09-16 11:30:44.282923-04:00,125.81,2026-09-16 14:06:06.455267-04:00,127.223038,stop,-111.63,0.154,-3.104,-1.47,0.63,0.078,11.5,Wed,3.577,-0.098,-0.264,0.589,0.011,short,-44.48
high_break_trail--MSTR--2026-09-16,2026-09-16,high_break_trail,MSTR,79,2026-09-16 11:30:42.921419-04:00,125.81,2026-09-16 14:07:17.317573-04:00,127.64,stop,-144.57,0.154,-3.104,-1.47,0.63,0.078,11.5,Wed,3.577,-0.098,-0.264,0.589,0.011,short,-44.48
vwap_pullback_tuned--PLTR--2026-09-16,2026-09-16,vwap_pullback_tuned,PLTR,58,2026-09-16 10:10:38.265548-04:00,169.54,2026-09-16 11:00:03.829581-04:00,171.75,stop,-128.18,-1.258,-0.499,-0.683,0.89,0.001,10.17,Wed,5.679,-0.105,-0.717,1.149,0.177,short,-81.56
orb_tuned--MSTR--2026-09-16,2026-09-16,orb_tuned,MSTR,78,2026-09-16 10:00:41.014623-04:00,127.99,2026-09-16 14:01:59.708487-04:00,124.808718,target,248.14,0.154,-1.425,-0.895,0.55,0.018,10.0,Wed,4.694,-0.1847,-0.385,0.911,0.132,short,-25.0
orb_tuned--NVDA--2026-09-16,2026-09-16,orb_tuned,NVDA,46,2026-09-16 09:50:25.987282-04:00,214.841087,2026-09-16 11:47:23.248501-04:00,216.737826,target,87.25,0.731,0.525,0.405,0.58,0.092,9.83,Wed,2.771,0.1199,-0.473,0.384,0.832,long,-30.37
ar_forecast_regime--NVDA--2026-09-16,2026-09-16,ar_forecast_regime,NVDA,46,2026-09-16 15:20:39.363268-04:00,213.02,2026-09-16 15:40:23.482739-04:00,213.75,eod,33.58,0.731,-0.328,-0.894,1.33,-1.166,15.33,Wed,1.343,-0.0031,0.028,0.301,0.107,long,2.42
ar_forecast--NVDA--2026-09-16,2026-09-16,ar_forecast,NVDA,46,2026-09-16 15:00:43.028851-04:00,214.08,2026-09-16 15:40:23.482739-04:00,213.75,eod,-15.18,0.731,0.168,-0.465,1.6,-0.63,15.0,Wed,1.303,0.0021,-0.005,0.277,0.223,long,-4.13
vwap_pullback_tuned--MSTR--2026-09-16,2026-09-16,vwap_pullback_tuned,MSTR,79,2026-09-16 14:40:40.030739-04:00,125.273165,2026-09-16 15:40:23.193957-04:00,124.62,eod,51.6,0.154,-3.517,-1.182,2.73,-0.071,14.67,Wed,3.675,-0.0291,-0.343,0.731,0.162,short,-68.56
news_momentum--MSTR--2026-09-16,2026-09-16,news_momentum,MSTR,79,2026-09-16 14:40:39.499300-04:00,125.278861,2026-09-16 15:40:23.193957-04:00,124.62,eod,52.05,0.154,-3.513,-1.177,2.73,-0.071,14.67,Wed,3.675,-0.0291,-0.343,0.731,0.163,short,-25.39
ema_crossover--MSTR--2026-09-16,2026-09-16,ema_crossover,MSTR,79,2026-09-16 14:40:40.591215-04:00,125.278734,2026-09-16 15:40:23.193957-04:00,124.62,eod,52.04,0.154,-3.513,-1.177,2.73,-0.071,14.67,Wed,3.675,-0.0291,-0.343,0.731,0.163,short,-25.39
vwap_pullback--MSTR--2026-09-16,2026-09-16,vwap_pullback,MSTR,79,2026-09-16 14:40:37.021217-04:00,125.25,2026-09-16 15:40:23.193957-04:00,124.62,eod,49.77,0.154,-3.535,-1.2,2.73,-0.071,14.67,Wed,3.675,-0.0291,-0.343,0.731,0.158,short,-68.56
ar_forecast_regime--MSTR--2026-09-16,2026-09-16,ar_forecast_regime,MSTR,78,2026-09-16 14:30:37.604200-04:00,126.58,2026-09-16 15:40:23.193957-04:00,124.62,eod,152.88,0.154,-2.511,-0.234,1.88,-0.249,14.5,Wed,3.623,-0.0298,-0.378,0.647,0.336,short,3.42
ar_forecast--MSTR--2026-09-16,2026-09-16,ar_forecast,MSTR,78,2026-09-16 14:30:37.342698-04:00,126.58,2026-09-16 15:40:23.193957-04:00,124.62,eod,152.88,0.154,-2.511,-0.234,1.88,-0.249,14.5,Wed,3.623,-0.0298,-0.378,0.647,0.336,short,3.42
ar_forecast_regime--COIN--2026-09-16,2026-09-16,ar_forecast_regime,COIN,59,2026-09-16 14:10:35.449891-04:00,167.01,2026-09-16 15:40:23.352228-04:00,163.6,eod,201.19,0.259,-3.213,-0.283,3.03,0.057,14.17,Wed,3.971,-0.0553,-0.351,0.611,0.315,short,3.15
squeeze_breakout_tuned--PLTR--2026-09-16,2026-09-16,squeeze_breakout_tuned,PLTR,57,2026-09-16 14:10:34.221852-04:00,173.67,2026-09-16 14:32:18.855086-04:00,172.5,stop,-66.69,-1.258,1.925,1.231,1.31,0.057,14.17,Wed,2.766,0.0254,-0.423,0.342,0.915,long,-59.81
news_momentum_tuned--TSLA--2026-09-16,2026-09-16,news_momentum_tuned,TSLA,27,2026-09-16 14:10:34.220237-04:00,362.2,2026-09-16 14:32:18.771134-04:00,359.55,stop,-71.55,0.3,1.255,0.224,1.41,0.057,14.17,Wed,1.97,-0.0012,-0.371,0.285,0.719,long,-33.96
vwap_pullback_tuned--TSLA--2026-09-16,2026-09-16,vwap_pullback_tuned,TSLA,27,2026-09-16 14:10:35.790027-04:00,362.198518,2026-09-16 14:32:18.022839-04:00,359.55,stop,-71.51,0.3,1.255,0.224,1.41,0.057,14.17,Wed,1.97,-0.0012,-0.371,0.285,0.719,long,-42.38
high_break_trail_tuned--COIN--2026-09-16,2026-09-16,high_break_trail_tuned,COIN,59,2026-09-16 11:20:34.016019-04:00,167.11017,2026-09-16 15:40:23.352228-04:00,163.6,eod,207.1,0.259,-3.155,-1.282,0.97,0.132,11.33,Wed,4.523,-0.131,-0.24,0.762,0.107,short,-30.01
high_break_trail--COIN--2026-09-16,2026-09-16,high_break_trail,COIN,59,2026-09-16 11:20:30.952600-04:00,167.09,2026-09-16 15:40:23.352228-04:00,163.6,eod,205.91,0.259,-3.167,-1.294,0.97,0.132,11.33,Wed,4.523,-0.131,-0.24,0.762,0.104,short,-30.2
ar_forecast--AMD--2026-09-16,2026-09-16,ar_forecast,AMD,19,2026-09-16 11:20:32.361328-04:00,521.48,2026-09-16 14:35:33.813068-04:00,516.208947,stop,-100.15,2.568,0.818,-0.07,0.55,0.132,11.33,Wed,2.782,0.0192,-0.318,0.586,0.561,long,-12.45
high_break_trail_tuned--PLTR--2026-09-16,2026-09-16,high_break_trail_tuned,PLTR,58,2026-09-16 11:10:37.419789-04:00,172.39,2026-09-16 15:40:23.203635-04:00,172.72,eod,19.14,-1.258,1.174,0.833,2.25,0.158,11.17,Wed,4.104,0.0322,-0.507,0.674,0.884,long,-34.85
orb_tuned--PLTR--2026-09-16,2026-09-16,orb_tuned,PLTR,58,2026-09-16 11:10:38.446206-04:00,172.39,2026-09-16 15:40:23.203635-04:00,172.72,eod,19.14,-1.258,1.174,0.833,2.25,0.158,11.17,Wed,4.104,0.0322,-0.507,0.674,0.884,long,-29.89
ar_forecast--PLTR--2026-09-16,2026-09-16,ar_forecast,PLTR,58,2026-09-16 11:10:39.110564-04:00,172.39,2026-09-16 15:40:23.203635-04:00,172.72,eod,19.14,-1.258,1.174,0.833,2.25,0.158,11.17,Wed,4.104,0.0322,-0.507,0.674,0.884,long,-14.65
high_break_trail--PLTR--2026-09-16,2026-09-16,high_break_trail,PLTR,58,2026-09-16 11:10:38.430650-04:00,172.39,2026-09-16 15:40:23.203635-04:00,172.72,eod,19.14,-1.258,1.174,0.833,2.25,0.158,11.17,Wed,4.104,0.0322,-0.507,0.674,0.884,long,-34.85
orb--PLTR--2026-09-16,2026-09-16,orb,PLTR,58,2026-09-16 11:10:38.221013-04:00,172.39,2026-09-16 15:40:23.203635-04:00,172.72,eod,19.14,-1.258,1.174,0.833,2.25,0.158,11.17,Wed,4.104,0.0322,-0.507,0.674,0.884,long,-29.89
ema_crossover_tuned--PLTR--2026-09-16,2026-09-16,ema_crossover_tuned,PLTR,58,2026-09-16 11:00:44.869672-04:00,171.75,2026-09-16 15:40:23.203635-04:00,172.72,eod,56.26,-1.258,0.798,0.59,0.4,0.13,11.0,Wed,4.293,0.0118,-0.533,0.723,0.853,long,-33.15
vwap_pullback_tuned--AMD--2026-09-16,2026-09-16,vwap_pullback_tuned,AMD,19,2026-09-16 11:00:47.176769-04:00,523.322106,2026-09-16 14:26:00.724546-04:00,519.09,stop,-80.41,2.568,1.174,0.299,0.39,0.13,11.0,Wed,2.754,0.0302,-0.235,0.646,0.703,long,-63.32
vwap_pullback--AMD--2026-09-16,2026-09-16,vwap_pullback,AMD,19,2026-09-16 11:00:46.357563-04:00,523.33,2026-09-16 14:24:43.947437-04:00,520.05,stop,-62.32,2.568,1.175,0.3,0.39,0.13,11.0,Wed,2.754,0.0302,-0.235,0.646,0.703,long,-63.32
high_break_trail_tuned--NVDA--2026-09-16,2026-09-16,high_break_trail_tuned,NVDA,46,2026-09-16 11:00:47.877113-04:00,215.65,2026-09-16 14:35:32.358243-04:00,214.584348,stop,-49.02,0.731,0.903,0.516,0.41,0.13,11.0,Wed,1.385,0.0421,-0.342,0.242,0.87,long,-26.9
high_break_trail--NVDA--2026-09-16,2026-09-16,high_break_trail,NVDA,46,2026-09-16 11:00:47.257507-04:00,215.648913,2026-09-16 14:36:54.237034-04:00,214.344131,stop,-60.02,0.731,0.903,0.515,0.41,0.13,11.0,Wed,1.385,0.0421,-0.342,0.242,0.869,long,-26.9
ar_forecast_tuned--COIN--2026-09-16,2026-09-16,ar_forecast_tuned,COIN,59,2026-09-16 10:40:39.318808-04:00,167.61,2026-09-16 15:40:23.352228-04:00,163.6,eod,236.59,0.259,-2.866,-1.512,0.42,0.04,10.67,Wed,5.145,-0.1746,-0.301,0.913,0.085,short,-11.09
ar_forecast--COIN--2026-09-16,2026-09-16,ar_forecast,COIN,59,2026-09-16 10:40:38.045212-04:00,167.61,2026-09-16 15:40:23.352228-04:00,163.6,eod,236.59,0.259,-2.866,-1.512,0.42,0.04,10.67,Wed,5.145,-0.1746,-0.301,0.913,0.085,short,-11.09
orb--MSTR--2026-09-16,2026-09-16,orb,MSTR,78,2026-09-16 10:00:43.290765-04:00,127.995384,2026-09-16 14:57:20.002927-04:00,123.718461,target,333.6,0.154,-1.421,-0.89,0.55,0.018,10.0,Wed,4.694,-0.1847,-0.385,0.911,0.133,short,-25.0
orb_tuned--COIN--2026-09-16,2026-09-16,orb_tuned,COIN,58,2026-09-16 10:00:44.535964-04:00,170.068794,2026-09-16 14:35:43.128676-04:00,163.743449,target,366.87,0.259,-1.441,-0.787,0.82,0.018,10.0,Wed,5.84,-0.2165,-0.336,1.145,0.215,short,-31.27
orb--COIN--2026-09-16,2026-09-16,orb,COIN,58,2026-09-16 10:00:41.219549-04:00,170.05,2026-09-16 15:21:10.680900-04:00,161.714483,target,483.46,0.259,-1.452,-0.798,0.82,0.018,10.0,Wed,5.84,-0.2165,-0.336,1.145,0.211,short,-31.27
orb_tuned--AMD--2026-09-16,2026-09-16,orb_tuned,AMD,19,2026-09-16 10:00:41.910147-04:00,525.278947,2026-09-16 14:52:44.578165-04:00,514.03,stop,-213.73,2.568,1.552,0.942,0.86,0.018,10.0,Wed,3.774,0.1065,-0.402,1.044,0.982,long,-72.87
orb--AMD--2026-09-16,2026-09-16,orb,AMD,19,2026-09-16 10:00:42.682046-04:00,525.213158,2026-09-16 14:52:45.478027-04:00,513.972105,stop,-213.58,2.568,1.54,0.93,0.86,0.018,10.0,Wed,3.774,0.1065,-0.402,1.044,0.976,long,-54.16
orb--NVDA--2026-09-16,2026-09-16,orb,NVDA,46,2026-09-16 09:50:25.459054-04:00,214.84,2026-09-16 15:11:01.952394-04:00,213.272174,stop,-72.12,0.731,0.524,0.405,0.58,0.092,9.83,Wed,2.771,0.1199,-0.473,0.384,0.832,long,-30.37
orb_tuned--TSLA--2026-09-16,2026-09-16,orb_tuned,TSLA,27,2026-09-16 09:50:24.988967-04:00,360.25,2026-09-16 15:40:24.138839-04:00,357.559074,eod,-72.66,0.3,0.71,0.571,0.71,0.092,9.83,Wed,1.392,0.2161,-0.528,0.879,0.851,long,-33.8
orb--TSLA--2026-09-16,2026-09-16,orb,TSLA,27,2026-09-16 09:50:25.423861-04:00,360.34,2026-09-16 15:40:24.138839-04:00,357.559074,eod,-75.09,0.3,0.735,0.596,0.71,0.092,9.83,Wed,1.392,0.2161,-0.528,0.879,0.865,long,-33.8
high_break_trail_tuned--PLTR--2026-09-17,2026-09-17,high_break_trail_tuned,PLTR,56,2026-09-17 12:00:35.033169-04:00,177.41,2026-09-17 12:32:10.231492-04:00,176.17,stop,-69.44,0.814,0.939,0.729,0.71,-0.106,12.0,Thu,2.618,0.0286,0.046,0.537,0.911,long,-30.49
squeeze_breakout_tuned--PLTR--2026-09-17,2026-09-17,squeeze_breakout_tuned,PLTR,56,2026-09-17 12:00:36.013511-04:00,177.366071,2026-09-17 12:06:17.513802-04:00,176.82,stop,-30.58,0.814,0.914,0.704,0.71,-0.106,12.0,Thu,2.618,0.0286,0.046,0.537,0.903,long,-48.29
high_break_trail--PLTR--2026-09-17,2026-09-17,high_break_trail,PLTR,56,2026-09-17 12:00:36.346904-04:00,177.39,2026-09-17 12:34:45.431437-04:00,175.694107,stop,-94.97,0.814,0.927,0.718,0.71,-0.106,12.0,Thu,2.618,0.0286,0.046,0.537,0.907,long,-30.49
rsi2_reversion_tuned--MSTR--2026-09-17,2026-09-17,rsi2_reversion_tuned,MSTR,76,2026-09-17 11:40:34.897809-04:00,130.04,2026-09-17 13:04:58.126226-04:00,132.75,stop,-205.96,2.83,0.119,-0.126,0.48,-0.117,11.67,Thu,5.02,-0.0247,0.187,0.782,0.419,short,-2.71
rsi2_reversion--MSTR--2026-09-17,2026-09-17,rsi2_reversion,MSTR,76,2026-09-17 11:40:35.669318-04:00,130.041184,2026-09-17 12:22:31.967830-04:00,131.547763,stop,-114.5,2.83,0.12,-0.125,0.48,-0.117,11.67,Thu,5.02,-0.0247,0.187,0.782,0.42,short,-2.71
ar_forecast_tuned--MSTR--2026-09-17,2026-09-17,ar_forecast_tuned,MSTR,76,2026-09-17 11:00:59.421687-04:00,129.76,2026-09-17 11:10:08.451068-04:00,128.59,stop,-88.92,2.83,-0.096,-0.509,0.33,-0.332,11.0,Thu,5.499,0.0512,0.219,0.99,0.367,long,-6.85
ar_forecast--MSTR--2026-09-17,2026-09-17,ar_forecast,MSTR,76,2026-09-17 10:50:38.400244-04:00,130.47,2026-09-17 11:02:07.891133-04:00,128.84,stop,-123.88,2.83,0.45,-0.005,0.67,-0.333,10.83,Thu,5.555,0.1114,0.191,1.01,0.501,long,-5.04
ar_forecast_tuned--PLTR--2026-09-17,2026-09-17,ar_forecast_tuned,PLTR,56,2026-09-17 10:40:39.267599-04:00,177.388929,2026-09-17 12:37:16.098449-04:00,175.327143,stop,-115.46,0.814,0.927,0.89,0.43,-0.165,10.67,Thu,3.038,0.0893,0.163,0.933,0.946,long,-22.06
ar_forecast--PLTR--2026-09-17,2026-09-17,ar_forecast,PLTR,56,2026-09-17 10:40:39.160761-04:00,177.377143,2026-09-17 12:37:19.872036-04:00,175.366964,stop,-112.57,0.814,0.92,0.884,0.43,-0.165,10.67,Thu,3.038,0.0893,0.163,0.933,0.944,long,-22.06
orb_tuned--MSTR--2026-09-17,2026-09-17,orb_tuned,MSTR,75,2026-09-17 10:20:38.801858-04:00,131.94,2026-09-17 11:13:10.957036-04:00,128.026,stop,-293.55,2.83,1.582,1.345,0.68,-0.163,10.33,Thu,5.865,0.3,-0.136,1.141,0.912,long,-35.05
orb--MSTR--2026-09-17,2026-09-17,orb,MSTR,75,2026-09-17 10:20:39.735157-04:00,131.94,2026-09-17 11:13:10.827471-04:00,128.01,stop,-294.75,2.83,1.582,1.345,0.68,-0.163,10.33,Thu,5.865,0.3,-0.136,1.141,0.912,long,-35.05
vwap_pullback_tuned--PLTR--2026-09-17,2026-09-17,vwap_pullback_tuned,PLTR,56,2026-09-17 10:20:38.972364-04:00,176.06,2026-09-17 13:28:32.329866-04:00,174.52,stop,-86.24,0.814,0.171,0.313,0.54,-0.163,10.33,Thu,3.494,0.0729,0.145,1.134,0.707,long,-64.75
vwap_pullback--PLTR--2026-09-17,2026-09-17,vwap_pullback,PLTR,56,2026-09-17 10:20:39.049430-04:00,176.06,2026-09-17 13:13:41.727482-04:00,174.915357,stop,-64.1,0.814,0.171,0.313,0.54,-0.163,10.33,Thu,3.494,0.0729,0.145,1.134,0.707,long,-64.75
vwap_pullback_tuned--TSLA--2026-09-17,2026-09-17,vwap_pullback_tuned,TSLA,26,2026-09-17 10:10:35.515794-04:00,373.55,2026-09-17 11:05:34.123741-04:00,366.318462,stop,-188.02,3.035,1.233,1.257,0.93,-0.263,10.17,Thu,6.28,0.2696,-0.088,0.939,0.948,long,-91.75
vwap_pullback--TSLA--2026-09-17,2026-09-17,vwap_pullback,TSLA,26,2026-09-17 10:10:35.633693-04:00,373.546154,2026-09-17 11:02:33.172386-04:00,366.98,stop,-170.72,3.035,1.232,1.256,0.93,-0.263,10.17,Thu,6.28,0.2696,-0.088,0.939,0.947,long,-91.75
orb_tuned--AMD--2026-09-17,2026-09-17,orb_tuned,AMD,18,2026-09-17 09:50:31.537057-04:00,535.079445,2026-09-17 11:46:45.616885-04:00,546.353333,target,202.93,4.096,0.221,0.412,0.63,-0.276,9.83,Thu,3.578,0.4504,-0.997,1.226,0.618,long,-26.69
orb--AMD--2026-09-17,2026-09-17,orb,AMD,18,2026-09-17 09:50:30.341693-04:00,535.158889,2026-09-17 12:13:59.229033-04:00,550.036667,target,267.8,4.096,0.236,0.426,0.63,-0.276,9.83,Thu,3.578,0.4504,-0.997,1.226,0.625,long,-26.69
squeeze_breakout_tuned--NVDA--2026-09-17,2026-09-17,squeeze_breakout_tuned,NVDA,45,2026-09-17 15:20:28.699947-04:00,219.812667,2026-09-17 15:40:43.483842-04:00,219.67,eod,-6.42,2.093,0.652,0.482,0.58,-0.069,15.33,Thu,0.927,0.0047,-0.221,0.106,0.979,long,-38.34
squeeze_breakout--NVDA--2026-09-17,2026-09-17,squeeze_breakout,NVDA,45,2026-09-17 15:20:31.022896-04:00,219.819111,2026-09-17 15:40:43.483842-04:00,219.67,eod,-6.71,2.093,0.655,0.485,0.58,-0.069,15.33,Thu,0.927,0.0047,-0.221,0.106,0.981,long,-45.74
squeeze_breakout_tuned--COIN--2026-09-17,2026-09-17,squeeze_breakout_tuned,COIN,57,2026-09-17 14:30:33.844572-04:00,173.25,2026-09-17 14:38:10.492418-04:00,171.92,stop,-75.81,3.261,1.993,2.18,0.93,-0.088,14.5,Thu,3.484,0.0475,-0.203,0.389,0.979,long,-65.54
squeeze_breakout--COIN--2026-09-17,2026-09-17,squeeze_breakout,COIN,57,2026-09-17 14:30:34.430584-04:00,173.25,2026-09-17 14:38:10.125661-04:00,171.92,stop,-75.81,3.261,1.993,2.18,0.93,-0.088,14.5,Thu,3.484,0.0475,-0.203,0.389,0.979,long,-65.54
ema_crossover_tuned--NVDA--2026-09-17,2026-09-17,ema_crossover_tuned,NVDA,45,2026-09-17 13:10:33.152583-04:00,219.02,2026-09-17 15:40:43.483842-04:00,219.67,eod,29.25,2.093,0.289,0.185,0.34,-0.121,13.17,Thu,1.098,0.002,-0.201,0.149,0.688,long,-27.67
ema_crossover--NVDA--2026-09-17,2026-09-17,ema_crossover,NVDA,45,2026-09-17 13:10:33.772450-04:00,219.02,2026-09-17 15:40:43.483842-04:00,219.67,eod,29.25,2.093,0.289,0.185,0.34,-0.121,13.17,Thu,1.098,0.002,-0.201,0.149,0.688,long,-27.67
rsi2_reversion_tuned--NVDA--2026-09-17,2026-09-17,rsi2_reversion_tuned,NVDA,45,2026-09-17 13:00:42.294274-04:00,218.83,2026-09-17 15:40:43.483842-04:00,219.67,eod,37.8,2.093,0.202,0.101,1.23,-0.067,13.0,Thu,1.116,0.0022,-0.209,0.159,0.618,long,-10.53
rsi2_reversion--NVDA--2026-09-17,2026-09-17,rsi2_reversion,NVDA,45,2026-09-17 13:00:44.486627-04:00,218.870888,2026-09-17 15:40:43.483842-04:00,219.67,eod,35.96,2.093,0.221,0.12,1.23,-0.067,13.0,Thu,1.116,0.0022,-0.209,0.159,0.633,long,-10.53
rsi2_reversion_tuned--AMD--2026-09-17,2026-09-17,rsi2_reversion_tuned,AMD,18,2026-09-17 12:50:41.874006-04:00,549.41,2026-09-17 15:40:44.382000-04:00,545.860333,eod,-63.89,4.096,2.905,1.731,0.35,-0.097,12.83,Thu,2.443,0.0901,0.097,0.378,0.915,long,4.35
rsi2_reversion_regime--AMD--2026-09-17,2026-09-17,rsi2_reversion_regime,AMD,18,2026-09-17 12:50:42.570437-04:00,549.413333,2026-09-17 15:40:44.382000-04:00,545.860333,eod,-63.95,4.096,2.906,1.732,0.35,-0.097,12.83,Thu,2.443,0.0901,0.097,0.378,0.916,long,4.35
rsi2_reversion--AMD--2026-09-17,2026-09-17,rsi2_reversion,AMD,18,2026-09-17 12:50:39.544479-04:00,549.42,2026-09-17 15:40:44.382000-04:00,545.860333,eod,-64.07,4.096,2.907,1.733,0.35,-0.097,12.83,Thu,2.443,0.0901,0.097,0.378,0.916,long,4.35
vwap_pullback_tuned--NVDA--2026-09-17,2026-09-17,vwap_pullback_tuned,NVDA,45,2026-09-17 12:50:41.412081-04:00,218.898222,2026-09-17 15:40:43.483842-04:00,219.67,eod,34.73,2.093,0.234,0.135,0.32,-0.097,12.83,Thu,1.119,0.0028,-0.2,0.156,0.643,long,-31.91
vwap_pullback--NVDA--2026-09-17,2026-09-17,vwap_pullback,NVDA,45,2026-09-17 12:50:40.469716-04:00,218.9,2026-09-17 15:40:43.483842-04:00,219.67,eod,34.65,2.093,0.234,0.136,0.32,-0.097,12.83,Thu,1.119,0.0028,-0.2,0.156,0.644,long,-31.91
ar_forecast_tuned--TSLA--2026-09-17,2026-09-17,ar_forecast_tuned,TSLA,27,2026-09-17 11:10:28.808911-04:00,365.43,2026-09-17 15:40:44.283451-04:00,366.713396,eod,34.65,3.035,-0.967,-0.969,0.89,-0.263,11.17,Thu,4.295,-0.0021,0.201,0.621,0.203,long,-12.23
ar_forecast--TSLA--2026-09-17,2026-09-17,ar_forecast,TSLA,27,2026-09-17 11:10:29.472967-04:00,365.43,2026-09-17 15:40:44.283451-04:00,366.713396,eod,34.65,3.035,-0.967,-0.969,0.89,-0.263,11.17,Thu,4.295,-0.0021,0.201,0.621,0.203,long,-12.23
high_break_trail_tuned--AMD--2026-09-17,2026-09-17,high_break_trail_tuned,AMD,18,2026-09-17 11:01:01.196824-04:00,542.090555,2026-09-17 15:40:44.382000-04:00,545.860333,eod,67.86,4.096,1.534,1.201,1.04,-0.332,11.0,Thu,2.925,0.0917,0.151,0.749,0.883,long,-30.2
high_break_trail--AMD--2026-09-17,2026-09-17,high_break_trail,AMD,18,2026-09-17 11:00:58.582936-04:00,542.04,2026-09-17 15:40:44.382000-04:00,545.860333,eod,68.77,4.096,1.525,1.192,1.04,-0.332,11.0,Thu,2.925,0.0917,0.151,0.749,0.88,long,-30.2
orb_tuned--TSLA--2026-09-17,2026-09-17,orb_tuned,TSLA,26,2026-09-17 10:10:35.922459-04:00,373.55,2026-09-17 15:40:44.283451-04:00,366.713396,eod,-177.75,3.035,1.233,1.257,0.93,-0.263,10.17,Thu,6.28,0.2696,-0.088,0.939,0.948,long,-44.89
orb--TSLA--2026-09-17,2026-09-17,orb,TSLA,26,2026-09-17 10:10:35.169658-04:00,373.55,2026-09-17 15:40:44.283451-04:00,366.713396,eod,-177.75,3.035,1.233,1.257,0.93,-0.263,10.17,Thu,6.28,0.2696,-0.088,0.939,0.948,long,-44.89
orb_tuned--NVDA--2026-09-17,2026-09-17,orb_tuned,NVDA,45,2026-09-17 10:00:35.265192-04:00,218.789333,2026-09-17 15:40:43.483842-04:00,219.67,eod,39.63,2.093,0.184,0.359,0.5,-0.333,10.0,Thu,2.202,0.1216,-0.494,0.586,0.804,long,-18.82
orb--NVDA--2026-09-17,2026-09-17,orb,NVDA,45,2026-09-17 10:00:36.332478-04:00,218.789333,2026-09-17 15:40:43.483842-04:00,219.67,eod,39.63,2.093,0.184,0.359,0.5,-0.333,10.0,Thu,2.202,0.1216,-0.494,0.586,0.804,long,-18.82
vwap_pullback--PLTR--2026-09-18,2026-09-18,vwap_pullback,PLTR,57,2026-09-18 10:10:35.403855-04:00,173.669474,2026-09-18 10:30:32.892089-04:00,174.92,stop,-71.28,0.488,-1.904,-0.397,0.26,-0.276,10.17,Fri,2.237,0.0096,-0.002,1.616,0.29,short,-62.49
high_break_trail_tuned--COIN--2026-09-17,2026-09-17,high_break_trail_tuned,COIN,58,2026-09-17 13:00:45.204768-04:00,171.871034,2026-09-18 09:32:21.485246-04:00,178.437328,eod,380.85,3.261,1.181,1.681,0.87,-0.067,13.0,Thu,3.839,0.0386,-0.182,0.488,0.94,long,-39.42
high_break_trail--COIN--2026-09-17,2026-09-17,high_break_trail,COIN,58,2026-09-17 13:00:43.483078-04:00,171.87,2026-09-18 09:32:21.485246-04:00,178.437328,eod,380.91,3.261,1.18,1.681,0.87,-0.067,13.0,Thu,3.839,0.0386,-0.182,0.488,0.94,long,-39.42
rsi2_reversion_tuned--PLTR--2026-09-17,2026-09-17,rsi2_reversion_tuned,PLTR,56,2026-09-17 11:00:58.455478-04:00,176.18,2026-09-18 09:30:02.168213-04:00,177.35,eod,65.52,0.814,0.239,0.146,0.56,-0.332,11.0,Thu,3.018,0.0546,0.138,0.823,0.707,long,0.99
rsi2_reversion_regime--PLTR--2026-09-17,2026-09-17,rsi2_reversion_regime,PLTR,56,2026-09-17 11:00:59.787746-04:00,176.18,2026-09-18 09:30:02.168213-04:00,177.35,eod,65.52,0.814,0.239,0.146,0.56,-0.332,11.0,Thu,3.018,0.0546,0.138,0.823,0.707,long,0.99
rsi2_reversion--PLTR--2026-09-17,2026-09-17,rsi2_reversion,PLTR,56,2026-09-17 11:00:58.418155-04:00,176.18,2026-09-18 09:30:02.168213-04:00,177.35,eod,65.52,0.814,0.239,0.146,0.56,-0.332,11.0,Thu,3.018,0.0546,0.138,0.823,0.707,long,0.99
orb_tuned--COIN--2026-09-17,2026-09-17,orb_tuned,COIN,58,2026-09-17 10:31:07.822257-04:00,170.96,2026-09-18 09:32:21.485246-04:00,178.437328,eod,433.69,3.261,0.645,1.33,0.79,-0.151,10.5,Thu,5.894,0.2155,-0.35,1.127,0.926,long,-49.31
orb--COIN--2026-09-17,2026-09-17,orb,COIN,58,2026-09-17 10:31:06.883058-04:00,170.96,2026-09-18 09:32:21.485246-04:00,178.437328,eod,433.69,3.261,0.645,1.33,0.79,-0.151,10.5,Thu,5.894,0.2155,-0.35,1.127,0.926,long,-49.31
rsi2_reversion--PLTR--2026-09-18,2026-09-18,rsi2_reversion,PLTR,57,2026-09-18 10:30:28.720512-04:00,174.756316,2026-09-18 11:28:13.596668-04:00,176.06,stop,-74.31,0.488,-1.29,0.242,0.19,-0.274,10.5,Fri,2.031,0.0418,0.136,1.309,0.479,short,-3.97
vwap_pullback_tuned--PLTR--2026-09-18,2026-09-18,vwap_pullback_tuned,PLTR,57,2026-09-18 10:10:34.430290-04:00,173.68,2026-09-18 10:54:14.278824-04:00,175.33,stop,-94.05,0.488,-1.898,-0.391,0.26,-0.276,10.17,Fri,2.237,0.0096,-0.002,1.616,0.292,short,-61.8
orb_tuned--AMD--2026-09-18,2026-09-18,orb_tuned,AMD,18,2026-09-18 10:00:46.423634-04:00,552.342223,2026-09-18 10:44:07.841168-04:00,543.898889,stop,-151.98,0.51,0.873,0.718,0.43,-0.29,10.0,Fri,2.338,0.0719,0.181,0.864,0.932,long,-30.32
orb--AMD--2026-09-18,2026-09-18,orb,AMD,18,2026-09-18 10:00:43.284125-04:00,552.29,2026-09-18 10:44:07.741836-04:00,543.893333,stop,-151.14,0.51,0.864,0.709,0.43,-0.29,10.0,Fri,2.338,0.0719,0.181,0.864,0.926,long,-30.32
orb_tuned--COIN--2026-09-18,2026-09-18,orb_tuned,COIN,54,2026-09-18 09:50:28.612175-04:00,184.661667,2026-09-18 12:28:43.921805-04:00,194.96,target,556.11,2.394,3.652,1.554,0.7,-0.182,9.83,Fri,6.951,0.6221,-0.881,1.725,0.833,long,-21.21
squeeze_breakout--MSTR--2026-09-18,2026-09-18,squeeze_breakout,MSTR,65,2026-09-18 15:20:39.867012-04:00,153.36,2026-09-18 15:40:29.836915-04:00,153.177164,eod,-11.88,3.251,12.286,4.297,1.19,-0.03,15.33,Fri,3.401,0.0919,-0.122,0.389,0.978,long,-67.77
rsi2_reversion_tuned--PLTR--2026-09-18,2026-09-18,rsi2_reversion_tuned,PLTR,56,2026-09-18 15:20:39.794055-04:00,176.49,2026-09-18 15:40:24.292482-04:00,176.92,eod,24.08,0.488,-0.311,0.806,0.79,-0.03,15.33,Fri,1.409,0.0249,-0.115,0.267,0.781,long,-7.17
squeeze_breakout--PLTR--2026-09-18,2026-09-18,squeeze_breakout,PLTR,56,2026-09-18 13:50:41.405218-04:00,175.98,2026-09-18 14:18:25.345901-04:00,176.7825,target,44.94,0.488,-0.599,0.713,0.73,-0.199,13.83,Fri,1.333,0.0234,0.021,0.233,0.692,long,-33.26
ema_crossover_tuned--PLTR--2026-09-18,2026-09-18,ema_crossover_tuned,PLTR,56,2026-09-18 13:40:34.086341-04:00,175.551071,2026-09-18 15:40:24.292482-04:00,176.92,eod,76.66,0.488,-0.841,0.481,0.26,-0.203,13.67,Fri,1.356,0.024,0.017,0.239,0.618,long,-28.49
rsi2_reversion--AMD--2026-09-18,2026-09-18,rsi2_reversion,AMD,18,2026-09-18 13:10:38.001748-04:00,545.17,2026-09-18 15:40:26.099302-04:00,546.86,eod,-30.42,0.51,-0.436,-0.26,0.39,-0.263,13.17,Fri,1.307,-0.0234,0.104,0.238,0.318,short,-4.05
high_break_trail--COIN--2026-09-18,2026-09-18,high_break_trail,COIN,51,2026-09-18 12:30:38.672488-04:00,194.955882,2026-09-18 15:40:24.743550-04:00,194.25,eod,-36.0,2.394,9.43,3.467,1.03,-0.289,12.5,Fri,4.051,0.1687,-0.211,0.643,0.961,long,-56.66
ar_forecast--PLTR--2026-09-18,2026-09-18,ar_forecast,PLTR,56,2026-09-18 11:50:25.117457-04:00,175.648929,2026-09-18 15:40:24.292482-04:00,176.92,eod,71.18,0.488,-0.786,0.608,0.19,-0.311,11.83,Fri,1.664,0.0607,0.003,0.558,0.635,long,-7.67
ar_forecast--TSLA--2026-09-18,2026-09-18,ar_forecast,TSLA,27,2026-09-18 11:10:35.300061-04:00,367.35,2026-09-18 15:40:24.324159-04:00,361.88,eod,147.69,0.885,-0.523,0.265,0.54,-0.23,11.17,Fri,3.34,0.0011,0.338,0.637,0.65,short,-8.55
high_break_trail_tuned--AMD--2026-09-18,2026-09-18,high_break_trail_tuned,AMD,18,2026-09-18 11:00:36.793903-04:00,542.12,2026-09-18 15:40:26.099302-04:00,546.86,eod,-85.32,0.51,-0.993,-1.027,0.49,-0.214,11.0,Fri,1.76,-0.0719,0.143,0.558,0.051,short,-38.56
high_break_trail--AMD--2026-09-18,2026-09-18,high_break_trail,AMD,18,2026-09-18 11:00:37.784802-04:00,542.138889,2026-09-18 15:40:26.099302-04:00,546.86,eod,-84.98,0.51,-0.99,-1.023,0.49,-0.214,11.0,Fri,1.76,-0.0719,0.143,0.558,0.052,short,-30.05
orb--NVDA--2026-09-18,2026-09-18,orb,NVDA,45,2026-09-18 10:20:31.167278-04:00,220.45,2026-09-18 15:40:25.714638-04:00,219.624741,eod,-37.14,-0.018,0.497,0.565,0.37,-0.282,10.33,Fri,1.915,0.06,0.22,0.496,0.846,long,-23.38
vwap_pullback_tuned--NVDA--2026-09-18,2026-09-18,vwap_pullback_tuned,NVDA,45,2026-09-18 10:10:34.160596-04:00,219.91,2026-09-18 15:40:25.714638-04:00,219.624741,eod,-12.84,-0.018,0.251,0.353,0.38,-0.276,10.17,Fri,1.946,0.0615,0.312,0.537,0.656,long,-44.76
vwap_pullback--NVDA--2026-09-18,2026-09-18,vwap_pullback,NVDA,45,2026-09-18 10:10:33.719646-04:00,219.9,2026-09-18 15:40:25.714638-04:00,219.624741,eod,-12.39,-0.018,0.246,0.349,0.38,-0.276,10.17,Fri,1.946,0.0615,0.312,0.537,0.653,long,-43.19
orb_tuned--TSLA--2026-09-18,2026-09-18,orb_tuned,TSLA,27,2026-09-18 10:10:34.040668-04:00,362.277407,2026-09-18 15:40:24.324159-04:00,361.88,eod,10.73,0.885,-1.896,-1.247,0.8,-0.276,10.17,Fri,3.014,-0.2403,0.615,0.915,0.133,short,-18.59
orb--TSLA--2026-09-18,2026-09-18,orb,TSLA,27,2026-09-18 10:10:33.535536-04:00,362.29,2026-09-18 15:40:24.324159-04:00,361.88,eod,11.07,0.885,-1.893,-1.243,0.8,-0.276,10.17,Fri,3.014,-0.2403,0.615,0.915,0.134,short,-18.59
orb_tuned--MSTR--2026-09-18,2026-09-18,orb_tuned,MSTR,69,2026-09-18 09:50:28.107927-04:00,142.906377,2026-09-18 15:15:32.354939-04:00,153.13,target,705.43,3.251,4.632,1.576,0.67,-0.182,9.83,Fri,5.381,0.8427,-0.894,1.867,0.766,long,8.35
orb--MSTR--2026-09-18,2026-09-18,orb,MSTR,69,2026-09-18 09:50:26.757828-04:00,142.89,2026-09-18 15:40:29.836915-04:00,153.177164,eod,709.81,3.251,4.62,1.565,0.67,-0.182,9.83,Fri,5.381,0.8427,-0.894,1.867,0.764,long,8.35
orb--COIN--2026-09-18,2026-09-18,orb,COIN,54,2026-09-18 09:50:25.503950-04:00,184.7,2026-09-18 15:40:24.743550-04:00,194.25,eod,515.7,2.394,3.674,1.575,0.7,-0.182,9.83,Fri,6.951,0.6221,-0.881,1.725,0.838,long,-21.21
vwap_pullback--MSTR--2026-09-21,2026-09-21,vwap_pullback,MSTR,59,2026-09-21 15:10:39.339287-04:00,166.72,2026-09-21 15:28:08.412176-04:00,168.217966,target,88.38,6.933,1.3,0.011,0.57,1.071,15.17,Mon,3.208,-0.0053,-0.062,0.39,0.438,long,-38.45
high_break_trail_tuned--COIN--2026-09-21,2026-09-21,high_break_trail_tuned,COIN,49,2026-09-21 12:40:29.005952-04:00,201.8,2026-09-21 12:48:48.244333-04:00,203.74,stop,-95.06,5.778,-1.8,-1.532,0.43,0.75,12.67,Mon,3.867,-0.0374,-0.282,0.652,0.018,short,-51.8
ema_crossover_tuned--MSTR--2026-09-21,2026-09-21,ema_crossover_tuned,MSTR,59,2026-09-21 11:50:28.603938-04:00,167.029152,2026-09-21 12:39:40.082571-04:00,165.35,stop,-99.07,6.933,1.488,0.094,0.28,0.579,11.83,Mon,4.353,-0.0003,-0.058,0.944,0.501,long,-31.26
vwap_pullback_tuned--COIN--2026-09-21,2026-09-21,vwap_pullback_tuned,COIN,48,2026-09-21 11:10:38.781817-04:00,205.92,2026-09-21 11:30:00.195415-04:00,204.221458,stop,-81.53,5.778,0.204,0.329,0.5,0.463,11.17,Mon,4.566,0.0054,-0.228,1.14,0.579,long,-58.38
vwap_pullback--COIN--2026-09-21,2026-09-21,vwap_pullback,COIN,48,2026-09-21 11:10:39.453895-04:00,205.9175,2026-09-21 11:20:07.454497-04:00,204.430625,stop,-71.37,5.778,0.203,0.328,0.5,0.463,11.17,Mon,4.566,0.0054,-0.228,1.14,0.578,long,-58.38
ema_crossover_tuned--COIN--2026-09-21,2026-09-21,ema_crossover_tuned,COIN,49,2026-09-21 10:40:38.955291-04:00,202.9,2026-09-21 10:52:42.522550-04:00,206.15,stop,-159.25,5.778,-1.265,-1.121,0.59,0.357,10.67,Mon,5.059,-0.0414,-0.33,1.436,0.051,short,-30.64
vwap_pullback_tuned--NVDA--2026-09-21,2026-09-21,vwap_pullback_tuned,NVDA,44,2026-09-21 10:31:05.239249-04:00,223.61,2026-09-21 12:27:41.994771-04:00,225.7,target,91.96,0.38,0.303,0.088,0.47,0.381,10.5,Mon,2.042,-0.012,0.338,0.521,0.608,long,-41.9
vwap_pullback--NVDA--2026-09-21,2026-09-21,vwap_pullback,NVDA,44,2026-09-21 10:31:05.168425-04:00,223.61,2026-09-21 11:14:55.220709-04:00,225.47,target,81.84,0.38,0.303,0.088,0.47,0.381,10.5,Mon,2.042,-0.012,0.338,0.521,0.608,long,-41.9
vwap_pullback_tuned--TSLA--2026-09-21,2026-09-21,vwap_pullback_tuned,TSLA,26,2026-09-21 10:31:05.798790-04:00,377.888462,2026-09-21 13:08:40.204219-04:00,373.28,stop,-119.82,2.034,1.681,0.689,0.66,0.381,10.5,Mon,2.895,0.0609,-0.573,0.888,0.935,long,-67.25
vwap_pullback--TSLA--2026-09-21,2026-09-21,vwap_pullback,TSLA,26,2026-09-21 10:31:04.957815-04:00,377.904615,2026-09-21 10:48:04.434298-04:00,374.02,stop,-101.0,2.034,1.686,0.693,0.66,0.381,10.5,Mon,2.895,0.0609,-0.573,0.888,0.937,long,-67.25
ar_forecast--COIN--2026-09-21,2026-09-21,ar_forecast,COIN,49,2026-09-21 12:50:39.228143-04:00,203.56,2026-09-21 15:40:28.980748-04:00,201.79,eod,86.73,5.778,-0.944,-0.664,0.31,0.771,12.83,Mon,3.788,-0.035,-0.236,0.6,0.283,short,-11.65
high_break_trail--COIN--2026-09-21,2026-09-21,high_break_trail,COIN,49,2026-09-21 12:40:30.208679-04:00,201.8,2026-09-21 15:40:28.980748-04:00,201.79,eod,0.49,5.778,-1.8,-1.532,0.43,0.75,12.67,Mon,3.867,-0.0374,-0.282,0.652,0.018,short,-51.8
high_break_trail_tuned--NVDA--2026-09-21,2026-09-21,high_break_trail_tuned,NVDA,44,2026-09-21 12:30:40.047103-04:00,225.9,2026-09-21 15:40:28.581721-04:00,227.65,eod,77.0,0.38,1.33,0.726,0.86,0.804,12.5,Mon,1.366,0.0292,0.307,0.232,0.871,long,-29.15
high_break_trail--PLTR--2026-09-21,2026-09-21,high_break_trail,PLTR,54,2026-09-21 11:50:29.365603-04:00,182.289444,2026-09-21 15:40:29.211062-04:00,182.01,eod,-15.09,0.679,1.994,0.911,0.43,0.579,11.83,Mon,2.092,0.0599,0.398,0.401,0.972,long,-30.61
ema_crossover--COIN--2026-09-21,2026-09-21,ema_crossover,COIN,48,2026-09-21 11:40:37.860329-04:00,204.03,2026-09-21 15:40:28.980748-04:00,201.79,eod,107.52,5.778,-0.715,-0.565,0.26,0.582,11.67,Mon,4.163,-0.0117,-0.198,0.903,0.248,short,-30.43
high_break_trail--NVDA--2026-09-21,2026-09-21,high_break_trail,NVDA,44,2026-09-21 11:20:40.335872-04:00,225.11,2026-09-21 15:40:28.581721-04:00,227.65,eod,111.76,0.38,0.976,0.535,0.76,0.481,11.33,Mon,1.626,0.0379,0.356,0.351,0.901,long,-32.31
high_break_trail--AMD--2026-09-21,2026-09-21,high_break_trail,AMD,16,2026-09-21 11:00:44.249158-04:00,615.761875,2026-09-21 15:40:29.937111-04:00,616.08,eod,5.09,4.312,5.45,2.287,0.47,0.428,11.0,Mon,5.886,0.1557,-0.127,0.738,0.993,long,-72.66
ar_forecast_tuned--MSTR--2026-09-21,2026-09-21,ar_forecast_tuned,MSTR,60,2026-09-21 10:40:39.560040-04:00,165.025,2026-09-21 15:40:29.312084-04:00,168.86,eod,230.1,6.933,0.27,-1.11,0.36,0.357,10.67,Mon,4.572,-0.0894,0.008,1.613,0.096,long,-38.2
ar_forecast--MSTR--2026-09-21,2026-09-21,ar_forecast,MSTR,60,2026-09-21 10:40:43.040166-04:00,165.017334,2026-09-21 15:40:29.312084-04:00,168.86,eod,230.56,6.933,0.266,-1.115,0.36,0.357,10.67,Mon,4.572,-0.0894,0.008,1.613,0.094,long,-38.2
orb--TSLA--2026-09-21,2026-09-21,orb,TSLA,26,2026-09-21 10:31:04.396315-04:00,377.91,2026-09-21 15:40:30.766256-04:00,375.708846,eod,-57.23,2.034,1.687,0.709,0.63,0.381,10.5,Mon,2.895,0.0609,-0.573,0.888,0.938,long,-25.54
orb_regime--PLTR--2026-09-21,2026-09-21,orb_regime,PLTR,55,2026-09-21 10:00:45.922004-04:00,181.522909,2026-09-21 15:40:29.211062-04:00,182.01,eod,26.79,0.679,1.565,1.194,0.98,0.16,10.0,Mon,4.002,0.3441,0.295,1.095,0.902,long,39.81
orb--PLTR--2026-09-21,2026-09-21,orb,PLTR,55,2026-09-21 10:00:44.544311-04:00,181.47,2026-09-21 15:40:29.211062-04:00,182.01,eod,29.7,0.679,1.536,1.164,0.98,0.16,10.0,Mon,4.002,0.3441,0.295,1.095,0.892,long,41.29
orb_regime--AMD--2026-09-21,2026-09-21,orb_regime,AMD,16,2026-09-21 10:00:44.898151-04:00,608.71625,2026-09-21 15:40:29.937111-04:00,616.08,eod,117.82,4.312,4.243,2.048,0.49,0.16,10.0,Mon,9.368,0.4991,-0.17,1.187,0.962,long,-1.92
orb--AMD--2026-09-21,2026-09-21,orb,AMD,16,2026-09-21 10:00:45.824116-04:00,608.721875,2026-09-21 15:40:29.937111-04:00,616.08,eod,117.73,4.312,4.244,2.049,0.49,0.16,10.0,Mon,9.368,0.4991,-0.17,1.187,0.963,long,-1.92
orb--NVDA--2026-09-21,2026-09-21,orb,NVDA,44,2026-09-21 09:50:39.396112-04:00,224.433182,2026-09-21 15:40:28.581721-04:00,227.65,eod,141.54,0.38,0.672,0.458,0.6,0.166,9.83,Mon,1.473,0.1581,0.521,0.734,0.853,long,-38.21
high_break_trail--COIN--2026-09-22,2026-09-22,high_break_trail,COIN,50,2026-09-22 12:10:30.544770-04:00,198.12,2026-09-22 13:31:37.659428-04:00,200.6,stop,-124.0,-0.774,-0.639,-0.847,0.56,-0.087,12.17,Tue,2.589,-0.0087,-0.063,0.598,0.159,short,-35.64
ema_crossover_tuned--TSLA--2026-09-22,2026-09-22,ema_crossover_tuned,TSLA,26,2026-09-22 11:00:52.042637-04:00,376.096154,2026-09-22 12:50:05.690422-04:00,378.65,stop,-66.4,0.999,-0.784,-0.128,0.46,-0.068,11.0,Tue,2.049,0.0246,-0.436,0.574,0.505,short,-28.4
ema_crossover_tuned--NVDA--2026-09-22,2026-09-22,ema_crossover_tuned,NVDA,43,2026-09-22 10:40:59.117982-04:00,228.16,2026-09-22 11:07:46.493321-04:00,228.891396,stop,-31.45,-0.15,0.551,-0.008,0.57,-0.098,10.67,Tue,1.741,-0.0059,0.228,0.656,0.535,short,-34.48
vwap_pullback_tuned--PLTR--2026-09-22,2026-09-22,vwap_pullback_tuned,PLTR,54,2026-09-22 10:30:36.636008-04:00,182.2,2026-09-22 11:18:02.360037-04:00,184.614074,stop,-130.36,1.095,-1.559,-0.808,0.57,-0.039,10.5,Tue,2.787,-0.0638,-0.238,0.826,-0.0,short,-71.04
vwap_pullback--PLTR--2026-09-22,2026-09-22,vwap_pullback,PLTR,54,2026-09-22 10:30:38.720893-04:00,182.2,2026-09-22 11:07:31.909129-04:00,184.395926,stop,-118.58,1.095,-1.559,-0.808,0.57,-0.039,10.5,Tue,2.787,-0.0638,-0.238,0.826,-0.0,short,-71.04
vwap_pullback--AMD--2026-09-22,2026-09-22,vwap_pullback,AMD,16,2026-09-22 10:30:37.251660-04:00,618.773751,2026-09-22 12:28:33.530819-04:00,613.385,stop,-86.22,-1.342,1.923,0.532,0.43,-0.039,10.5,Tue,2.132,0.0581,-0.31,0.865,0.794,long,-63.58
vwap_pullback--COIN--2026-09-22,2026-09-22,vwap_pullback,COIN,50,2026-09-22 10:10:28.426810-04:00,199.104,2026-09-22 13:54:26.939125-04:00,201.14,stop,-101.8,-0.774,-0.146,-0.674,0.5,0.041,10.17,Tue,3.231,-0.0677,-0.061,1.468,0.189,short,-76.66
ar_forecast--AMD--2026-09-22,2026-09-22,ar_forecast,AMD,16,2026-09-22 12:50:35.251578-04:00,615.74,2026-09-22 15:40:43.415707-04:00,621.8,eod,96.96,-1.342,1.423,-0.065,0.47,-0.066,12.83,Tue,1.939,-0.0003,-0.175,0.367,0.601,long,-15.33
vwap_pullback_tuned--NVDA--2026-09-22,2026-09-22,vwap_pullback_tuned,NVDA,43,2026-09-22 11:51:00.720800-04:00,228.58,2026-09-22 15:40:44.076673-04:00,229.67,eod,46.87,-0.15,0.736,0.141,0.4,-0.156,11.83,Tue,1.352,0.008,0.144,0.34,0.671,long,-28.73
vwap_pullback--NVDA--2026-09-22,2026-09-22,vwap_pullback,NVDA,43,2026-09-22 11:51:02.464916-04:00,228.58,2026-09-22 15:40:44.076673-04:00,229.67,eod,46.87,-0.15,0.736,0.141,0.4,-0.156,11.83,Tue,1.352,0.008,0.144,0.34,0.671,long,-28.73
ar_forecast_tuned--PLTR--2026-09-22,2026-09-22,ar_forecast_tuned,PLTR,54,2026-09-22 11:30:41.940456-04:00,184.02,2026-09-22 15:40:42.974766-04:00,184.45,eod,-23.22,1.095,-0.575,0.223,0.43,-0.136,11.5,Tue,2.237,0.0078,0.039,0.535,0.567,short,-14.58
ar_forecast--PLTR--2026-09-22,2026-09-22,ar_forecast,PLTR,54,2026-09-22 11:30:42.538206-04:00,184.02,2026-09-22 15:40:42.974766-04:00,184.45,eod,-23.22,1.095,-0.575,0.223,0.43,-0.136,11.5,Tue,2.237,0.0078,0.039,0.535,0.567,short,-14.58
ema_crossover--NVDA--2026-09-22,2026-09-22,ema_crossover,NVDA,43,2026-09-22 11:20:29.528737-04:00,228.724419,2026-09-22 15:40:44.076673-04:00,229.67,eod,40.66,-0.15,0.8,0.213,0.38,-0.071,11.33,Tue,1.462,0.0093,0.195,0.454,0.718,long,-32.08
ar_forecast_tuned--MSTR--2026-09-22,2026-09-22,ar_forecast_tuned,MSTR,59,2026-09-22 10:40:59.981457-04:00,169.05,2026-09-22 15:40:43.900206-04:00,168.173522,eod,-51.71,-0.599,0.931,-0.176,0.6,-0.098,10.67,Tue,5.23,-0.0144,-0.321,1.085,0.459,long,-9.9
ar_forecast--MSTR--2026-09-22,2026-09-22,ar_forecast,MSTR,59,2026-09-22 10:41:00.258134-04:00,169.05,2026-09-22 15:40:43.900206-04:00,168.173522,eod,-51.71,-0.599,0.931,-0.176,0.6,-0.098,10.67,Tue,5.23,-0.0144,-0.321,1.085,0.459,long,-9.9
ar_forecast_tuned--TSLA--2026-09-22,2026-09-22,ar_forecast_tuned,TSLA,26,2026-09-22 10:40:59.477793-04:00,378.0,2026-09-22 15:40:44.426743-04:00,379.972308,eod,-51.28,0.999,-0.282,0.382,0.59,-0.098,10.67,Tue,2.184,0.0589,-0.585,0.686,0.804,short,-12.86
ar_forecast--TSLA--2026-09-22,2026-09-22,ar_forecast,TSLA,26,2026-09-22 10:40:59.843419-04:00,378.0,2026-09-22 15:40:44.426743-04:00,379.972308,eod,-51.28,0.999,-0.282,0.382,0.59,-0.098,10.67,Tue,2.184,0.0589,-0.585,0.686,0.804,short,-12.86
orb--PLTR--2026-09-22,2026-09-22,orb,PLTR,54,2026-09-22 10:30:39.144540-04:00,182.2,2026-09-22 15:40:42.974766-04:00,184.45,eod,-121.5,1.095,-1.559,-0.808,0.57,-0.039,10.5,Tue,2.787,-0.0638,-0.238,0.826,-0.0,short,-35.95
vwap_pullback_tuned--AMD--2026-09-22,2026-09-22,vwap_pullback_tuned,AMD,16,2026-09-22 10:30:35.640899-04:00,618.7725,2026-09-22 15:40:43.415707-04:00,621.8,eod,48.44,-1.342,1.923,0.531,0.43,-0.039,10.5,Tue,2.132,0.0581,-0.31,0.865,0.794,long,-63.58
vwap_pullback_tuned--COIN--2026-09-22,2026-09-22,vwap_pullback_tuned,COIN,50,2026-09-22 10:10:25.992256-04:00,199.11,2026-09-22 14:11:20.602240-04:00,201.53,stop,-121.0,-0.774,-0.143,-0.671,0.5,0.041,10.17,Tue,3.231,-0.0677,-0.061,1.468,0.19,short,-76.66
orb--MSTR--2026-09-22,2026-09-22,orb,MSTR,58,2026-09-22 10:00:46.464786-04:00,170.14,2026-09-22 15:40:43.900206-04:00,168.173522,eod,-114.06,-0.599,1.582,0.504,0.63,0.004,10.0,Tue,6.331,0.0356,-0.606,1.366,0.741,long,-33.2
orb--AMD--2026-09-22,2026-09-22,orb,AMD,16,2026-09-22 10:00:46.125345-04:00,618.43,2026-09-22 15:40:43.415707-04:00,621.8,eod,53.92,-1.342,1.866,0.665,0.9,0.004,10.0,Tue,2.355,0.1219,-0.674,1.105,0.934,long,-26.25
orb--TSLA--2026-09-23,2026-09-23,orb,TSLA,25,2026-09-23 10:01:12.407872-04:00,385.8812,2026-09-23 10:31:46.272106-04:00,378.7772,stop,-177.6,0.284,1.565,0.699,0.79,-0.3,10.0,Wed,2.392,0.2251,-0.369,1.037,0.92,long,-17.11
ema_crossover_tuned--COIN--2026-09-23,2026-09-23,ema_crossover_tuned,COIN,50,2026-09-23 12:41:05.997630-04:00,199.1,2026-09-23 15:40:26.349443-04:00,198.47,eod,31.5,-1.666,0.703,-0.399,0.25,-0.646,12.67,Wed,4.035,-0.0211,0.075,0.486,0.391,short,-34.06
ema_crossover--COIN--2026-09-23,2026-09-23,ema_crossover,COIN,50,2026-09-23 12:00:40.176099-04:00,199.16,2026-09-23 15:40:26.349443-04:00,198.47,eod,34.5,-1.666,0.733,-0.384,0.28,-0.567,12.0,Wed,4.479,-0.0374,0.096,0.688,0.397,short,-33.54
ar_forecast_regime--TSLA--2026-09-23,2026-09-23,ar_forecast_regime,TSLA,26,2026-09-23 11:00:38.923530-04:00,380.99,2026-09-23 15:40:26.047523-04:00,379.76,eod,-31.98,0.284,0.278,-0.315,0.64,-0.383,11.0,Wed,3.108,-0.0525,0.013,0.647,0.299,long,-0.85
ar_forecast_tuned--PLTR--2026-09-23,2026-09-23,ar_forecast_tuned,PLTR,52,2026-09-23 10:50:40.528838-04:00,190.44,2026-09-23 15:40:25.656676-04:00,191.747308,eod,67.98,0.67,2.266,0.249,0.44,-0.312,10.83,Wed,6.674,0.0254,0.495,1.243,0.719,long,17.33
ar_forecast_regime--PLTR--2026-09-23,2026-09-23,ar_forecast_regime,PLTR,52,2026-09-23 10:50:42.771279-04:00,190.44,2026-09-23 15:40:25.656676-04:00,191.747308,eod,67.98,0.67,2.266,0.249,0.44,-0.312,10.83,Wed,6.674,0.0254,0.495,1.243,0.719,long,17.33
ar_forecast--PLTR--2026-09-23,2026-09-23,ar_forecast,PLTR,52,2026-09-23 10:50:40.889353-04:00,190.44,2026-09-23 15:40:25.656676-04:00,191.747308,eod,67.98,0.67,2.266,0.249,0.44,-0.312,10.83,Wed,6.674,0.0254,0.495,1.243,0.719,long,17.33
ar_forecast_tuned--TSLA--2026-09-23,2026-09-23,ar_forecast_tuned,TSLA,26,2026-09-23 10:40:41.090246-04:00,379.59,2026-09-23 15:40:26.047523-04:00,379.76,eod,4.42,0.284,-0.091,-0.739,0.36,-0.466,10.67,Wed,3.384,-0.0747,-0.017,0.764,0.127,long,-13.61
ar_forecast--TSLA--2026-09-23,2026-09-23,ar_forecast,TSLA,26,2026-09-23 10:40:42.615731-04:00,379.59,2026-09-23 15:40:26.047523-04:00,379.76,eod,4.42,0.284,-0.091,-0.739,0.36,-0.466,10.67,Wed,3.384,-0.0747,-0.017,0.764,0.127,long,-13.61
orb--COIN--2026-09-23,2026-09-23,orb,COIN,50,2026-09-23 10:30:34.533293-04:00,196.102,2026-09-23 15:40:26.349443-04:00,198.47,eod,-118.4,-1.666,-0.813,-2.072,0.72,-0.437,10.5,Wed,6.468,-0.2793,0.024,1.412,0.052,short,-113.46
vwap_pullback_tuned--MSTR--2026-09-23,2026-09-23,vwap_pullback_tuned,MSTR,60,2026-09-23 10:11:50.109421-04:00,164.9,2026-09-23 15:40:25.508434-04:00,163.654722,eod,74.72,-0.105,-1.337,-1.428,0.49,-0.411,10.17,Wed,5.23,-0.2091,-0.104,0.979,0.2,short,-83.85
vwap_pullback--MSTR--2026-09-23,2026-09-23,vwap_pullback,MSTR,60,2026-09-23 10:11:51.532649-04:00,164.906667,2026-09-23 15:40:25.508434-04:00,163.654722,eod,75.12,-0.105,-1.333,-1.424,0.49,-0.411,10.17,Wed,5.23,-0.2091,-0.104,0.979,0.201,short,-88.74
orb--MSTR--2026-09-23,2026-09-23,orb,MSTR,60,2026-09-23 10:11:51.173163-04:00,164.908667,2026-09-23 15:40:25.508434-04:00,163.654722,eod,75.24,-0.105,-1.332,-1.423,0.49,-0.411,10.17,Wed,5.23,-0.2091,-0.104,0.979,0.202,short,-46.08
vwap_pullback_tuned--AMD--2026-09-23,2026-09-23,vwap_pullback_tuned,AMD,16,2026-09-23 10:11:51.329400-04:00,611.45125,2026-09-23 15:40:25.418400-04:00,615.588542,eod,-66.2,-0.296,-1.72,-0.921,0.56,-0.411,10.17,Wed,2.302,-0.1262,-0.215,0.971,0.131,short,-78.35
vwap_pullback--AMD--2026-09-23,2026-09-23,vwap_pullback,AMD,16,2026-09-23 10:11:51.275322-04:00,611.45375,2026-09-23 15:40:25.418400-04:00,615.588542,eod,-66.16,-0.296,-1.719,-0.92,0.56,-0.411,10.17,Wed,2.302,-0.1262,-0.215,0.971,0.131,short,-78.35
orb--AMD--2026-09-23,2026-09-23,orb,AMD,16,2026-09-23 10:11:50.892046-04:00,611.46,2026-09-23 15:40:25.418400-04:00,615.588542,eod,-66.06,-0.296,-1.718,-0.919,0.56,-0.411,10.17,Wed,2.302,-0.1262,-0.215,0.971,0.131,short,-46.12
vwap_pullback_tuned--NVDA--2026-09-23,2026-09-23,vwap_pullback_tuned,NVDA,44,2026-09-23 10:11:50.463547-04:00,226.91,2026-09-23 15:40:24.706224-04:00,225.721894,eod,52.28,-0.328,-0.513,-0.471,0.66,-0.411,10.17,Wed,1.912,-0.1163,-0.02,0.462,0.297,short,-57.28
vwap_pullback--NVDA--2026-09-23,2026-09-23,vwap_pullback,NVDA,44,2026-09-23 10:11:51.657127-04:00,226.870455,2026-09-23 15:40:24.706224-04:00,225.721894,eod,50.54,-0.328,-0.53,-0.488,0.66,-0.411,10.17,Wed,1.912,-0.1163,-0.02,0.462,0.283,short,-57.28
orb--NVDA--2026-09-23,2026-09-23,orb,NVDA,44,2026-09-23 10:11:50.296253-04:00,226.89,2026-09-23 15:40:24.706224-04:00,225.721894,eod,51.4,-0.328,-0.522,-0.48,0.66,-0.411,10.17,Wed,1.912,-0.1163,-0.02,0.462,0.29,short,-30.36
