strategy,symbol,date,entry_time,entry_price,exit_time,exit_price,qty,side,pnl,pnl_pct,hold_minutes,entry_reason,exit_reason,mkt_gap_pct,mkt_change_open_pct,mkt_dist_vwap_pct,mkt_rel_volume,mkt_spy_change_pct,mkt_realized_vol_pct,mkt_trend_slope_pct,mkt_autocorr_1,mkt_atr_pct,mkt_range_pos,hour_et,weekday
rsi2_reversion,PLTR,2026-06-17,2026-06-17 10:30:00-04:00,134.3872,2026-06-17 11:00:00-04:00,134.2978,74,long,-6.61,-0.0665,30.0,RSI(2)=7 dip above VWAP,signal,,1.928,0.218,0.52,-0.072,4.53,0.1498,0.426,0.836,0.703,10.5,Wed
high_break_trail,MSTR,2026-06-17,2026-06-17 10:40:00-04:00,121.7591,2026-06-17 11:20:00-04:00,122.73,82,short,-79.62,-0.7974,40.0,"break of first-hour low 121.90, 2.0xATR trail",stop,,-1.017,-1.153,0.43,-0.145,5.331,-0.1386,0.4,0.828,0.068,10.67,Wed
vwap_pullback,MSTR,2026-06-17,2026-06-17 10:25:00-04:00,122.5387,2026-06-17 11:45:00-04:00,123.7844,81,short,-100.9,-1.0166,80.0,rejection at session VWAP 123.35,stop,,-0.383,-0.619,0.37,0.053,6.027,-0.1247,0.451,0.908,0.181,10.42,Wed
rsi2_reversion,TSLA,2026-06-17,2026-06-17 11:35:00-04:00,399.4802,2026-06-17 11:50:00-04:00,399.8148,25,short,-8.37,-0.0838,15.0,RSI(2)=96 rip below VWAP,signal,,-0.511,-0.16,0.54,-0.077,2.468,-0.0295,-0.062,0.467,0.317,11.58,Wed
rsi2_reversion,PLTR,2026-06-17,2026-06-17 11:55:00-04:00,134.2971,2026-06-17 12:05:00-04:00,134.4827,74,long,13.74,0.1382,10.0,RSI(2)=5 dip above VWAP,signal,,1.86,0.045,0.28,-0.091,3.496,0.0225,0.221,0.536,0.686,11.92,Wed
high_break_trail,TSLA,2026-06-17,2026-06-17 11:10:00-04:00,397.6211,2026-06-17 12:10:00-04:00,402.5763,25,short,-123.88,-1.2462,60.0,"break of first-hour low 397.84, 2.0xATR trail",stop,,-0.974,-0.667,0.7,-0.222,2.702,-0.0366,-0.099,0.577,0.004,11.17,Wed
vwap_pullback,TSLA,2026-06-17,2026-06-17 10:40:00-04:00,399.5501,2026-06-17 12:10:00-04:00,402.2154,25,short,-66.63,-0.6671,90.0,rejection at session VWAP 400.81,stop,,-0.493,-0.3,0.67,-0.145,3.112,-0.0206,-0.094,0.676,0.3,10.67,Wed
news_momentum,NVDA,2026-06-17,2026-06-17 11:05:00-04:00,205.967,2026-06-17 12:15:00-04:00,207.6028,48,short,-78.52,-0.7942,70.0,fresh headline <45m + breakdown on volume,stop,,-1.229,-0.789,1.47,-0.339,2.021,-0.0494,-0.181,0.399,0.014,11.08,Wed
orb,TSLA,2026-06-17,2026-06-17 10:00:00-04:00,398.3607,2026-06-17 12:20:00-04:00,403.7418,25,short,-134.53,-1.3508,140.0,break of opening range low 399.42,stop,,-0.789,-0.651,1.0,-0.112,3.496,-0.1405,-0.182,0.849,0.039,10.0,Wed
high_break_trail,NVDA,2026-06-17,2026-06-17 11:00:00-04:00,206.3618,2026-06-17 12:20:00-04:00,207.7166,48,short,-65.03,-0.6565,80.0,"break of first-hour low 206.74, 2.0xATR trail",stop,,-1.04,-0.626,0.85,-0.274,2.065,-0.0462,-0.167,0.407,0.134,11.0,Wed
rsi2_reversion,AMD,2026-06-17,2026-06-17 12:15:00-04:00,522.321,2026-06-17 12:20:00-04:00,523.0524,19,long,13.9,0.14,5.0,RSI(2)=10 dip above VWAP,signal,,-1.395,0.763,0.4,-0.048,4.603,0.0705,-0.473,0.741,0.666,12.25,Wed
rsi2_reversion,NVDA,2026-06-17,2026-06-17 12:10:00-04:00,206.7516,2026-06-17 12:45:00-04:00,207.4137,48,short,-31.78,-0.3202,35.0,RSI(2)=91 rip below VWAP,signal,,-0.853,-0.276,0.56,-0.089,1.775,-0.0295,-0.096,0.286,0.253,12.17,Wed
rsi2_reversion,TSLA,2026-06-17,2026-06-17 12:50:00-04:00,402.9714,2026-06-17 13:00:00-04:00,403.6281,24,long,15.76,0.163,10.0,RSI(2)=6 dip above VWAP,signal,,0.359,0.529,0.72,-0.173,2.243,0.0186,-0.068,0.349,0.717,12.83,Wed
rsi2_reversion,AMD,2026-06-17,2026-06-17 12:55:00-04:00,521.7107,2026-06-17 13:10:00-04:00,522.0689,19,long,6.8,0.0686,15.0,RSI(2)=9 dip above VWAP,signal,,-1.51,0.597,0.26,-0.171,4.145,0.0486,-0.463,0.521,0.639,12.92,Wed
vwap_pullback,PLTR,2026-06-17,2026-06-17 11:00:00-04:00,134.4322,2026-06-17 13:50:00-04:00,135.816,74,long,102.4,1.0294,170.0,bounce off session VWAP 134.11,target,,1.962,0.232,0.53,-0.274,3.927,0.045,0.379,0.707,0.711,11.0,Wed
ema_crossover,NVDA,2026-06-17,2026-06-17 12:25:00-04:00,207.5738,2026-06-17 14:00:00-04:00,206.3068,48,long,-60.82,-0.6104,95.0,EMA9/20 cross up above VWAP,stop,,-0.459,0.118,0.69,-0.071,1.724,-0.0206,-0.069,0.264,0.503,12.42,Wed
high_break_trail,COIN,2026-06-17,2026-06-17 11:50:00-04:00,172.6838,2026-06-17 14:00:00-04:00,170.9079,57,long,-101.23,-1.0284,130.0,"break of first-hour high 172.33, 2.0xATR trail",stop,,3.503,1.764,0.96,-0.115,5.121,0.0234,-0.353,0.826,0.978,11.83,Wed
squeeze_breakout,NVDA,2026-06-17,2026-06-17 13:55:00-04:00,207.8889,2026-06-17 14:00:00-04:00,207.2053,48,long,-32.81,-0.3288,5.0,squeeze breakout above upper band 207.74,stop,,-0.307,0.274,0.62,-0.057,1.475,-0.0041,-0.095,0.189,0.598,13.92,Wed
high_break_trail,PLTR,2026-06-17,2026-06-17 13:55:00-04:00,136.128,2026-06-17 14:00:00-04:00,135.0791,73,long,-76.57,-0.7706,5.0,"break of first-hour high 135.99, 2.0xATR trail",stop,,3.249,1.255,0.93,-0.057,2.819,0.0182,0.137,0.33,1.005,13.92,Wed
squeeze_breakout,PLTR,2026-06-17,2026-06-17 13:50:00-04:00,135.7228,2026-06-17 14:00:00-04:00,134.9414,73,long,-57.05,-0.5758,10.0,squeeze breakout above upper band 135.47,stop,,2.941,0.969,0.76,-0.118,2.831,0.0175,0.15,0.337,0.931,13.83,Wed
vwap_pullback,MSTR,2026-06-17,2026-06-17 11:50:00-04:00,124.2021,2026-06-17 14:00:00-04:00,122.5231,80,long,-134.32,-1.3518,130.0,bounce off session VWAP 122.95,stop,,0.969,0.992,1.03,-0.115,4.587,-0.0228,-0.002,0.704,0.747,11.83,Wed
vwap_pullback,COIN,2026-06-17,2026-06-17 11:25:00-04:00,170.6253,2026-06-17 14:05:00-04:00,168.7464,58,long,-108.98,-1.1012,160.0,bounce off session VWAP 169.34,stop,,2.269,0.743,0.59,-0.172,5.309,-0.0203,-0.337,0.9,0.746,11.42,Wed
ema_crossover,TSLA,2026-06-17,2026-06-17 12:00:00-04:00,401.1905,2026-06-17 14:05:00-04:00,398.5206,24,long,-64.08,-0.6655,125.0,EMA9/20 cross up above VWAP,stop,,-0.085,0.26,0.72,-0.075,2.362,-0.0131,-0.067,0.419,0.604,12.0,Wed
ema_crossover,MSTR,2026-06-17,2026-06-17 11:35:00-04:00,123.0965,2026-06-17 14:05:00-04:00,121.3793,81,long,-139.1,-1.395,150.0,EMA9/20 cross up above VWAP,signal,,0.07,0.14,0.64,-0.077,4.538,-0.0509,0.1,0.671,0.518,11.58,Wed
squeeze_breakout,TSLA,2026-06-17,2026-06-17 12:15:00-04:00,403.2944,2026-06-17 14:05:00-04:00,399.4552,24,long,-92.14,-0.952,110.0,squeeze breakout above upper band 402.29,stop,,0.439,0.747,0.9,-0.048,2.307,-0.0006,-0.055,0.389,0.959,12.25,Wed
ema_crossover,COIN,2026-06-17,2026-06-17 11:25:00-04:00,170.6253,2026-06-17 14:10:00-04:00,170.4547,58,long,-9.89,-0.1,165.0,EMA9/20 cross up above VWAP,signal,,2.269,0.743,0.59,-0.172,5.309,-0.0203,-0.337,0.9,0.746,11.42,Wed
vwap_pullback,TSLA,2026-06-17,2026-06-17 14:15:00-04:00,402.5112,2026-06-17 14:25:00-04:00,399.8962,24,long,-62.76,-0.6497,10.0,bounce off session VWAP 401.30,stop,,0.244,0.297,1.16,-0.485,2.46,0.0202,-0.153,0.39,0.592,14.25,Wed
ema_crossover,AMD,2026-06-17,2026-06-17 14:05:00-04:00,515.5221,2026-06-17 14:35:00-04:00,524.4721,19,short,-170.05,-1.7361,30.0,EMA9/20 cross down below VWAP,stop,,-2.678,-0.686,1.42,-0.612,4.288,0.0293,-0.463,0.582,0.365,14.08,Wed
squeeze_breakout,MSTR,2026-06-17,2026-06-17 14:05:00-04:00,121.3793,2026-06-17 14:40:00-04:00,123.8533,82,short,-202.87,-2.0382,35.0,squeeze breakdown below lower band 122.61,stop,,-1.326,-1.462,1.78,-0.612,4.418,0.0149,-0.149,0.652,0.169,14.08,Wed
orb,AMD,2026-06-17,2026-06-17 10:00:00-04:00,508.0458,2026-06-17 14:40:00-04:00,530.1149,19,short,-419.31,-4.3439,280.0,break of opening range low 510.20,stop,,-4.09,-1.418,0.78,-0.112,8.943,-0.0953,-0.529,2.571,0.033,10.0,Wed
news_momentum,MSTR,2026-06-17,2026-06-17 14:05:00-04:00,121.3793,2026-06-17 14:40:00-04:00,124.362,82,short,-244.59,-2.4574,35.0,fresh headline <45m + breakdown on volume,stop,,-1.326,-1.462,1.78,-0.612,4.418,0.0149,-0.149,0.652,0.169,14.08,Wed
high_break_trail,AMD,2026-06-17,2026-06-17 14:45:00-04:00,532.376,2026-06-17 14:55:00-04:00,524.6528,18,long,-139.02,-1.4507,10.0,"break of first-hour high 529.85, 2.0xATR trail",stop,,0.503,2.398,2.12,-0.331,4.506,0.0255,-0.314,0.698,0.995,14.75,Wed
ema_crossover,COIN,2026-06-17,2026-06-17 14:50:00-04:00,173.7919,2026-06-17 15:10:00-04:00,170.2658,57,long,-200.98,-2.0289,20.0,EMA9/20 cross up above VWAP,signal,,4.167,1.691,1.74,-0.397,4.554,0.03,-0.162,0.691,0.965,14.83,Wed
vwap_pullback,COIN,2026-06-17,2026-06-17 14:45:00-04:00,173.8819,2026-06-17 15:10:00-04:00,170.1764,57,long,-211.21,-2.131,25.0,bounce off session VWAP 170.77,stop,,4.221,1.775,1.9,-0.331,4.584,0.0295,-0.163,0.69,0.987,14.75,Wed
ema_crossover,AMD,2026-06-17,2026-06-17 14:45:00-04:00,532.376,2026-06-17 15:20:00-04:00,517.0615,18,long,-275.66,-2.8766,35.0,EMA9/20 cross up above VWAP,stop,,0.503,2.398,2.12,-0.331,4.506,0.0255,-0.314,0.698,0.995,14.75,Wed
vwap_pullback,NVDA,2026-06-17,2026-06-17 10:35:00-04:00,207.2664,2026-06-17 15:20:00-04:00,204.7421,48,short,121.17,1.2179,285.0,rejection at session VWAP 207.95,target,,-0.606,-0.316,0.7,-0.166,2.073,-0.0425,-0.172,0.405,0.213,10.58,Wed
orb,PLTR,2026-06-17,2026-06-17 09:50:00-04:00,134.8174,2026-06-17 15:35:00-04:00,130.5347,74,long,-316.92,-3.1766,345.0,break of opening range high 134.24,stop,,2.254,1.206,1.15,0.009,5.933,0.6974,-0.191,0.998,0.896,9.83,Wed
orb,NVDA,2026-06-17,2026-06-17 10:00:00-04:00,207.0914,2026-06-17 15:40:00-04:00,203.676,48,short,163.94,1.6492,340.0,break of opening range low 207.55,target,,-0.69,-0.503,0.71,-0.112,2.576,-0.0942,-0.392,0.474,0.142,10.0,Wed
orb,MSTR,2026-06-17,2026-06-17 10:40:00-04:00,121.7591,2026-06-17 15:55:00-04:00,116.4683,82,short,433.84,4.3453,315.0,break of opening range low 121.90,eod,,-1.017,-1.153,0.43,-0.145,5.331,-0.1386,0.4,0.828,0.068,10.67,Wed
news_momentum,NVDA,2026-06-17,2026-06-17 14:05:00-04:00,206.1569,2026-06-17 15:55:00-04:00,204.7803,48,short,66.07,0.6677,110.0,fresh headline <45m + breakdown on volume,eod,,-1.138,-0.502,1.6,-0.612,1.685,-0.0053,-0.083,0.251,0.219,14.08,Wed
news_momentum,COIN,2026-06-17,2026-06-17 15:25:00-04:00,168.0659,2026-06-17 15:55:00-04:00,164.9024,59,short,186.65,1.8823,30.0,fresh headline <45m + breakdown on volume,eod,,0.735,-1.591,2.04,-1.229,4.714,0.0167,-0.084,0.808,0.29,15.42,Wed
ema_crossover,NVDA,2026-06-17,2026-06-17 14:10:00-04:00,206.1669,2026-06-17 15:55:00-04:00,204.7803,48,short,66.55,0.6725,105.0,EMA9/20 cross down below VWAP,eod,,-1.133,-0.486,4.55,-0.623,1.67,-0.006,-0.084,0.254,0.222,14.17,Wed
ema_crossover,PLTR,2026-06-17,2026-06-17 14:10:00-04:00,134.0428,2026-06-17 15:55:00-04:00,130.7253,74,short,245.5,2.475,105.0,EMA9/20 cross down below VWAP,eod,,1.667,-0.29,1.24,-0.623,3.157,0.0132,0.154,0.404,0.626,14.17,Wed
vwap_pullback,AMD,2026-06-17,2026-06-17 15:25:00-04:00,516.0518,2026-06-17 15:55:00-04:00,512.316,19,short,70.98,0.7239,30.0,rejection at session VWAP 520.27,eod,,-2.578,-0.803,1.3,-1.229,4.622,0.0185,-0.223,0.811,0.347,15.42,Wed
rsi2_reversion,TSLA,2026-06-18,2026-06-18 10:10:00-04:00,391.1043,2026-06-18 10:15:00-04:00,389.5547,25,short,38.74,0.3962,5.0,RSI(2)=92 rip below VWAP,signal,0.445,-1.754,-0.078,0.51,-0.388,3.322,-0.0123,-0.106,1.386,0.353,10.17,Thu
vwap_pullback,AMD,2026-06-18,2026-06-18 10:25:00-04:00,536.8853,2026-06-18 10:30:00-04:00,529.9807,18,long,-124.28,-1.286,5.0,bounce off session VWAP 531.84,stop,3.971,0.843,0.94,0.5,-0.32,4.641,0.0202,-0.543,1.223,1.006,10.42,Thu
vwap_pullback,AMD,2026-06-18,2026-06-18 10:35:00-04:00,529.4152,2026-06-18 10:55:00-04:00,533.6823,18,short,-76.81,-0.806,20.0,rejection at session VWAP 531.82,stop,3.971,-0.56,-0.445,0.43,-0.169,4.326,-0.0053,-0.347,1.134,0.246,10.58,Thu
rsi2_reversion,PLTR,2026-06-18,2026-06-18 10:20:00-04:00,127.3663,2026-06-18 11:10:00-04:00,127.3236,78,short,3.33,0.0335,50.0,RSI(2)=92 rip below VWAP,signal,0.224,-2.739,-0.199,0.49,-0.177,4.968,-0.0914,-0.186,1.583,0.368,10.33,Thu
high_break_trail,COIN,2026-06-18,2026-06-18 11:00:00-04:00,169.3046,2026-06-18 11:15:00-04:00,165.7135,59,long,-211.88,-2.1211,15.0,"break of first-hour high 168.60, 2.0xATR trail",stop,1.778,0.927,1.736,1.36,-0.171,5.367,0.1136,-0.412,1.015,0.924,11.0,Thu
rsi2_reversion,TSLA,2026-06-18,2026-06-18 11:10:00-04:00,389.3732,2026-06-18 11:20:00-04:00,388.9344,25,short,10.97,0.1127,10.0,RSI(2)=92 rip below VWAP,signal,0.445,-2.188,-0.18,0.38,-0.218,3.493,-0.0226,-0.154,0.847,0.327,11.17,Thu
high_break_trail,AMD,2026-06-18,2026-06-18 11:15:00-04:00,537.5686,2026-06-18 11:35:00-04:00,528.6498,18,long,-160.54,-1.6591,20.0,"break of first-hour high 536.83, 2.0xATR trail",stop,3.971,0.972,0.985,1.17,-0.277,3.818,0.0246,-0.308,0.895,0.837,11.25,Thu
orb,AMD,2026-06-18,2026-06-18 10:25:00-04:00,536.8853,2026-06-18 11:35:00-04:00,526.7365,18,long,-182.68,-1.8903,70.0,break of opening range high 536.00,stop,3.971,0.843,0.94,0.5,-0.32,4.641,0.0202,-0.543,1.223,1.006,10.42,Thu
orb,COIN,2026-06-18,2026-06-18 11:00:00-04:00,169.3046,2026-06-18 11:35:00-04:00,163.7681,59,long,-326.66,-3.2702,35.0,break of opening range high 168.60,stop,1.778,0.927,1.736,1.36,-0.171,5.367,0.1136,-0.412,1.015,0.924,11.0,Thu
vwap_pullback,MSTR,2026-06-18,2026-06-18 11:15:00-04:00,113.2184,2026-06-18 11:35:00-04:00,111.058,88,short,190.11,1.9081,20.0,rejection at session VWAP 113.98,target,1.151,-3.849,-0.632,0.46,-0.277,6.5,-0.0395,-0.297,1.18,0.251,11.25,Thu
rsi2_reversion,NVDA,2026-06-18,2026-06-18 11:30:00-04:00,209.0044,2026-06-18 11:55:00-04:00,208.6756,47,long,-15.46,-0.1573,25.0,RSI(2)=6 dip above VWAP,signal,1.269,0.834,0.503,0.32,-0.296,1.706,0.0427,-0.394,0.374,0.743,11.5,Thu
ema_crossover,AMD,2026-06-18,2026-06-18 11:40:00-04:00,528.2358,2026-06-18 12:05:00-04:00,534.9273,18,short,-120.45,-1.2668,25.0,EMA9/20 cross down below VWAP,signal,3.971,-0.781,-0.737,0.68,-0.39,3.57,-0.0003,-0.186,0.808,0.144,11.67,Thu
vwap_pullback,TSLA,2026-06-18,2026-06-18 10:15:00-04:00,389.1653,2026-06-18 12:05:00-04:00,392.7848,25,short,-90.49,-0.9301,110.0,rejection at session VWAP 391.41,stop,0.445,-2.241,-0.561,0.51,-0.214,3.429,0.0097,-0.279,1.331,0.195,10.25,Thu
vwap_pullback,PLTR,2026-06-18,2026-06-18 10:30:00-04:00,126.8366,2026-06-18 12:20:00-04:00,128.0471,78,short,-94.42,-0.9544,110.0,rejection at session VWAP 127.60,stop,0.224,-3.143,-0.583,0.43,-0.259,4.511,-0.056,-0.179,1.422,0.285,10.5,Thu
rsi2_reversion,PLTR,2026-06-18,2026-06-18 11:55:00-04:00,127.2063,2026-06-18 12:20:00-04:00,128.5426,78,short,-104.23,-1.0505,25.0,RSI(2)=93 rip below VWAP,stop,0.224,-2.861,-0.157,0.56,-0.202,3.386,-0.012,-0.117,0.68,0.343,11.92,Thu
rsi2_reversion,COIN,2026-06-18,2026-06-18 12:10:00-04:00,164.4627,2026-06-18 12:20:00-04:00,164.142,60,short,19.24,0.195,10.0,RSI(2)=91 rip below VWAP,signal,1.778,-1.96,-0.892,0.51,-0.21,4.675,-0.0297,-0.19,0.682,0.212,12.17,Thu
rsi2_reversion,MSTR,2026-06-18,2026-06-18 12:10:00-04:00,112.0439,2026-06-18 12:30:00-04:00,111.4657,89,short,51.46,0.5161,20.0,RSI(2)=95 rip below VWAP,signal,1.151,-4.846,-0.995,0.78,-0.21,5.865,-0.0957,-0.166,0.933,0.259,12.17,Thu
high_break_trail,NVDA,2026-06-18,2026-06-18 12:25:00-04:00,209.9756,2026-06-18 12:55:00-04:00,209.8485,47,long,-5.98,-0.0606,30.0,"break of first-hour high 209.87, 2.0xATR trail",stop,1.269,1.303,0.879,0.93,-0.148,1.555,0.023,-0.246,0.291,0.963,12.42,Thu
news_momentum,MSTR,2026-06-18,2026-06-18 12:30:00-04:00,111.3543,2026-06-18 13:00:00-04:00,109.7377,89,short,143.87,1.4517,30.0,fresh headline <45m + breakdown on volume,target,1.151,-5.432,-1.435,3.21,-0.162,5.561,-0.0871,-0.164,0.84,0.169,12.5,Thu
news_momentum,TSLA,2026-06-18,2026-06-18 11:55:00-04:00,390.5253,2026-06-18 13:30:00-04:00,396.5774,25,long,151.3,1.5498,95.0,fresh headline <45m + breakout on volume,target,0.445,-1.899,0.147,1.54,-0.202,3.059,-0.0021,-0.11,0.629,0.407,11.92,Thu
squeeze_breakout,COIN,2026-06-18,2026-06-18 13:25:00-04:00,162.6586,2026-06-18 13:50:00-04:00,163.8574,61,short,-73.12,-0.737,25.0,squeeze breakdown below lower band 162.92,stop,1.778,-3.035,-1.717,1.0,-0.028,3.991,-0.0444,-0.215,0.496,0.085,13.42,Thu
squeeze_breakout,COIN,2026-06-18,2026-06-18 14:10:00-04:00,162.4687,2026-06-18 14:15:00-04:00,160.7458,61,short,105.1,1.0605,5.0,squeeze breakdown below lower band 162.70,target,1.778,-3.148,-1.562,0.99,-0.147,3.817,-0.0435,-0.166,0.494,0.173,14.17,Thu
ema_crossover,NVDA,2026-06-18,2026-06-18 11:55:00-04:00,208.8844,2026-06-18 14:15:00-04:00,209.6151,47,long,34.35,0.3498,140.0,EMA9/20 cross up above VWAP,signal,1.269,0.776,0.43,0.42,-0.202,1.679,0.0227,-0.272,0.336,0.708,11.92,Thu
rsi2_reversion,NVDA,2026-06-18,2026-06-18 14:00:00-04:00,210.035,2026-06-18 14:20:00-04:00,209.7551,47,long,-13.15,-0.1333,20.0,RSI(2)=8 dip above VWAP,signal,1.269,1.332,0.712,0.31,-0.15,1.464,0.0226,-0.184,0.196,0.752,14.0,Thu
ar_forecast,COIN,2026-06-18,2026-06-18 14:20:00-04:00,161.5792,2026-06-18 14:25:00-04:00,161.9109,61,short,-20.24,-0.2053,5.0,AR(12) forecasts -0.24% over 6 bars,signal,1.778,-3.679,-2.007,2.09,-0.142,3.759,-0.0454,-0.169,0.498,0.113,14.33,Thu
rsi2_reversion,AMD,2026-06-18,2026-06-18 14:05:00-04:00,532.8763,2026-06-18 14:30:00-04:00,532.8434,18,long,-0.59,-0.0062,25.0,RSI(2)=4 dip above VWAP,signal,3.971,0.09,0.075,0.47,-0.151,2.743,0.0096,-0.132,0.331,0.493,14.08,Thu
ema_crossover,PLTR,2026-06-18,2026-06-18 12:10:00-04:00,127.7939,2026-06-18 14:30:00-04:00,127.856,78,long,4.85,0.0486,140.0,EMA9/20 cross up above VWAP,signal,0.224,-2.412,0.299,0.69,-0.21,3.263,-0.0025,-0.117,0.609,0.435,12.17,Thu
ar_forecast,PLTR,2026-06-18,2026-06-18 14:20:00-04:00,127.956,2026-06-18 14:50:00-04:00,128.2641,78,short,-24.03,-0.2408,30.0,AR(12) forecasts -0.28% over 6 bars,signal,0.224,-2.288,0.254,0.52,-0.142,2.684,0.0286,-0.124,0.314,0.46,14.33,Thu
rsi2_reversion,PLTR,2026-06-18,2026-06-18 14:15:00-04:00,128.3942,2026-06-18 14:50:00-04:00,128.1359,77,long,-19.89,-0.2012,35.0,RSI(2)=6 dip above VWAP,signal,0.224,-1.954,0.599,0.31,-0.153,2.708,0.0296,-0.125,0.325,0.529,14.25,Thu
rsi2_reversion,TSLA,2026-06-18,2026-06-18 14:00:00-04:00,395.9078,2026-06-18 14:50:00-04:00,395.3622,25,long,-13.64,-0.1378,50.0,RSI(2)=10 dip above VWAP,signal,0.445,-0.547,1.214,0.95,-0.15,2.465,0.0401,-0.132,0.324,0.784,14.0,Thu
ar_forecast,AMD,2026-06-18,2026-06-18 14:20:00-04:00,533.2565,2026-06-18 14:50:00-04:00,529.755,18,long,-63.03,-0.6566,30.0,AR(12) forecasts +0.16% over 6 bars,signal,3.971,0.162,0.146,0.37,-0.142,2.679,0.0081,-0.137,0.311,0.522,14.33,Thu
ar_forecast,MSTR,2026-06-18,2026-06-18 14:20:00-04:00,109.3503,2026-06-18 14:50:00-04:00,109.4947,91,short,-13.14,-0.1321,30.0,AR(12) forecasts -0.68% over 6 bars,signal,1.151,-7.134,-2.416,0.86,-0.142,4.895,-0.0904,-0.202,0.645,0.152,14.33,Thu
ema_crossover,NVDA,2026-06-18,2026-06-18 14:25:00-04:00,210.2551,2026-06-18 14:55:00-04:00,209.5052,47,long,-35.24,-0.3566,30.0,EMA9/20 cross up above VWAP,stop,1.269,1.438,0.78,0.85,-0.169,1.408,0.0198,-0.182,0.198,0.799,14.42,Thu
ar_forecast,COIN,2026-06-18,2026-06-18 14:30:00-04:00,161.6158,2026-06-18 14:55:00-04:00,161.6092,61,long,-0.4,-0.0041,25.0,AR(12) forecasts +0.23% over 6 bars,signal,1.778,-3.657,-1.954,0.36,-0.183,3.698,-0.047,-0.172,0.484,0.117,14.5,Thu
rsi2_reversion,MSTR,2026-06-18,2026-06-18 15:00:00-04:00,109.7851,2026-06-18 15:05:00-04:00,109.6398,91,short,13.22,0.1323,5.0,RSI(2)=94 rip below VWAP,signal,1.151,-6.764,-1.884,0.5,-0.237,4.633,-0.0796,-0.198,0.569,0.195,15.0,Thu
ar_forecast,NVDA,2026-06-18,2026-06-18 14:40:00-04:00,209.9999,2026-06-18 15:05:00-04:00,209.9749,47,short,1.18,0.0119,25.0,AR(12) forecasts -0.15% over 6 bars,signal,1.269,1.315,0.64,0.35,-0.169,1.383,0.0188,-0.184,0.194,0.745,14.67,Thu
rsi2_reversion,NVDA,2026-06-18,2026-06-18 14:55:00-04:00,209.9049,2026-06-18 15:05:00-04:00,209.7651,47,long,-6.57,-0.0666,10.0,RSI(2)=9 dip above VWAP,signal,1.269,1.269,0.581,0.5,-0.184,1.364,0.0172,-0.168,0.182,0.724,14.92,Thu
ema_crossover,TSLA,2026-06-18,2026-06-18 11:55:00-04:00,390.5253,2026-06-18 15:10:00-04:00,393.8829,25,long,83.94,0.8598,195.0,EMA9/20 cross up above VWAP,signal,0.445,-1.899,0.147,1.54,-0.202,3.059,-0.0021,-0.11,0.629,0.407,11.92,Thu
high_break_trail,MSTR,2026-06-18,2026-06-18 11:40:00-04:00,110.9345,2026-06-18 15:15:00-04:00,110.3884,90,short,49.15,0.4923,215.0,"break of first-hour low 111.80, 2.0xATR trail",stop,1.151,-5.788,-2.246,1.55,-0.39,6.144,-0.0883,-0.23,1.102,0.103,11.67,Thu
ar_forecast,AMD,2026-06-18,2026-06-18 14:55:00-04:00,531.6556,2026-06-18 15:20:00-04:00,533.4731,18,long,32.72,0.3419,25.0,AR(12) forecasts +0.28% over 6 bars,signal,3.971,-0.139,-0.138,0.93,-0.184,2.58,0.0029,-0.123,0.294,0.401,14.92,Thu
ar_forecast,PLTR,2026-06-18,2026-06-18 14:55:00-04:00,128.0459,2026-06-18 15:25:00-04:00,128.014,78,short,2.49,0.025,30.0,AR(12) forecasts -0.18% over 6 bars,signal,0.224,-2.22,0.31,0.33,-0.184,2.543,0.0228,-0.123,0.253,0.474,14.92,Thu
ar_forecast,MSTR,2026-06-18,2026-06-18 14:55:00-04:00,109.5852,2026-06-18 15:25:00-04:00,110.5002,91,short,-83.27,-0.835,30.0,AR(12) forecasts -0.48% over 6 bars,signal,1.151,-6.934,-2.089,0.48,-0.184,4.663,-0.081,-0.195,0.567,0.175,14.92,Thu
squeeze_breakout,MSTR,2026-06-18,2026-06-18 13:05:00-04:00,109.6551,2026-06-18 15:35:00-04:00,111.1889,91,short,-139.57,-1.3987,150.0,squeeze breakdown below lower band 109.81,stop,1.151,-6.875,-2.666,1.85,-0.039,5.143,-0.0887,-0.154,0.736,0.035,13.08,Thu
rsi2_reversion,MSTR,2026-06-18,2026-06-18 15:20:00-04:00,110.4248,2026-06-18 15:35:00-04:00,111.5848,90,short,-104.4,-1.0505,15.0,RSI(2)=95 rip below VWAP,stop,1.151,-6.221,-1.252,0.6,-0.251,4.557,-0.0717,-0.178,0.527,0.26,15.33,Thu
ema_crossover,COIN,2026-06-18,2026-06-18 11:30:00-04:00,164.4477,2026-06-18 15:45:00-04:00,163.0115,60,short,86.18,0.8734,255.0,EMA9/20 cross down below VWAP,signal,1.778,-1.969,-1.13,0.79,-0.296,5.197,0.0301,-0.201,0.867,0.128,11.5,Thu
orb,TSLA,2026-06-18,2026-06-18 10:30:00-04:00,385.9169,2026-06-18 15:45:00-04:00,399.1995,25,short,-332.06,-3.4418,315.0,break of opening range low 388.14,stop,0.445,-3.057,-1.188,1.06,-0.259,3.797,-0.0585,-0.074,1.212,0.085,10.5,Thu
ema_crossover,TSLA,2026-06-18,2026-06-18 15:20:00-04:00,396.538,2026-06-18 15:55:00-04:00,400.2298,25,long,92.29,0.931,35.0,EMA9/20 cross up above VWAP,eod,0.445,-0.389,1.237,0.68,-0.251,2.303,0.032,-0.151,0.286,0.828,15.33,Thu
orb,NVDA,2026-06-18,2026-06-18 10:10:00-04:00,208.6893,2026-06-18 15:55:00-04:00,210.1249,47,long,67.47,0.6879,345.0,break of opening range high 207.99,eod,1.269,0.682,0.653,0.34,-0.388,2.047,0.0935,-0.721,0.567,0.969,10.17,Thu
vwap_pullback,NVDA,2026-06-18,2026-06-18 11:55:00-04:00,208.8844,2026-06-18 15:55:00-04:00,210.1249,47,long,58.3,0.5939,240.0,bounce off session VWAP 207.98,eod,1.269,0.776,0.43,0.42,-0.202,1.679,0.0227,-0.272,0.336,0.708,11.92,Thu
orb,MSTR,2026-06-18,2026-06-18 10:00:00-04:00,113.1734,2026-06-18 15:55:00-04:00,112.6163,88,short,49.03,0.4923,355.0,break of opening range low 113.72,eod,1.151,-3.887,-1.469,0.77,-0.378,7.158,-0.2808,-0.441,1.822,0.089,10.0,Thu
squeeze_breakout,TSLA,2026-06-18,2026-06-18 13:35:00-04:00,397.0684,2026-06-18 15:55:00-04:00,400.2298,25,long,79.03,0.7962,140.0,squeeze breakout above upper band 396.26,eod,0.445,-0.255,1.587,1.11,-0.058,2.578,0.0377,-0.134,0.353,0.865,13.58,Thu
vwap_pullback,COIN,2026-06-18,2026-06-18 11:25:00-04:00,164.5477,2026-06-18 15:55:00-04:00,163.3016,60,short,74.76,0.7573,270.0,rejection at session VWAP 166.42,eod,1.778,-1.909,-1.088,0.64,-0.318,5.3,0.0425,-0.199,0.903,0.144,11.42,Thu
orb,PLTR,2026-06-18,2026-06-18 09:50:00-04:00,126.8465,2026-06-18 15:55:00-04:00,128.5543,78,short,-133.2,-1.3463,365.0,break of opening range low 127.19,eod,0.224,-3.135,-1.25,0.59,-0.416,3.873,-0.2787,-0.894,2.065,0.031,9.83,Thu
vwap_pullback,NVDA,2026-06-22,2026-06-22 10:10:00-04:00,213.8575,2026-06-22 10:20:00-04:00,212.0994,46,long,-80.87,-0.8221,10.0,bounce off session VWAP 212.84,stop,0.578,1.141,0.468,0.51,0.211,2.863,-0.0104,-0.4,0.995,0.959,10.17,Mon
ar_forecast,MSTR,2026-06-22,2026-06-22 10:35:00-04:00,116.058,2026-06-22 10:40:00-04:00,114.84,86,long,-104.75,-1.0495,5.0,AR(12) forecasts +0.80% over 6 bars,stop,3.225,-0.114,-1.012,0.37,-0.294,6.122,-0.2013,-0.333,1.611,0.259,10.58,Mon
ar_forecast,COIN,2026-06-22,2026-06-22 10:35:00-04:00,169.4147,2026-06-22 10:40:00-04:00,167.6367,59,long,-104.9,-1.0495,5.0,AR(12) forecasts +0.41% over 6 bars,stop,1.057,2.71,-1.269,0.46,-0.294,7.578,-0.1564,0.349,1.634,0.387,10.58,Mon
orb,MSTR,2026-06-22,2026-06-22 09:50:00-04:00,119.1896,2026-06-22 10:45:00-04:00,114.6227,83,long,-379.05,-3.8316,55.0,break of opening range high 118.39,stop,3.225,2.582,1.435,0.81,0.185,6.735,0.2348,-0.819,2.093,0.848,9.83,Mon
ar_forecast,MSTR,2026-06-22,2026-06-22 10:45:00-04:00,114.7173,2026-06-22 10:50:00-04:00,114.7626,87,long,3.94,0.0395,5.0,AR(12) forecasts +0.36% over 6 bars,signal,3.225,-1.267,-2.01,0.72,-0.388,5.798,-0.2133,-0.303,1.508,0.105,10.75,Mon
ar_forecast,COIN,2026-06-22,2026-06-22 10:45:00-04:00,167.5837,2026-06-22 10:50:00-04:00,165.825,59,long,-103.77,-1.0495,5.0,AR(12) forecasts +0.98% over 6 bars,stop,1.057,1.6,-2.196,0.4,-0.388,7.307,-0.2159,0.344,1.543,0.229,10.75,Mon
ar_forecast,TSLA,2026-06-22,2026-06-22 10:45:00-04:00,408.154,2026-06-22 10:50:00-04:00,403.8704,24,long,-102.81,-1.0495,5.0,AR(12) forecasts +0.25% over 6 bars,stop,-1.393,3.369,0.382,0.76,-0.388,4.984,0.1469,0.524,0.886,0.675,10.75,Mon
rsi2_reversion,TSLA,2026-06-22,2026-06-22 10:45:00-04:00,408.154,2026-06-22 10:50:00-04:00,403.8704,24,long,-102.81,-1.0495,5.0,RSI(2)=6 dip above VWAP,stop,-1.393,3.369,0.382,0.76,-0.388,4.984,0.1469,0.524,0.886,0.675,10.75,Mon
ar_forecast,AMD,2026-06-22,2026-06-22 10:35:00-04:00,543.4416,2026-06-22 11:05:00-04:00,547.3393,18,long,70.16,0.7172,30.0,AR(12) forecasts +0.36% over 6 bars,signal,1.615,-0.377,-0.923,0.61,-0.294,6.382,-0.0392,0.416,1.564,0.283,10.58,Mon
vwap_pullback,AMD,2026-06-22,2026-06-22 11:10:00-04:00,548.7742,2026-06-22 11:10:00-04:00,545.9448,18,long,-50.93,-0.5156,0.0,bounce off session VWAP 547.86,stop,1.615,0.6,0.169,0.58,-0.432,5.398,-0.0363,0.343,1.176,0.479,11.17,Mon
ar_forecast,NVDA,2026-06-22,2026-06-22 10:45:00-04:00,209.5747,2026-06-22 11:10:00-04:00,209.7551,47,long,8.48,0.086,25.0,AR(12) forecasts +0.51% over 6 bars,signal,0.578,-0.885,-1.24,0.63,-0.388,2.522,-0.128,-0.217,0.762,0.076,10.75,Mon
ar_forecast,PLTR,2026-06-22,2026-06-22 10:40:00-04:00,124.013,2026-06-22 11:10:00-04:00,122.4713,80,short,123.33,1.2431,30.0,AR(12) forecasts -0.42% over 6 bars,signal,-2.14,-1.373,-1.557,1.08,-0.424,5.944,-0.2103,0.25,1.128,0.084,10.67,Mon
rsi2_reversion,NVDA,2026-06-22,2026-06-22 11:25:00-04:00,209.9,2026-06-22 11:30:00-04:00,209.9349,47,short,-1.64,-0.0166,5.0,RSI(2)=93 rip below VWAP,signal,0.578,-0.731,-0.819,0.44,-0.443,2.244,-0.096,-0.07,0.556,0.238,11.42,Mon
ar_forecast,TSLA,2026-06-22,2026-06-22 11:05:00-04:00,409.1195,2026-06-22 11:30:00-04:00,409.5851,24,long,11.18,0.1138,25.0,AR(12) forecasts +0.21% over 6 bars,signal,-1.393,3.614,0.655,0.82,-0.455,5.113,0.0698,0.452,0.869,0.722,11.08,Mon
ar_forecast,AMD,2026-06-22,2026-06-22 11:15:00-04:00,546.5316,2026-06-22 11:40:00-04:00,543.3715,18,short,56.88,0.5782,25.0,AR(12) forecasts -0.26% over 6 bars,signal,1.615,0.189,-0.237,0.39,-0.469,5.27,-0.0334,0.348,1.129,0.397,11.25,Mon
ar_forecast,NVDA,2026-06-22,2026-06-22 11:15:00-04:00,209.7651,2026-06-22 11:45:00-04:00,210.6803,47,short,-43.02,-0.4363,30.0,AR(12) forecasts -0.19% over 6 bars,signal,0.578,-0.795,-0.916,0.53,-0.469,2.334,-0.1086,-0.079,0.603,0.213,11.25,Mon
ar_forecast,PLTR,2026-06-22,2026-06-22 11:15:00-04:00,122.3588,2026-06-22 11:45:00-04:00,122.7814,81,short,-34.23,-0.3454,30.0,AR(12) forecasts -0.48% over 6 bars,signal,-2.14,-2.689,-2.258,0.63,-0.469,4.964,-0.2271,0.195,0.856,0.016,11.25,Mon
rsi2_reversion,NVDA,2026-06-22,2026-06-22 11:40:00-04:00,210.6144,2026-06-22 11:50:00-04:00,209.9015,47,short,33.51,0.3385,10.0,RSI(2)=94 rip below VWAP,signal,0.578,-0.393,-0.446,0.61,-0.242,2.216,-0.074,-0.02,0.496,0.371,11.67,Mon
vwap_pullback,MSTR,2026-06-22,2026-06-22 10:20:00-04:00,115.2623,2026-06-22 12:15:00-04:00,110.2631,86,short,429.94,4.3373,115.0,rejection at session VWAP 117.44,target,3.225,-0.798,-1.795,0.6,-0.025,6.813,-0.2071,-0.366,1.78,0.109,10.33,Mon
rsi2_reversion,TSLA,2026-06-22,2026-06-22 12:00:00-04:00,408.204,2026-06-22 12:15:00-04:00,408.2308,24,long,0.64,0.0066,15.0,RSI(2)=8 dip above VWAP,signal,-1.393,3.382,0.29,0.32,-0.528,4.28,0.0394,0.407,0.606,0.677,12.0,Mon
orb,COIN,2026-06-22,2026-06-22 09:50:00-04:00,173.8869,2026-06-22 12:20:00-04:00,164.8625,57,long,-514.39,-5.1898,150.0,break of opening range high 173.69,stop,1.057,5.421,1.654,0.86,0.185,6.693,0.6501,0.997,2.128,0.919,9.83,Mon
rsi2_reversion,AMD,2026-06-22,2026-06-22 12:25:00-04:00,541.6091,2026-06-22 12:35:00-04:00,541.0704,18,short,9.7,0.0995,10.0,RSI(2)=92 rip below VWAP,signal,1.615,-0.713,-0.91,0.36,-0.39,4.383,-0.0484,0.312,0.706,0.216,12.42,Mon
ema_crossover,AMD,2026-06-22,2026-06-22 11:35:00-04:00,543.6081,2026-06-22 13:00:00-04:00,544.242,18,short,-11.41,-0.1166,85.0,EMA9/20 cross down below VWAP,signal,1.615,-0.347,-0.739,0.34,-0.338,4.909,-0.0329,0.342,0.967,0.29,11.58,Mon
rsi2_reversion,COIN,2026-06-22,2026-06-22 12:50:00-04:00,165.3073,2026-06-22 13:00:00-04:00,165.1625,60,short,8.69,0.0876,10.0,RSI(2)=91 rip below VWAP,signal,1.057,0.22,-2.58,0.22,-0.35,5.061,-0.1319,0.246,0.668,0.092,12.83,Mon
rsi2_reversion,AMD,2026-06-22,2026-06-22 12:50:00-04:00,543.9479,2026-06-22 13:10:00-04:00,542.1109,18,short,33.06,0.3377,20.0,RSI(2)=91 rip below VWAP,signal,1.615,-0.285,-0.443,0.52,-0.35,4.183,-0.0389,0.292,0.618,0.302,12.83,Mon
rsi2_reversion,MSTR,2026-06-22,2026-06-22 13:00:00-04:00,110.4148,2026-06-22 13:10:00-04:00,110.04,90,short,33.73,0.3394,10.0,RSI(2)=96 rip below VWAP,signal,3.225,-4.971,-4.095,0.55,-0.381,4.298,-0.1929,-0.204,0.728,0.094,13.0,Mon
ema_crossover,TSLA,2026-06-22,2026-06-22 13:00:00-04:00,408.4041,2026-06-22 13:10:00-04:00,407.1263,24,long,-30.67,-0.3129,10.0,EMA9/20 cross up above VWAP,signal,-1.393,3.433,0.32,0.37,-0.381,3.67,0.0145,0.389,0.407,0.687,13.0,Mon
rsi2_reversion,PLTR,2026-06-22,2026-06-22 12:50:00-04:00,120.8096,2026-06-22 13:25:00-04:00,120.8754,82,short,-5.4,-0.0545,35.0,RSI(2)=91 rip below VWAP,signal,-2.14,-3.921,-2.325,0.64,-0.35,3.858,-0.1525,0.224,0.526,0.115,12.83,Mon
ema_crossover,TSLA,2026-06-22,2026-06-22 13:20:00-04:00,409.2745,2026-06-22 13:30:00-04:00,406.8465,24,long,-58.27,-0.5933,10.0,EMA9/20 cross up above VWAP,signal,-1.393,3.653,0.527,0.67,-0.376,3.635,0.011,0.33,0.422,0.73,13.33,Mon
rsi2_reversion,PLTR,2026-06-22,2026-06-22 13:55:00-04:00,120.7046,2026-06-22 14:15:00-04:00,120.7303,82,short,-2.11,-0.0213,20.0,RSI(2)=91 rip below VWAP,signal,-2.14,-4.005,-2.068,0.63,-0.403,3.422,-0.1122,0.22,0.364,0.104,13.92,Mon
rsi2_reversion,NVDA,2026-06-22,2026-06-22 14:20:00-04:00,208.9555,2026-06-22 14:25:00-04:00,208.9844,47,short,-1.36,-0.0139,5.0,RSI(2)=91 rip below VWAP,signal,0.578,-1.177,-0.904,0.44,-0.306,1.674,-0.032,-0.018,0.197,0.091,14.33,Mon
rsi2_reversion,MSTR,2026-06-22,2026-06-22 14:05:00-04:00,110.3948,2026-06-22 14:30:00-04:00,110.025,90,short,33.28,0.335,25.0,RSI(2)=95 rip below VWAP,signal,3.225,-4.988,-3.678,0.48,-0.371,3.941,-0.1516,-0.169,0.519,0.109,14.08,Mon
rsi2_reversion,AMD,2026-06-22,2026-06-22 13:50:00-04:00,544.0079,2026-06-22 14:40:00-04:00,546.173,18,short,-38.97,-0.398,50.0,RSI(2)=92 rip below VWAP,signal,1.615,-0.274,-0.397,0.33,-0.33,3.745,-0.021,0.275,0.404,0.304,13.83,Mon
rsi2_reversion,COIN,2026-06-22,2026-06-22 13:55:00-04:00,165.0974,2026-06-22 14:40:00-04:00,165.4227,60,short,-19.52,-0.197,45.0,RSI(2)=94 rip below VWAP,signal,1.057,0.092,-2.21,0.35,-0.403,4.511,-0.0972,0.234,0.472,0.111,13.92,Mon
vwap_pullback,TSLA,2026-06-22,2026-06-22 11:10:00-04:00,409.4546,2026-06-22 15:05:00-04:00,405.0368,24,long,-106.03,-1.079,235.0,bounce off session VWAP 406.46,stop,-1.393,3.699,0.715,0.72,-0.432,4.995,0.0724,0.446,0.838,0.739,11.17,Mon
news_momentum,TSLA,2026-06-22,2026-06-22 15:10:00-04:00,405.4172,2026-06-22 15:15:00-04:00,406.8633,24,short,-34.71,-0.3567,5.0,fresh headline <45m + breakdown on volume,stop,-1.393,2.676,-0.407,1.66,-0.507,3.093,-0.0003,0.317,0.312,0.54,15.17,Mon
vwap_pullback,AMD,2026-06-22,2026-06-22 11:35:00-04:00,543.6081,2026-06-22 15:50:00-04:00,549.6605,18,short,-108.94,-1.1134,255.0,rejection at session VWAP 547.74,stop,1.615,-0.347,-0.739,0.34,-0.338,4.909,-0.0329,0.342,0.967,0.29,11.58,Mon
squeeze_breakout,COIN,2026-06-22,2026-06-22 12:25:00-04:00,164.6176,2026-06-22 15:55:00-04:00,164.9224,60,short,-18.29,-0.1851,210.0,squeeze breakdown below lower band 165.08,eod,1.057,-0.198,-3.117,0.58,-0.39,5.38,-0.1465,0.241,0.782,0.036,12.42,Mon
squeeze_breakout,AMD,2026-06-22,2026-06-22 13:55:00-04:00,546.5832,2026-06-22 15:55:00-04:00,551.4042,18,long,86.78,0.882,120.0,squeeze breakout above upper band 545.82,eod,1.615,0.199,0.075,0.53,-0.403,3.713,-0.0194,0.267,0.398,0.399,13.92,Mon
squeeze_breakout,PLTR,2026-06-22,2026-06-22 12:20:00-04:00,120.7046,2026-06-22 15:55:00-04:00,119.5398,82,short,95.51,0.965,215.0,squeeze breakdown below lower band 121.01,eod,-2.14,-4.005,-2.851,1.16,-0.429,4.069,-0.1634,0.204,0.6,0.061,12.33,Mon
orb,AMD,2026-06-22,2026-06-22 09:50:00-04:00,552.6762,2026-06-22 15:55:00-04:00,551.4042,18,long,-22.9,-0.2302,365.0,break of opening range high 550.50,eod,1.615,1.316,1.058,0.84,0.185,8.94,0.7322,0.089,2.286,0.722,9.83,Mon
high_break_trail,PLTR,2026-06-22,2026-06-22 10:45:00-04:00,123.5832,2026-06-22 15:55:00-04:00,119.5398,80,short,323.47,3.2717,310.0,"break of first-hour low 124.02, 2.0xATR trail",eod,-2.14,-1.715,-1.819,0.73,-0.388,5.735,-0.2211,0.248,1.085,0.058,10.75,Mon
orb,TSLA,2026-06-22,2026-06-22 09:50:00-04:00,403.3016,2026-06-22 15:55:00-04:00,404.8375,24,long,36.86,0.3808,365.0,break of opening range high 403.15,eod,-1.393,2.14,0.838,0.63,0.185,4.782,0.2728,0.814,1.139,0.94,9.83,Mon
orb,NVDA,2026-06-22,2026-06-22 10:35:00-04:00,209.945,2026-06-22 15:55:00-04:00,208.6643,47,short,60.19,0.61,320.0,break of opening range low 210.79,eod,0.578,-0.709,-1.168,0.97,-0.294,2.705,-0.1094,-0.219,0.834,0.079,10.58,Mon
orb,PLTR,2026-06-22,2026-06-22 10:30:00-04:00,124.1229,2026-06-22 15:55:00-04:00,119.5398,80,short,366.64,3.6924,325.0,break of opening range low 125.06,eod,-2.14,-1.286,-1.682,1.66,-0.298,6.381,-0.1755,0.255,1.202,0.021,10.5,Mon
high_break_trail,MSTR,2026-06-22,2026-06-22 10:55:00-04:00,113.8333,2026-06-22 15:55:00-04:00,109.5848,87,short,369.62,3.7322,300.0,"break of first-hour low 114.68, 2.0xATR trail",eod,3.225,-2.028,-2.634,0.48,-0.399,5.766,-0.2229,-0.363,1.433,0.032,10.92,Mon
gap_and_go,PLTR,2026-06-22,2026-06-22 10:30:00-04:00,124.1229,2026-06-22 15:55:00-04:00,119.5398,80,short,366.64,3.6924,325.0,"gap -2.1%, break of opening low 125.13",eod,-2.14,-1.286,-1.682,1.66,-0.298,6.381,-0.1755,0.255,1.202,0.021,10.5,Mon
high_break_trail,NVDA,2026-06-22,2026-06-22 10:35:00-04:00,209.945,2026-06-22 15:55:00-04:00,208.6643,47,short,60.19,0.61,320.0,"break of first-hour low 210.79, 2.0xATR trail",eod,0.578,-0.709,-1.168,0.97,-0.294,2.705,-0.1094,-0.219,0.834,0.079,10.58,Mon
vwap_pullback,NVDA,2026-06-22,2026-06-22 10:30:00-04:00,211.0144,2026-06-22 15:55:00-04:00,208.6643,47,short,110.46,1.1137,325.0,rejection at session VWAP 212.73,eod,0.578,-0.204,-0.722,0.59,-0.298,2.826,-0.0907,-0.234,0.866,0.288,10.5,Mon
ema_crossover,COIN,2026-06-22,2026-06-22 14:50:00-04:00,164.6326,2026-06-22 15:55:00-04:00,164.9224,60,short,-17.39,-0.176,65.0,EMA9/20 cross down below VWAP,eod,1.057,-0.189,-2.351,0.42,-0.485,4.172,-0.0717,0.218,0.404,0.074,14.83,Mon
high_break_trail,COIN,2026-06-22,2026-06-22 12:25:00-04:00,164.6176,2026-06-22 15:55:00-04:00,164.9224,60,short,-18.29,-0.1851,210.0,"break of first-hour low 164.95, 2.0xATR trail",eod,1.057,-0.198,-3.117,0.58,-0.39,5.38,-0.1465,0.241,0.782,0.036,12.42,Mon
orb,PLTR,2026-06-23,2026-06-23 10:00:00-04:00,120.7804,2026-06-23 10:10:00-04:00,118.7206,82,long,-168.9,-1.7054,10.0,break of opening range high 120.64,stop,0.234,0.852,0.835,0.53,0.574,5.262,0.1174,-0.571,1.281,0.985,10.0,Tue
vwap_pullback,MSTR,2026-06-23,2026-06-23 10:20:00-04:00,107.5938,2026-06-23 10:20:00-04:00,106.0604,92,long,-141.07,-1.4251,0.0,bounce off session VWAP 106.43,stop,-2.99,1.26,1.083,0.51,0.685,7.424,0.0348,-0.388,1.26,0.935,10.33,Tue
ar_forecast,AMD,2026-06-23,2026-06-23 10:35:00-04:00,522.7685,2026-06-23 10:45:00-04:00,522.6012,19,short,3.18,0.032,10.0,AR(12) forecasts -0.50% over 6 bars,signal,-7.813,2.79,0.779,0.43,0.516,4.437,0.122,0.018,1.395,0.806,10.58,Tue
ar_forecast,PLTR,2026-06-23,2026-06-23 10:45:00-04:00,119.2496,2026-06-23 10:50:00-04:00,119.1804,83,long,-5.75,-0.058,5.0,AR(12) forecasts +0.17% over 6 bars,signal,0.234,-0.426,-0.196,0.35,0.479,4.31,-0.0615,-0.274,0.939,0.456,10.75,Tue
rsi2_reversion,AMD,2026-06-23,2026-06-23 10:50:00-04:00,521.7598,2026-06-23 11:00:00-04:00,522.2187,19,long,8.72,0.088,10.0,RSI(2)=7 dip above VWAP,signal,-7.813,2.591,0.53,0.63,0.459,4.102,0.0665,0.07,1.294,0.755,10.83,Tue
ar_forecast,COIN,2026-06-23,2026-06-23 10:35:00-04:00,162.3438,2026-06-23 11:00:00-04:00,160.145,61,short,134.12,1.3544,25.0,AR(12) forecasts -0.75% over 6 bars,signal,-4.961,3.627,0.99,0.59,0.516,4.443,0.1228,-0.047,1.836,0.758,10.58,Tue
rsi2_reversion,COIN,2026-06-23,2026-06-23 10:50:00-04:00,160.8754,2026-06-23 11:05:00-04:00,159.187,62,long,-104.68,-1.0495,15.0,RSI(2)=7 dip above VWAP,stop,-4.961,2.689,0.086,0.51,0.459,4.555,0.0378,0.163,1.666,0.562,10.83,Tue
ar_forecast,MSTR,2026-06-23,2026-06-23 10:35:00-04:00,106.5667,2026-06-23 11:05:00-04:00,106.5032,93,short,5.9,0.0596,30.0,AR(12) forecasts -0.30% over 6 bars,signal,-2.99,0.293,0.091,0.53,0.516,6.643,0.0194,-0.453,1.215,0.518,10.58,Tue
rsi2_reversion,NVDA,2026-06-23,2026-06-23 10:55:00-04:00,202.731,2026-06-23 11:10:00-04:00,200.6034,49,long,-104.26,-1.0495,15.0,RSI(2)=4 dip above VWAP,stop,-3.718,0.959,0.238,0.47,0.435,1.725,0.0087,-0.087,0.5,0.721,10.92,Tue
ar_forecast,COIN,2026-06-23,2026-06-23 11:10:00-04:00,159.6401,2026-06-23 11:15:00-04:00,159.6648,62,short,-1.53,-0.0154,5.0,AR(12) forecasts -0.18% over 6 bars,signal,-4.961,1.901,-0.612,0.5,0.314,4.075,-0.0303,0.158,1.384,0.397,11.17,Tue
ar_forecast,AMD,2026-06-23,2026-06-23 10:55:00-04:00,520.8703,2026-06-23 11:25:00-04:00,517.651,19,long,-61.17,-0.6181,30.0,AR(12) forecasts +0.39% over 6 bars,signal,-7.813,2.417,0.347,0.52,0.435,4.023,0.0585,0.051,1.249,0.71,10.92,Tue
ar_forecast,PLTR,2026-06-23,2026-06-23 10:55:00-04:00,119.1204,2026-06-23 11:25:00-04:00,118.2991,83,short,68.17,0.6895,30.0,AR(12) forecasts -0.21% over 6 bars,signal,0.234,-0.534,-0.292,0.38,0.435,4.035,-0.0503,-0.276,0.859,0.411,10.92,Tue
ar_forecast,TSLA,2026-06-23,2026-06-23 11:20:00-04:00,385.2525,2026-06-23 11:30:00-04:00,383.4082,25,long,-46.11,-0.4787,10.0,AR(12) forecasts +0.16% over 6 bars,signal,-3.837,-1.09,-0.751,0.53,0.11,2.048,-0.0609,-0.235,0.532,0.192,11.33,Tue
vwap_pullback,TSLA,2026-06-23,2026-06-23 10:10:00-04:00,388.1558,2026-06-23 11:35:00-04:00,383.1701,25,short,124.64,1.2845,85.0,rejection at session VWAP 389.57,target,-3.837,-0.345,-0.326,0.57,0.694,2.52,-0.0414,-0.518,0.744,0.302,10.17,Tue
ar_forecast,MSTR,2026-06-23,2026-06-23 11:10:00-04:00,106.1469,2026-06-23 11:40:00-04:00,106.123,94,short,2.24,0.0225,30.0,AR(12) forecasts -0.38% over 6 bars,signal,-2.99,-0.102,-0.282,0.27,0.314,5.473,-0.0194,-0.411,0.98,0.348,11.17,Tue
ar_forecast,NVDA,2026-06-23,2026-06-23 11:30:00-04:00,200.8604,2026-06-23 11:45:00-04:00,201.3093,49,long,22.0,0.2235,15.0,AR(12) forecasts +0.20% over 6 bars,signal,-3.718,0.028,-0.572,0.63,0.158,1.841,-0.0411,0.063,0.424,0.22,11.5,Tue
ema_crossover,AMD,2026-06-23,2026-06-23 11:20:00-04:00,518.6406,2026-06-23 12:00:00-04:00,524.5621,19,short,-112.51,-1.1417,40.0,EMA9/20 cross down below VWAP,stop,-7.813,1.978,-0.107,0.56,0.11,3.771,0.0139,0.087,1.048,0.598,11.33,Tue
ar_forecast,TSLA,2026-06-23,2026-06-23 11:40:00-04:00,382.3437,2026-06-23 12:10:00-04:00,385.0924,26,short,-71.47,-0.7189,30.0,AR(12) forecasts -0.24% over 6 bars,signal,-3.837,-1.837,-1.353,1.08,0.162,2.02,-0.0694,-0.294,0.485,0.029,11.67,Tue
vwap_pullback,MSTR,2026-06-23,2026-06-23 10:50:00-04:00,106.0469,2026-06-23 12:10:00-04:00,106.8369,94,short,-74.25,-0.7449,80.0,rejection at session VWAP 106.46,stop,-2.99,-0.196,-0.387,0.45,0.459,6.053,-0.0119,-0.423,1.137,0.307,10.83,Tue
vwap_pullback,COIN,2026-06-23,2026-06-23 12:10:00-04:00,161.2406,2026-06-23 12:15:00-04:00,159.9275,62,long,-81.41,-0.8144,5.0,bounce off session VWAP 160.49,stop,-4.961,2.923,0.467,0.59,0.5,3.531,-0.043,0.12,0.84,0.611,12.17,Tue
rsi2_reversion,PLTR,2026-06-23,2026-06-23 12:00:00-04:00,118.7256,2026-06-23 12:20:00-04:00,118.7593,84,short,-2.83,-0.0284,20.0,RSI(2)=92 rip below VWAP,signal,0.234,-0.864,-0.458,0.34,0.39,3.314,-0.0402,-0.253,0.539,0.274,12.0,Tue
rsi2_reversion,TSLA,2026-06-23,2026-06-23 12:05:00-04:00,384.4877,2026-06-23 12:20:00-04:00,384.4971,26,short,-0.25,-0.0025,15.0,RSI(2)=95 rip below VWAP,signal,-3.837,-1.287,-0.69,0.88,0.459,1.997,-0.0613,-0.164,0.417,0.237,12.08,Tue
rsi2_reversion,COIN,2026-06-23,2026-06-23 12:05:00-04:00,160.3198,2026-06-23 12:20:00-04:00,159.8799,62,short,27.27,0.2744,15.0,RSI(2)=94 rip below VWAP,signal,-4.961,2.335,-0.105,0.33,0.459,3.539,-0.0461,0.146,0.856,0.488,12.08,Tue
rsi2_reversion,NVDA,2026-06-23,2026-06-23 11:55:00-04:00,201.809,2026-06-23 12:25:00-04:00,202.3461,49,short,-26.32,-0.2661,30.0,RSI(2)=95 rip below VWAP,signal,-3.718,0.5,-0.079,0.59,0.294,1.756,-0.0338,0.025,0.376,0.474,11.92,Tue
ar_forecast,NVDA,2026-06-23,2026-06-23 12:00:00-04:00,201.7291,2026-06-23 12:30:00-04:00,202.3411,49,short,-29.99,-0.3034,30.0,AR(12) forecasts -0.21% over 6 bars,signal,-3.718,0.46,-0.121,0.41,0.39,1.771,-0.0301,0.017,0.371,0.453,12.0,Tue
ema_crossover,MSTR,2026-06-23,2026-06-23 12:10:00-04:00,106.6233,2026-06-23 12:35:00-04:00,105.887,93,long,-68.47,-0.6905,25.0,EMA9/20 cross up above VWAP,signal,-2.99,0.347,0.223,0.44,0.5,4.691,-0.0215,-0.374,0.738,0.55,12.17,Tue
ema_crossover,AMD,2026-06-23,2026-06-23 12:05:00-04:00,525.5727,2026-06-23 13:10:00-04:00,520.8744,19,long,-89.27,-0.8939,65.0,EMA9/20 cross up above VWAP,signal,-7.813,3.341,1.178,0.65,0.459,3.511,0.0077,0.111,0.804,0.939,12.08,Tue
rsi2_reversion,AMD,2026-06-23,2026-06-23 12:50:00-04:00,522.5511,2026-06-23 13:15:00-04:00,522.6635,19,long,2.14,0.0215,25.0,RSI(2)=9 dip above VWAP,signal,-7.813,2.747,0.477,0.5,0.48,3.289,0.021,0.119,0.623,0.726,12.83,Tue
squeeze_breakout,MSTR,2026-06-23,2026-06-23 12:50:00-04:00,105.2174,2026-06-23 13:35:00-04:00,106.0321,95,short,-77.4,-0.7743,45.0,squeeze breakdown below lower band 105.32,stop,-2.99,-0.977,-1.064,0.36,0.48,4.289,-0.0235,-0.353,0.608,0.044,12.83,Tue
ema_crossover,PLTR,2026-06-23,2026-06-23 13:30:00-04:00,118.7906,2026-06-23 13:35:00-04:00,119.1095,84,short,-26.79,-0.2685,5.0,EMA9/20 cross down below VWAP,signal,0.234,-0.809,-0.367,0.27,0.537,2.664,-0.0133,-0.244,0.3,0.296,13.5,Tue
high_break_trail,MSTR,2026-06-23,2026-06-23 12:50:00-04:00,105.2174,2026-06-23 13:35:00-04:00,106.1821,95,short,-91.65,-0.9169,45.0,"break of first-hour low 105.29, 2.0xATR trail",stop,-2.99,-0.977,-1.064,0.36,0.48,4.289,-0.0235,-0.353,0.608,0.044,12.83,Tue
rsi2_reversion,MSTR,2026-06-23,2026-06-23 13:30:00-04:00,105.7171,2026-06-23 13:45:00-04:00,105.7729,94,short,-5.24,-0.0527,15.0,RSI(2)=92 rip below VWAP,signal,-2.99,-0.506,-0.509,0.33,0.537,3.978,-0.027,-0.32,0.52,0.306,13.5,Tue
high_break_trail,AMD,2026-06-23,2026-06-23 12:10:00-04:00,526.6432,2026-06-23 13:50:00-04:00,519.7698,18,long,-123.72,-1.3051,100.0,"break of first-hour high 526.28, 2.0xATR trail",stop,-7.813,3.552,1.349,0.59,0.5,3.462,0.0136,0.112,0.778,0.915,12.17,Tue
rsi2_reversion,COIN,2026-06-23,2026-06-23 13:20:00-04:00,158.9505,2026-06-23 13:50:00-04:00,159.5738,62,short,-38.64,-0.3921,30.0,RSI(2)=92 rip below VWAP,signal,-4.961,1.461,-0.795,0.39,0.553,3.141,-0.0457,0.153,0.535,0.305,13.33,Tue
ema_crossover,NVDA,2026-06-23,2026-06-23 12:10:00-04:00,202.5696,2026-06-23 13:55:00-04:00,201.5908,49,long,-47.96,-0.4832,105.0,EMA9/20 cross up above VWAP,signal,-3.718,0.879,0.286,0.46,0.5,1.73,-0.0225,0.033,0.352,0.678,12.17,Tue
rsi2_reversion,AMD,2026-06-23,2026-06-23 13:45:00-04:00,522.261,2026-06-23 14:15:00-04:00,519.9499,19,long,-43.91,-0.4425,30.0,RSI(2)=9 dip above VWAP,signal,-7.813,2.69,0.373,0.38,0.472,3.028,0.0131,0.09,0.482,0.713,13.75,Tue
vwap_pullback,NVDA,2026-06-23,2026-06-23 12:05:00-04:00,202.4612,2026-06-23 14:30:00-04:00,201.266,49,long,-58.56,-0.5903,145.0,bounce off session VWAP 201.97,stop,-3.718,0.825,0.239,0.45,0.459,1.743,-0.0265,0.028,0.36,0.649,12.08,Tue
vwap_pullback,AMD,2026-06-23,2026-06-23 12:00:00-04:00,522.5161,2026-06-23 14:40:00-04:00,517.4097,19,long,-97.02,-0.9773,160.0,bounce off session VWAP 519.23,stop,-7.813,2.74,0.613,0.5,0.39,3.569,0.0019,0.108,0.832,0.794,12.0,Tue
squeeze_breakout,NVDA,2026-06-23,2026-06-23 13:55:00-04:00,201.5908,2026-06-23 14:50:00-04:00,200.4084,49,short,57.94,0.5865,55.0,squeeze breakdown below lower band 201.80,target,-3.718,0.391,-0.22,0.43,0.271,1.474,-0.0054,0.018,0.218,0.416,13.92,Tue
rsi2_reversion,TSLA,2026-06-23,2026-06-23 15:05:00-04:00,381.4292,2026-06-23 15:20:00-04:00,380.7203,26,short,18.43,0.1859,15.0,RSI(2)=91 rip below VWAP,signal,-3.837,-2.072,-1.059,0.92,0.086,1.805,-0.0317,-0.125,0.305,0.179,15.08,Tue
rsi2_reversion,MSTR,2026-06-23,2026-06-23 15:05:00-04:00,104.4178,2026-06-23 15:20:00-04:00,104.132,95,short,27.14,0.2736,15.0,RSI(2)=92 rip below VWAP,signal,-2.99,-1.729,-1.469,0.62,0.086,3.627,-0.037,-0.222,0.457,0.212,15.08,Tue
rsi2_reversion,NVDA,2026-06-23,2026-06-23 15:25:00-04:00,201.0694,2026-06-23 15:40:00-04:00,201.0555,49,short,0.68,0.0069,15.0,RSI(2)=91 rip below VWAP,signal,-3.718,0.132,-0.401,0.86,0.164,1.344,-0.0104,0.023,0.248,0.276,15.42,Tue
high_break_trail,PLTR,2026-06-23,2026-06-23 13:55:00-04:00,117.5712,2026-06-23 15:50:00-04:00,116.9898,85,short,49.42,0.4945,115.0,"break of first-hour low 117.94, 2.0xATR trail",stop,0.234,-1.828,-1.33,1.47,0.271,2.684,-0.016,-0.201,0.316,-0.018,13.92,Tue
squeeze_breakout,TSLA,2026-06-23,2026-06-23 13:55:00-04:00,382.4187,2026-06-23 15:55:00-04:00,381.7608,26,short,17.11,0.172,120.0,squeeze breakdown below lower band 382.94,eod,-3.837,-1.818,-1.026,0.67,0.271,1.822,-0.0276,-0.038,0.302,0.11,13.92,Tue
squeeze_breakout,COIN,2026-06-23,2026-06-23 14:45:00-04:00,157.1064,2026-06-23 15:55:00-04:00,158.2391,63,short,-71.36,-0.721,70.0,squeeze breakdown below lower band 157.59,eod,-4.961,0.284,-1.796,1.31,0.021,2.958,-0.0345,0.099,0.423,0.059,14.75,Tue
ema_crossover,COIN,2026-06-23,2026-06-23 13:55:00-04:00,159.0504,2026-06-23 15:55:00-04:00,158.2391,62,short,50.3,0.5101,120.0,EMA9/20 cross down below VWAP,eod,-4.961,1.525,-0.693,0.86,0.271,3.007,-0.0364,0.172,0.473,0.319,13.92,Tue
vwap_pullback,PLTR,2026-06-23,2026-06-23 10:15:00-04:00,118.7206,2026-06-23 15:55:00-04:00,116.7433,84,short,166.09,1.6655,340.0,rejection at session VWAP 119.71,eod,0.234,-0.868,-0.793,0.93,0.726,5.168,-0.0509,-0.274,1.188,0.129,10.25,Tue
orb,MSTR,2026-06-23,2026-06-23 11:25:00-04:00,105.4473,2026-06-23 15:55:00-04:00,103.9119,94,short,144.32,1.456,270.0,break of opening range low 105.53,eod,-2.99,-0.76,-0.903,0.36,0.106,5.143,-0.0368,-0.392,0.896,0.082,11.42,Tue
high_break_trail,TSLA,2026-06-23,2026-06-23 10:55:00-04:00,385.5621,2026-06-23 15:55:00-04:00,381.7608,25,short,95.03,0.9859,300.0,"break of first-hour low 386.10, 2.0xATR trail",eod,-3.837,-1.011,-0.808,0.75,0.435,2.179,-0.05,-0.25,0.606,0.084,10.92,Tue
ema_crossover,PLTR,2026-06-23,2026-06-23 13:45:00-04:00,118.6007,2026-06-23 15:55:00-04:00,116.7433,84,short,156.02,1.566,130.0,EMA9/20 cross down below VWAP,eod,0.234,-0.968,-0.513,0.4,0.472,2.608,-0.0131,-0.235,0.289,0.23,13.75,Tue
orb,NVDA,2026-06-23,2026-06-23 09:50:00-04:00,203.1315,2026-06-23 15:55:00-04:00,199.94,49,long,-156.39,-1.5712,365.0,break of opening range high 202.51,stop,-3.718,1.159,0.691,0.46,0.383,3.027,0.1985,-0.466,0.809,0.829,9.83,Tue
news_momentum,PLTR,2026-06-23,2026-06-23 14:45:00-04:00,116.5717,2026-06-23 15:55:00-04:00,116.7433,85,short,-14.59,-0.1473,70.0,fresh headline <45m + breakdown on volume,eod,0.234,-2.662,-1.995,1.72,0.021,2.6,-0.0242,-0.137,0.314,0.041,14.75,Tue
orb,AMD,2026-06-23,2026-06-23 09:55:00-04:00,522.5611,2026-06-23 15:55:00-04:00,519.75,19,long,-53.41,-0.538,360.0,break of opening range high 518.94,eod,-7.813,2.749,1.227,0.62,0.458,6.388,0.3053,0.162,1.929,0.866,9.92,Tue
squeeze_breakout,AMD,2026-06-23,2026-06-23 14:00:00-04:00,518.6306,2026-06-23 15:55:00-04:00,520.27,19,short,-31.15,-0.3161,115.0,squeeze breakdown below lower band 518.78,eod,-7.813,1.976,-0.321,0.58,0.304,2.992,0.0084,0.098,0.469,0.545,14.0,Tue
orb,TSLA,2026-06-23,2026-06-23 10:20:00-04:00,387.4562,2026-06-23 15:55:00-04:00,381.7608,25,short,142.38,1.4699,335.0,break of opening range low 387.98,eod,-3.837,-0.525,-0.452,0.69,0.685,2.376,-0.0618,-0.474,0.716,0.185,10.33,Tue
orb,COIN,2026-06-23,2026-06-23 10:00:00-04:00,162.5312,2026-06-23 15:55:00-04:00,158.0809,61,long,-271.47,-2.7381,355.0,break of opening range high 162.00,eod,-4.961,3.746,1.497,0.49,0.574,4.636,0.3225,-0.224,2.506,0.911,10.0,Tue
ema_crossover,TSLA,2026-06-23,2026-06-23 13:50:00-04:00,383.7023,2026-06-23 15:55:00-04:00,381.7608,26,short,50.48,0.506,125.0,EMA9/20 cross down below VWAP,eod,-3.837,-1.488,-0.721,0.58,0.309,1.796,-0.0267,-0.089,0.292,0.161,13.83,Tue
vwap_pullback,PLTR,2026-06-24,2026-06-24 10:15:00-04:00,117.0135,2026-06-24 10:20:00-04:00,115.9327,85,long,-91.86,-0.9236,5.0,bounce off session VWAP 116.34,stop,-2.258,2.598,0.571,0.47,-0.039,5.76,-0.0145,-0.441,1.628,0.759,10.25,Wed
vwap_pullback,AMD,2026-06-24,2026-06-24 10:20:00-04:00,513.9029,2026-06-24 10:25:00-04:00,520.5766,19,short,-126.8,-1.2986,5.0,rejection at session VWAP 518.76,stop,0.208,-1.38,-0.885,0.72,0.15,6.947,-0.001,0.25,1.307,0.272,10.33,Wed
ar_forecast,MSTR,2026-06-24,2026-06-24 10:35:00-04:00,99.3396,2026-06-24 10:35:00-04:00,98.2971,100,long,-104.26,-1.0495,0.0,AR(12) forecasts +0.34% over 6 bars,stop,-1.429,-2.966,-0.445,0.52,0.147,7.777,-0.2509,-0.109,1.389,0.36,10.58,Wed
vwap_pullback,NVDA,2026-06-24,2026-06-24 10:10:00-04:00,199.2553,2026-06-24 10:45:00-04:00,201.1392,50,short,-94.2,-0.9455,35.0,rejection at session VWAP 200.44,stop,0.025,-0.407,-0.548,0.74,0.057,2.108,-0.078,-0.56,0.834,0.079,10.17,Wed
ar_forecast,COIN,2026-06-24,2026-06-24 10:35:00-04:00,153.7568,2026-06-24 10:45:00-04:00,152.9235,65,long,-54.17,-0.542,10.0,AR(12) forecasts +0.67% over 6 bars,signal,0.076,-2.858,-0.861,0.54,0.147,6.51,-0.1603,-0.107,1.183,0.291,10.58,Wed
ar_forecast,AMD,2026-06-24,2026-06-24 10:35:00-04:00,522.2087,2026-06-24 10:55:00-04:00,519.0494,19,short,60.03,0.605,20.0,AR(12) forecasts -0.21% over 6 bars,signal,0.208,0.214,0.638,0.78,0.147,6.616,0.0458,0.292,1.186,0.828,10.58,Wed
vwap_pullback,AMD,2026-06-24,2026-06-24 10:35:00-04:00,522.7312,2026-06-24 10:55:00-04:00,516.9235,19,long,-110.35,-1.111,20.0,bounce off session VWAP 518.74,stop,0.208,0.315,0.739,0.78,0.147,6.616,0.0458,0.292,1.186,0.863,10.58,Wed
ar_forecast,TSLA,2026-06-24,2026-06-24 10:55:00-04:00,381.83,2026-06-24 11:00:00-04:00,383.6267,26,short,-46.71,-0.4706,5.0,AR(12) forecasts -0.19% over 6 bars,signal,-0.409,0.479,-0.043,0.52,0.611,2.663,-0.0153,-0.218,0.724,0.54,10.92,Wed
ar_forecast,COIN,2026-06-24,2026-06-24 10:50:00-04:00,153.7668,2026-06-24 11:00:00-04:00,154.3228,65,long,36.14,0.3616,10.0,AR(12) forecasts +0.25% over 6 bars,signal,0.076,-2.851,-0.751,0.69,0.442,6.052,-0.1173,-0.09,1.051,0.292,10.83,Wed
ar_forecast,PLTR,2026-06-24,2026-06-24 10:35:00-04:00,116.311,2026-06-24 11:05:00-04:00,115.6778,85,short,53.82,0.5444,30.0,AR(12) forecasts -0.34% over 6 bars,signal,-2.258,1.982,-0.039,0.33,0.147,5.022,-0.038,-0.434,1.408,0.588,10.58,Wed
rsi2_reversion,COIN,2026-06-24,2026-06-24 11:00:00-04:00,154.3228,2026-06-24 11:05:00-04:00,153.4967,64,short,52.87,0.5353,5.0,RSI(2)=91 rip below VWAP,signal,0.076,-2.5,-0.363,0.39,0.563,5.934,-0.0878,-0.113,1.025,0.377,11.0,Wed
ar_forecast,MSTR,2026-06-24,2026-06-24 10:45:00-04:00,98.5557,2026-06-24 11:15:00-04:00,98.2691,101,short,28.95,0.2908,30.0,AR(12) forecasts -0.37% over 6 bars,signal,-1.429,-3.732,-1.162,0.55,0.427,7.503,-0.1876,-0.102,1.326,0.221,10.75,Wed
ar_forecast,NVDA,2026-06-24,2026-06-24 10:55:00-04:00,200.7296,2026-06-24 11:25:00-04:00,200.6403,49,short,4.38,0.0445,30.0,AR(12) forecasts -0.31% over 6 bars,signal,0.025,0.33,0.237,0.54,0.611,2.097,0.0062,-0.338,0.602,0.698,10.92,Wed
rsi2_reversion,NVDA,2026-06-24,2026-06-24 11:25:00-04:00,200.6403,2026-06-24 11:30:00-04:00,200.8045,49,long,8.05,0.0819,5.0,RSI(2)=6 dip above VWAP,signal,0.025,0.285,0.145,0.49,0.608,1.904,0.0175,-0.346,0.485,0.669,11.42,Wed
rsi2_reversion,COIN,2026-06-24,2026-06-24 11:20:00-04:00,154.6027,2026-06-24 11:35:00-04:00,153.8969,64,short,45.17,0.4565,15.0,RSI(2)=90 rip below VWAP,signal,0.076,-2.323,-0.135,0.37,0.483,5.519,-0.0461,-0.078,0.898,0.42,11.33,Wed
ar_forecast,AMD,2026-06-24,2026-06-24 11:20:00-04:00,517.2985,2026-06-24 11:40:00-04:00,518.6006,19,long,24.74,0.2517,20.0,AR(12) forecasts +0.26% over 6 bars,signal,0.208,-0.728,-0.338,0.48,0.483,5.29,-0.0023,0.244,0.942,0.493,11.33,Wed
ar_forecast,PLTR,2026-06-24,2026-06-24 11:10:00-04:00,115.1374,2026-06-24 11:40:00-04:00,114.6423,86,short,42.58,0.43,30.0,AR(12) forecasts -0.35% over 6 bars,signal,-2.258,0.953,-0.968,0.94,0.454,4.818,-0.0496,-0.372,1.118,0.302,11.17,Wed
vwap_pullback,TSLA,2026-06-24,2026-06-24 11:00:00-04:00,383.6267,2026-06-24 11:55:00-04:00,380.6586,26,long,-77.17,-0.7737,55.0,bounce off session VWAP 381.99,stop,-0.409,0.952,0.42,0.52,0.563,2.652,-0.0116,-0.268,0.699,0.841,11.0,Wed
ema_crossover,AMD,2026-06-24,2026-06-24 11:55:00-04:00,521.6257,2026-06-24 12:40:00-04:00,516.2918,19,long,-101.34,-1.0225,45.0,EMA9/20 cross up above VWAP,stop,0.208,0.102,0.486,0.58,0.431,4.936,0.006,0.159,0.785,0.779,11.92,Wed
vwap_pullback,NVDA,2026-06-24,2026-06-24 10:50:00-04:00,201.1005,2026-06-24 12:40:00-04:00,199.5074,49,long,-78.06,-0.7922,110.0,bounce off session VWAP 200.21,stop,0.025,0.515,0.434,0.77,0.442,2.129,-0.0027,-0.326,0.621,0.82,10.83,Wed
squeeze_breakout,NVDA,2026-06-24,2026-06-24 12:35:00-04:00,200.1909,2026-06-24 13:05:00-04:00,198.9942,49,short,58.64,0.5978,30.0,squeeze breakdown below lower band 200.42,target,0.025,0.06,-0.111,0.5,0.185,1.608,0.008,-0.272,0.313,0.522,12.58,Wed
vwap_pullback,COIN,2026-06-24,2026-06-24 11:40:00-04:00,153.4332,2026-06-24 13:05:00-04:00,149.9074,65,short,229.18,2.298,85.0,rejection at session VWAP 154.77,target,0.076,-3.062,-0.841,0.67,0.448,5.165,-0.0323,-0.077,0.815,0.241,11.67,Wed
ar_forecast,TSLA,2026-06-24,2026-06-24 13:25:00-04:00,375.837,2026-06-24 13:40:00-04:00,375.2675,26,short,14.81,0.1515,15.0,AR(12) forecasts -0.22% over 6 bars,signal,-0.409,-1.098,-1.405,1.26,-0.409,2.13,-0.029,-0.227,0.348,0.063,13.42,Wed
high_break_trail,COIN,2026-06-24,2026-06-24 12:40:00-04:00,151.3193,2026-06-24 14:10:00-04:00,150.2232,66,short,72.35,0.7244,90.0,"break of first-hour low 151.85, 2.0xATR trail",stop,0.076,-4.398,-1.906,0.74,0.156,4.359,-0.0494,-0.065,0.599,0.025,12.67,Wed
high_break_trail,MSTR,2026-06-24,2026-06-24 11:40:00-04:00,97.1014,2026-06-24 14:10:00-04:00,94.4407,102,short,271.4,2.7402,150.0,"break of first-hour low 97.30, 2.0xATR trail",stop,-1.429,-5.152,-2.151,0.89,0.448,6.48,-0.1142,-0.086,1.049,0.066,11.67,Wed
high_break_trail,TSLA,2026-06-24,2026-06-24 12:45:00-04:00,378.2808,2026-06-24 14:15:00-04:00,376.8237,26,short,37.88,0.3852,90.0,"break of first-hour low 378.60, 2.0xATR trail",stop,-0.409,-0.455,-0.918,1.25,0.159,2.217,-0.015,-0.211,0.386,0.067,12.75,Wed
high_break_trail,AMD,2026-06-24,2026-06-24 13:30:00-04:00,508.5156,2026-06-24 14:15:00-04:00,513.287,19,short,-90.66,-0.9383,45.0,"break of first-hour low 509.84, 2.0xATR trail",stop,0.208,-2.413,-1.884,0.7,-0.386,4.059,-0.0204,0.159,0.555,0.067,13.5,Wed
rsi2_reversion,MSTR,2026-06-24,2026-06-24 14:10:00-04:00,93.6019,2026-06-24 14:15:00-04:00,94.5852,106,short,-104.23,-1.0505,5.0,RSI(2)=95 rip below VWAP,stop,-1.429,-8.57,-3.426,0.92,-0.311,5.146,-0.1514,0.013,0.781,0.124,14.17,Wed
high_break_trail,NVDA,2026-06-24,2026-06-24 13:20:00-04:00,198.3058,2026-06-24 14:20:00-04:00,198.5736,50,short,-13.39,-0.135,60.0,"break of first-hour low 198.60, 2.0xATR trail",stop,0.025,-0.882,-0.947,0.91,-0.277,1.54,-0.0108,-0.254,0.285,0.055,13.33,Wed
rsi2_reversion,PLTR,2026-06-24,2026-06-24 14:10:00-04:00,113.0335,2026-06-24 14:20:00-04:00,114.2209,88,short,-104.49,-1.0505,10.0,RSI(2)=90 rip below VWAP,stop,-2.258,-0.891,-1.6,0.74,-0.311,3.646,-0.0779,-0.26,0.457,0.136,14.17,Wed
high_break_trail,PLTR,2026-06-24,2026-06-24 12:05:00-04:00,113.7931,2026-06-24 14:20:00-04:00,114.2148,87,short,-36.69,-0.3706,135.0,"break of first-hour low 113.90, 2.0xATR trail",stop,-2.258,-0.225,-1.626,1.96,0.405,4.489,-0.0854,-0.362,0.801,0.05,12.08,Wed
rsi2_reversion,COIN,2026-06-24,2026-06-24 14:15:00-04:00,150.2948,2026-06-24 14:20:00-04:00,151.8737,66,short,-104.2,-1.0505,5.0,RSI(2)=94 rip below VWAP,stop,0.076,-5.045,-1.65,0.77,-0.19,3.914,-0.0723,-0.018,0.546,0.199,14.25,Wed
rsi2_reversion,MSTR,2026-06-24,2026-06-24 14:20:00-04:00,95.7021,2026-06-24 14:35:00-04:00,95.4277,104,short,28.54,0.2868,15.0,RSI(2)=99 rip below VWAP,signal,-1.429,-6.519,-1.204,1.36,-0.117,5.397,-0.1385,0.116,0.808,0.32,14.33,Wed
rsi2_reversion,PLTR,2026-06-24,2026-06-24 14:25:00-04:00,114.1579,2026-06-24 14:35:00-04:00,113.9069,87,short,21.83,0.2198,10.0,RSI(2)=99 rip below VWAP,signal,-2.258,0.095,-0.596,0.61,-0.113,3.571,-0.0692,-0.232,0.424,0.332,14.42,Wed
rsi2_reversion,TSLA,2026-06-24,2026-06-24 14:20:00-04:00,376.3218,2026-06-24 14:40:00-04:00,376.5932,26,short,-7.06,-0.0721,20.0,RSI(2)=97 rip below VWAP,signal,-0.409,-0.97,-0.951,1.32,-0.117,2.01,-0.0391,-0.15,0.322,0.244,14.33,Wed
rsi2_reversion,AMD,2026-06-24,2026-06-24 14:25:00-04:00,513.5631,2026-06-24 14:40:00-04:00,512.5262,19,short,19.7,0.2019,15.0,RSI(2)=94 rip below VWAP,signal,0.208,-1.445,-0.737,0.58,-0.113,3.75,-0.0311,0.167,0.503,0.354,14.42,Wed
news_momentum,TSLA,2026-06-24,2026-06-24 14:35:00-04:00,376.6716,2026-06-24 14:45:00-04:00,375.0421,26,short,42.37,0.4326,10.0,fresh headline <45m + breakdown on volume,target,-0.409,-0.878,-0.819,1.85,-0.211,1.962,-0.0375,-0.148,0.292,0.276,14.58,Wed
ar_forecast,NVDA,2026-06-24,2026-06-24 14:35:00-04:00,198.2808,2026-06-24 15:05:00-04:00,197.7688,50,short,25.6,0.2582,30.0,AR(12) forecasts -0.17% over 6 bars,signal,0.025,-0.894,-0.716,0.78,-0.211,1.484,-0.0247,-0.211,0.287,0.22,14.58,Wed
rsi2_reversion,MSTR,2026-06-24,2026-06-24 15:05:00-04:00,95.7921,2026-06-24 15:20:00-04:00,94.9174,104,short,90.96,0.9131,15.0,RSI(2)=94 rip below VWAP,signal,-1.429,-6.431,-0.98,0.74,-0.523,5.202,-0.1034,0.095,0.771,0.329,15.08,Wed
ema_crossover,PLTR,2026-06-24,2026-06-24 15:10:00-04:00,113.2434,2026-06-24 15:25:00-04:00,113.7148,88,short,-41.49,-0.4163,15.0,EMA9/20 cross down below VWAP,stop,-2.258,-0.707,-1.314,0.54,-0.48,3.348,-0.0556,-0.226,0.367,0.173,15.17,Wed
squeeze_breakout,AMD,2026-06-24,2026-06-24 15:00:00-04:00,506.3167,2026-06-24 15:25:00-04:00,510.8042,19,short,-85.26,-0.8863,25.0,squeeze breakdown below lower band 506.39,stop,0.208,-2.835,-2.011,1.3,-0.351,3.722,-0.0337,0.125,0.564,0.047,15.0,Wed
squeeze_breakout,NVDA,2026-06-24,2026-06-24 15:10:00-04:00,196.7116,2026-06-24 15:25:00-04:00,197.9024,50,short,-59.54,-0.6054,15.0,squeeze breakdown below lower band 196.94,stop,0.025,-1.679,-1.376,1.38,-0.48,1.549,-0.0274,-0.278,0.306,0.026,15.17,Wed
rsi2_reversion,AMD,2026-06-24,2026-06-24 15:30:00-04:00,511.1843,2026-06-24 15:45:00-04:00,511.7658,19,short,-11.05,-0.1138,15.0,RSI(2)=93 rip below VWAP,signal,0.208,-1.901,-0.946,1.07,-0.475,3.788,-0.0357,0.107,0.57,0.358,15.5,Wed
rsi2_reversion,NVDA,2026-06-24,2026-06-24 15:30:00-04:00,197.6411,2026-06-24 15:45:00-04:00,197.3886,50,short,12.62,0.1278,15.0,RSI(2)=91 rip below VWAP,signal,0.025,-1.214,-0.846,1.34,-0.475,1.541,-0.0276,-0.249,0.298,0.209,15.5,Wed
ema_crossover,AMD,2026-06-24,2026-06-24 12:50:00-04:00,516.8165,2026-06-24 15:50:00-04:00,512.5862,19,short,80.38,0.8185,180.0,EMA9/20 cross down below VWAP,signal,0.208,-0.82,-0.454,0.57,0.086,4.27,0.0044,0.173,0.562,0.461,12.83,Wed
ema_crossover,TSLA,2026-06-24,2026-06-24 11:50:00-04:00,381.749,2026-06-24 15:50:00-04:00,376.5182,26,short,136.0,1.3702,240.0,EMA9/20 cross down below VWAP,signal,-0.409,0.458,-0.11,0.67,0.499,2.36,0.0007,-0.292,0.488,0.527,11.83,Wed
orb,COIN,2026-06-24,2026-06-24 10:05:00-04:00,153.0235,2026-06-24 15:55:00-04:00,150.125,65,short,188.4,1.8941,350.0,break of opening range low 153.35,eod,0.076,-3.321,-1.729,0.66,0.078,7.487,-0.2785,-0.215,1.266,0.06,10.08,Wed
orb,NVDA,2026-06-24,2026-06-24 10:10:00-04:00,199.2553,2026-06-24 15:55:00-04:00,199.1895,50,short,3.29,0.033,345.0,break of opening range low 199.42,eod,0.025,-0.407,-0.548,0.74,0.057,2.108,-0.078,-0.56,0.834,0.079,10.17,Wed
ema_crossover,COIN,2026-06-24,2026-06-24 15:25:00-04:00,150.1499,2026-06-24 15:55:00-04:00,150.125,66,short,1.64,0.0166,30.0,EMA9/20 cross down below VWAP,eod,0.076,-5.137,-1.551,1.39,-0.434,3.664,-0.0487,-0.011,0.511,0.185,15.42,Wed
rsi2_reversion,TSLA,2026-06-24,2026-06-24 15:25:00-04:00,375.3123,2026-06-24 15:55:00-04:00,375.5477,26,short,-6.12,-0.0627,30.0,RSI(2)=90 rip below VWAP,eod,-0.409,-1.236,-1.013,0.71,-0.434,1.94,-0.0372,-0.098,0.303,0.196,15.42,Wed
orb,MSTR,2026-06-24,2026-06-24 10:00:00-04:00,98.9588,2026-06-24 15:55:00-04:00,94.2071,101,short,479.92,4.8017,355.0,break of opening range low 99.49,eod,-1.429,-3.338,-1.41,0.96,0.042,8.477,-0.6387,-0.279,1.51,0.237,10.0,Wed
rsi2_reversion,PLTR,2026-06-24,2026-06-24 15:30:00-04:00,113.5632,2026-06-24 15:55:00-04:00,113.5067,88,short,4.97,0.0497,25.0,RSI(2)=96 rip below VWAP,eod,-2.258,-0.427,-1.0,0.58,-0.475,3.262,-0.0506,-0.22,0.33,0.228,15.5,Wed
ema_crossover,NVDA,2026-06-24,2026-06-24 12:35:00-04:00,200.1909,2026-06-24 15:55:00-04:00,199.1895,49,short,49.06,0.5002,200.0,EMA9/20 cross down below VWAP,eod,0.025,0.06,-0.111,0.5,0.185,1.608,0.008,-0.272,0.313,0.522,12.58,Wed
news_momentum,PLTR,2026-06-24,2026-06-24 12:05:00-04:00,113.7931,2026-06-24 15:55:00-04:00,113.5067,87,short,24.91,0.2516,230.0,fresh headline <45m + breakdown on volume,eod,-2.258,-0.225,-1.626,1.96,0.405,4.489,-0.0854,-0.362,0.801,0.05,12.08,Wed
vwap_pullback,MSTR,2026-06-25,2026-06-25 10:20:00-04:00,88.8256,2026-06-25 10:20:00-04:00,89.8881,112,short,-119.0,-1.1962,0.0,rejection at session VWAP 89.57,stop,0.573,-6.203,-0.833,0.69,-0.529,12.431,-0.2415,0.421,2.461,0.272,10.33,Thu
rsi2_reversion,NVDA,2026-06-25,2026-06-25 10:40:00-04:00,195.0074,2026-06-25 10:45:00-04:00,194.6773,51,short,16.84,0.1693,5.0,RSI(2)=92 rip below VWAP,signal,0.439,-2.479,-0.346,0.46,-0.474,4.39,-0.0839,0.504,0.759,0.352,10.67,Thu
ar_forecast,AMD,2026-06-25,2026-06-25 10:35:00-04:00,520.2,2026-06-25 10:45:00-04:00,516.9114,19,long,-62.48,-0.6322,10.0,AR(12) forecasts +0.64% over 6 bars,signal,4.695,-4.389,-1.544,0.37,-0.307,9.966,-0.3074,0.361,1.489,0.301,10.58,Thu
ar_forecast,TSLA,2026-06-25,2026-06-25 10:40:00-04:00,377.4312,2026-06-25 10:50:00-04:00,377.5987,26,short,-4.36,-0.0444,10.0,AR(12) forecasts -0.29% over 6 bars,signal,0.737,-0.183,0.651,0.48,-0.474,3.415,0.075,0.132,0.986,0.849,10.67,Thu
ar_forecast,PLTR,2026-06-25,2026-06-25 10:35:00-04:00,108.4308,2026-06-25 11:05:00-04:00,107.2186,92,short,111.52,1.1179,30.0,AR(12) forecasts -0.25% over 6 bars,signal,-1.781,-2.692,-0.097,0.43,-0.307,4.332,-0.0266,-0.112,1.705,0.288,10.58,Thu
ar_forecast,NVDA,2026-06-25,2026-06-25 10:35:00-04:00,194.8128,2026-06-25 11:05:00-04:00,196.5582,51,short,-89.02,-0.8959,30.0,AR(12) forecasts -0.18% over 6 bars,signal,0.439,-2.577,-0.459,0.48,-0.307,4.561,-0.0965,0.519,0.782,0.328,10.58,Thu
ar_forecast,TSLA,2026-06-25,2026-06-25 10:55:00-04:00,377.7888,2026-06-25 11:10:00-04:00,373.8239,26,long,-103.09,-1.0495,15.0,AR(12) forecasts +0.30% over 6 bars,stop,0.737,-0.089,0.707,0.51,-0.498,3.611,0.0585,0.069,0.908,0.897,10.92,Thu
ar_forecast,MSTR,2026-06-25,2026-06-25 10:40:00-04:00,89.6553,2026-06-25 11:10:00-04:00,87.974,111,short,186.62,1.8753,30.0,AR(12) forecasts -0.60% over 6 bars,signal,0.573,-5.327,0.051,0.55,-0.474,10.685,-0.0663,0.421,2.185,0.375,10.67,Thu
ar_forecast,COIN,2026-06-25,2026-06-25 10:40:00-04:00,148.7356,2026-06-25 11:10:00-04:00,146.8834,67,short,124.1,1.2453,30.0,AR(12) forecasts -0.74% over 6 bars,signal,0.54,-1.408,0.663,0.4,-0.474,7.548,0.0937,0.378,1.594,0.575,10.67,Thu
vwap_pullback,TSLA,2026-06-25,2026-06-25 11:15:00-04:00,372.8934,2026-06-25 11:20:00-04:00,376.4209,26,short,-91.71,-0.946,5.0,rejection at session VWAP 375.10,stop,0.737,-1.384,-0.579,0.86,-0.709,3.595,0.0232,-0.092,0.819,0.229,11.25,Thu
ar_forecast,COIN,2026-06-25,2026-06-25 11:15:00-04:00,145.4273,2026-06-25 11:20:00-04:00,145.7328,68,short,-20.78,-0.2101,5.0,AR(12) forecasts -0.20% over 6 bars,signal,0.54,-3.601,-1.452,0.58,-0.709,6.561,-0.0048,0.297,1.255,0.168,11.25,Thu
ar_forecast,AMD,2026-06-25,2026-06-25 10:50:00-04:00,519.1353,2026-06-25 11:20:00-04:00,519.1394,19,short,-0.08,-0.0008,30.0,AR(12) forecasts -0.35% over 6 bars,signal,4.695,-4.585,-1.626,0.3,-0.15,9.381,-0.1901,0.381,1.375,0.277,10.83,Thu
ar_forecast,MSTR,2026-06-25,2026-06-25 11:15:00-04:00,86.8266,2026-06-25 11:20:00-04:00,87.7387,115,short,-104.89,-1.0505,5.0,AR(12) forecasts -0.37% over 6 bars,stop,0.573,-8.314,-2.82,0.67,-0.709,9.642,-0.1157,0.225,1.802,0.05,11.25,Thu
ar_forecast,NVDA,2026-06-25,2026-06-25 11:10:00-04:00,195.9564,2026-06-25 11:40:00-04:00,195.4727,51,short,24.67,0.2468,30.0,AR(12) forecasts -0.16% over 6 bars,signal,0.439,-2.005,0.141,0.61,-0.804,4.287,-0.0042,0.288,0.687,0.468,11.17,Thu
rsi2_reversion,PLTR,2026-06-25,2026-06-25 11:40:00-04:00,107.4862,2026-06-25 11:50:00-04:00,107.2886,93,short,18.38,0.1838,10.0,RSI(2)=95 rip below VWAP,signal,-1.781,-3.539,-0.607,0.52,-0.56,3.674,-0.0501,-0.127,0.971,0.193,11.67,Thu
ar_forecast,PLTR,2026-06-25,2026-06-25 11:25:00-04:00,107.1064,2026-06-25 11:55:00-04:00,107.1135,93,short,-0.66,-0.0066,30.0,AR(12) forecasts -0.35% over 6 bars,signal,-1.781,-3.88,-0.989,0.59,-0.625,3.88,-0.063,-0.146,1.123,0.127,11.42,Thu
rsi2_reversion,MSTR,2026-06-25,2026-06-25 12:10:00-04:00,88.036,2026-06-25 12:15:00-04:00,87.6738,113,short,40.92,0.4114,5.0,RSI(2)=93 rip below VWAP,signal,0.573,-7.037,-1.001,0.49,-0.436,8.206,-0.1055,0.201,1.251,0.196,12.17,Thu
rsi2_reversion,COIN,2026-06-25,2026-06-25 12:10:00-04:00,147.09,2026-06-25 12:25:00-04:00,146.8534,67,short,15.85,0.1609,15.0,RSI(2)=98 rip below VWAP,signal,0.54,-2.499,-0.187,0.4,-0.436,5.506,-0.0355,0.293,0.856,0.373,12.17,Thu
squeeze_breakout,NVDA,2026-06-25,2026-06-25 12:15:00-04:00,196.8284,2026-06-25 12:30:00-04:00,195.5767,50,long,-62.58,-0.6359,15.0,squeeze breakout above upper band 196.71,stop,0.439,-1.569,0.575,0.56,-0.461,3.462,0.0141,0.272,0.453,0.574,12.25,Thu
ema_crossover,NVDA,2026-06-25,2026-06-25 12:10:00-04:00,196.4382,2026-06-25 12:30:00-04:00,195.4622,50,long,-48.8,-0.4968,20.0,EMA9/20 cross up above VWAP,stop,0.439,-1.764,0.383,0.47,-0.436,3.516,0.0122,0.278,0.464,0.527,12.17,Thu
rsi2_reversion,PLTR,2026-06-25,2026-06-25 12:15:00-04:00,107.7561,2026-06-25 12:30:00-04:00,107.3787,92,short,34.72,0.3503,15.0,RSI(2)=94 rip below VWAP,signal,-1.781,-3.297,-0.267,0.53,-0.461,3.453,-0.0375,-0.071,0.753,0.24,12.25,Thu
squeeze_breakout,TSLA,2026-06-25,2026-06-25 12:40:00-04:00,373.2833,2026-06-25 13:15:00-04:00,375.3526,26,short,-53.8,-0.5544,35.0,squeeze breakdown below lower band 373.51,stop,0.737,-1.28,-0.487,0.46,-0.896,2.803,-0.0011,-0.061,0.446,0.282,12.67,Thu
vwap_pullback,AMD,2026-06-25,2026-06-25 12:45:00-04:00,521.9539,2026-06-25 13:15:00-04:00,528.1231,19,short,-117.21,-1.1819,30.0,rejection at session VWAP 526.28,stop,4.695,-4.067,-0.814,0.34,-0.827,6.819,0.0061,0.29,0.797,0.341,12.75,Thu
high_break_trail,MSTR,2026-06-25,2026-06-25 12:35:00-04:00,86.5267,2026-06-25 13:15:00-04:00,87.0254,115,short,-57.34,-0.5763,40.0,"break of first-hour low 86.62, 2.0xATR trail",stop,0.573,-8.631,-2.538,0.94,-0.831,7.811,-0.1007,0.206,1.161,0.092,12.58,Thu
rsi2_reversion,AMD,2026-06-25,2026-06-25 13:15:00-04:00,525.8969,2026-06-25 13:20:00-04:00,524.5171,19,short,26.22,0.2624,5.0,RSI(2)=90 rip below VWAP,signal,4.695,-3.342,-0.048,0.51,-0.866,6.378,0.0109,0.283,0.677,0.431,13.25,Thu
vwap_pullback,AMD,2026-06-25,2026-06-25 13:20:00-04:00,523.9929,2026-06-25 13:25:00-04:00,527.9944,19,short,-76.03,-0.7637,5.0,rejection at session VWAP 526.15,stop,4.695,-3.692,-0.409,0.39,-0.815,6.357,0.0126,0.274,0.678,0.387,13.33,Thu
rsi2_reversion,MSTR,2026-06-25,2026-06-25 13:20:00-04:00,86.8066,2026-06-25 13:35:00-04:00,86.2181,115,short,67.68,0.6779,15.0,RSI(2)=96 rip below VWAP,signal,0.573,-8.335,-1.831,0.89,-0.815,7.3,-0.1085,0.183,0.992,0.186,13.33,Thu
rsi2_reversion,TSLA,2026-06-25,2026-06-25 13:40:00-04:00,374.6576,2026-06-25 13:45:00-04:00,374.2864,26,short,9.65,0.0991,5.0,RSI(2)=95 rip below VWAP,signal,0.737,-0.917,-0.079,0.45,-0.85,2.492,-0.0077,-0.082,0.333,0.47,13.67,Thu
squeeze_breakout,MSTR,2026-06-25,2026-06-25 12:40:00-04:00,85.7721,2026-06-25 13:55:00-04:00,87.4502,116,short,-194.65,-1.9564,75.0,squeeze breakdown below lower band 86.25,stop,0.573,-9.428,-3.331,0.8,-0.896,7.707,-0.1047,0.202,1.126,0.05,12.67,Thu
rsi2_reversion,COIN,2026-06-25,2026-06-25 14:00:00-04:00,145.1774,2026-06-25 14:05:00-04:00,144.7623,68,short,28.22,0.2859,5.0,RSI(2)=93 rip below VWAP,signal,0.54,-3.767,-1.197,0.46,-0.945,4.397,-0.0435,0.271,0.507,0.137,14.0,Thu
rsi2_reversion,MSTR,2026-06-25,2026-06-25 14:00:00-04:00,87.3813,2026-06-25 14:15:00-04:00,86.4032,114,short,111.5,1.1194,15.0,RSI(2)=92 rip below VWAP,signal,0.573,-7.728,-1.038,0.56,-0.945,7.028,-0.0862,0.15,0.941,0.245,14.0,Thu
squeeze_breakout,NVDA,2026-06-25,2026-06-25 14:05:00-04:00,193.903,2026-06-25 14:15:00-04:00,195.132,51,short,-62.68,-0.6338,10.0,squeeze breakdown below lower band 194.20,stop,0.439,-3.032,-0.85,0.99,-0.742,2.842,-0.0034,0.21,0.325,0.217,14.08,Thu
rsi2_reversion,PLTR,2026-06-25,2026-06-25 14:00:00-04:00,107.2064,2026-06-25 14:15:00-04:00,107.0035,93,short,18.87,0.1893,15.0,RSI(2)=94 rip below VWAP,signal,-1.781,-3.79,-0.627,0.41,-0.945,2.796,-0.022,-0.049,0.413,0.144,14.0,Thu
ema_crossover,TSLA,2026-06-25,2026-06-25 12:30:00-04:00,374.1908,2026-06-25 14:25:00-04:00,375.0074,26,short,-21.23,-0.2182,115.0,EMA9/20 cross down below VWAP,signal,0.737,-1.04,-0.258,0.42,-0.747,2.863,0.004,-0.072,0.478,0.406,12.5,Thu
vwap_pullback,COIN,2026-06-25,2026-06-25 11:10:00-04:00,146.7366,2026-06-25 14:35:00-04:00,143.9256,68,short,191.15,1.9157,205.0,rejection at session VWAP 147.73,target,0.54,-2.733,-0.642,0.63,-0.804,6.725,0.0127,0.309,1.301,0.329,11.17,Thu
ema_crossover,AMD,2026-06-25,2026-06-25 12:15:00-04:00,529.6748,2026-06-25 14:40:00-04:00,523.738,18,long,-106.86,-1.1208,145.0,EMA9/20 cross up above VWAP,signal,4.695,-2.648,0.653,0.61,-0.461,7.292,-0.0155,0.304,0.85,0.517,12.25,Thu
squeeze_breakout,AMD,2026-06-25,2026-06-25 14:35:00-04:00,522.5586,2026-06-25 14:40:00-04:00,526.9328,19,short,-83.11,-0.8371,5.0,squeeze breakdown below lower band 522.86,stop,4.695,-3.956,-0.709,0.6,-0.602,5.699,0.0208,0.231,0.572,0.355,14.58,Thu
squeeze_breakout,COIN,2026-06-25,2026-06-25 14:35:00-04:00,143.8081,2026-06-25 15:10:00-04:00,142.0727,69,short,119.74,1.2067,35.0,squeeze breakdown below lower band 144.13,target,0.54,-4.674,-1.969,1.35,-0.602,4.231,-0.0434,0.24,0.479,0.043,14.58,Thu
squeeze_breakout,AMD,2026-06-25,2026-06-25 15:05:00-04:00,521.4091,2026-06-25 15:40:00-04:00,526.8786,19,short,-103.92,-1.049,35.0,squeeze breakdown below lower band 522.60,stop,4.695,-4.167,-0.911,0.54,-0.788,5.514,0.0169,0.219,0.558,0.328,15.08,Thu
orb,NVDA,2026-06-25,2026-06-25 09:50:00-04:00,194.4227,2026-06-25 15:55:00-04:00,195.8379,51,short,-72.17,-0.7279,365.0,break of opening range low 195.88,eod,0.439,-2.772,-1.396,0.94,-1.111,1.456,-0.7402,-0.493,0.982,0.147,9.83,Thu
high_break_trail,COIN,2026-06-25,2026-06-25 14:35:00-04:00,143.8081,2026-06-25 15:55:00-04:00,142.6513,69,short,79.82,0.8044,80.0,"break of first-hour low 144.06, 2.0xATR trail",eod,0.54,-4.674,-1.969,1.35,-0.602,4.231,-0.0434,0.24,0.479,0.043,14.58,Thu
high_break_trail,PLTR,2026-06-25,2026-06-25 11:10:00-04:00,106.5317,2026-06-25 15:55:00-04:00,107.3637,93,short,-77.37,-0.7809,285.0,"break of first-hour low 106.93, 2.0xATR trail",eod,-1.781,-4.396,-1.605,0.72,-0.804,4.091,-0.0678,-0.203,1.267,0.027,11.17,Thu
ema_crossover,PLTR,2026-06-25,2026-06-25 15:25:00-04:00,107.2364,2026-06-25 15:55:00-04:00,107.3637,93,short,-11.84,-0.1187,30.0,EMA9/20 cross down below VWAP,eod,-1.781,-3.763,-0.567,0.59,-0.882,2.681,-0.0077,-0.014,0.374,0.149,15.42,Thu
orb,COIN,2026-06-25,2026-06-25 09:50:00-04:00,145.7621,2026-06-25 15:55:00-04:00,142.6513,68,short,211.53,2.1342,365.0,break of opening range low 146.40,eod,0.54,-3.379,-1.473,0.72,-1.111,2.578,-0.8375,0.043,2.212,0.175,9.83,Thu
vwap_pullback,PLTR,2026-06-25,2026-06-25 10:45:00-04:00,107.5737,2026-06-25 15:55:00-04:00,107.3637,92,short,19.32,0.1952,310.0,rejection at session VWAP 108.51,eod,-1.781,-3.461,-0.836,0.51,-0.346,4.115,-0.0405,-0.071,1.555,0.124,10.75,Thu
orb,AMD,2026-06-25,2026-06-25 09:50:00-04:00,524.2077,2026-06-25 15:55:00-04:00,532.8563,19,short,-164.32,-1.6498,365.0,break of opening range low 531.01,eod,4.695,-3.652,-2.404,0.74,-1.111,9.11,-1.586,-1.0,1.788,0.284,9.83,Thu
orb,MSTR,2026-06-25,2026-06-25 09:50:00-04:00,88.7539,2026-06-25 15:55:00-04:00,85.3627,112,short,379.82,3.821,365.0,break of opening range low 89.61,eod,0.573,-6.279,-2.17,0.94,-1.111,3.417,-1.4713,-0.043,2.905,0.201,9.83,Thu
ema_crossover,NVDA,2026-06-25,2026-06-25 12:40:00-04:00,195.1724,2026-06-25 15:55:00-04:00,195.8379,51,short,-33.94,-0.341,195.0,EMA9/20 cross down below VWAP,eod,0.439,-2.397,-0.27,0.32,-0.896,3.258,0.0099,0.268,0.396,0.372,12.67,Thu
vwap_pullback,NVDA,2026-06-25,2026-06-25 12:40:00-04:00,195.1724,2026-06-25 15:55:00-04:00,195.8379,51,short,-33.94,-0.341,195.0,rejection at session VWAP 195.71,eod,0.439,-2.397,-0.27,0.32,-0.896,3.258,0.0099,0.268,0.396,0.372,12.67,Thu
ema_crossover,MSTR,2026-06-25,2026-06-25 14:45:00-04:00,86.2069,2026-06-25 15:55:00-04:00,85.3627,116,short,97.93,0.9793,70.0,EMA9/20 cross down below VWAP,eod,0.573,-8.968,-2.252,0.46,-0.723,6.799,-0.0676,0.084,0.837,0.124,14.75,Thu
orb,PLTR,2026-06-25,2026-06-25 09:55:00-04:00,107.6961,2026-06-25 15:55:00-04:00,107.3637,92,short,30.59,0.3087,360.0,break of opening range low 108.01,eod,-1.781,-3.351,-1.051,0.76,-1.228,3.571,-0.3666,-0.44,2.481,0.147,9.92,Thu
orb,TSLA,2026-06-25,2026-06-25 09:55:00-04:00,372.0338,2026-06-25 15:55:00-04:00,375.3376,26,short,-85.9,-0.888,360.0,break of opening range low 372.53,eod,0.737,-1.611,-0.603,0.64,-1.228,3.308,-0.1232,0.425,1.394,0.111,9.92,Thu
ema_crossover,TSLA,2026-06-25,2026-06-25 14:50:00-04:00,373.2783,2026-06-25 15:55:00-04:00,375.3376,26,short,-53.54,-0.5517,65.0,EMA9/20 cross down below VWAP,eod,0.737,-1.282,-0.416,0.8,-0.707,2.427,-0.0066,-0.169,0.342,0.281,14.83,Thu
vwap_pullback,TSLA,2026-06-25,2026-06-25 12:30:00-04:00,374.1908,2026-06-25 15:55:00-04:00,375.3376,26,short,-29.82,-0.3065,205.0,rejection at session VWAP 375.18,eod,0.737,-1.04,-0.258,0.42,-0.747,2.863,0.004,-0.072,0.478,0.406,12.5,Thu
ar_forecast,AMD,2026-06-26,2026-06-26 10:35:00-04:00,521.4041,2026-06-26 10:50:00-04:00,518.0689,19,short,63.37,0.6397,15.0,AR(12) forecasts -1.03% over 6 bars,signal,-2.402,0.31,1.374,0.57,0.444,5.343,0.2323,-0.036,1.969,0.835,10.58,Fri
vwap_pullback,NVDA,2026-06-26,2026-06-26 10:45:00-04:00,192.7936,2026-06-26 10:50:00-04:00,193.6502,51,short,-43.69,-0.4443,5.0,rejection at session VWAP 192.97,stop,-1.346,-0.161,-0.095,0.77,0.54,2.023,0.0296,-0.049,0.694,0.475,10.75,Fri
rsi2_reversion,MSTR,2026-06-26,2026-06-26 10:45:00-04:00,84.7877,2026-06-26 10:50:00-04:00,85.3273,117,long,63.14,0.6365,5.0,RSI(2)=6 dip above VWAP,signal,-2.45,1.872,0.163,0.52,0.54,9.793,0.1356,-0.233,1.533,0.464,10.75,Fri
rsi2_reversion,NVDA,2026-06-26,2026-06-26 10:40:00-04:00,193.1365,2026-06-26 10:55:00-04:00,193.2133,51,long,3.92,0.0398,15.0,RSI(2)=10 dip above VWAP,signal,-1.346,0.016,0.085,0.6,0.442,2.087,0.0383,-0.019,0.716,0.579,10.67,Fri
ar_forecast,PLTR,2026-06-26,2026-06-26 10:40:00-04:00,111.5192,2026-06-26 10:55:00-04:00,111.8259,89,short,-27.29,-0.275,15.0,AR(12) forecasts -0.27% over 6 bars,signal,1.612,2.274,0.656,0.69,0.442,3.988,0.1136,-0.517,1.04,0.742,10.67,Fri
ar_forecast,NVDA,2026-06-26,2026-06-26 10:35:00-04:00,193.6432,2026-06-26 11:00:00-04:00,193.2015,51,short,22.53,0.2281,25.0,AR(12) forecasts -0.27% over 6 bars,signal,-1.346,0.279,0.349,0.55,0.444,2.143,0.0547,-0.114,0.735,0.732,10.58,Fri
ar_forecast,COIN,2026-06-26,2026-06-26 10:35:00-04:00,146.5668,2026-06-26 11:05:00-04:00,145.9529,68,short,41.74,0.4188,30.0,AR(12) forecasts -1.72% over 6 bars,signal,-2.248,5.16,1.903,0.64,0.444,5.322,0.2066,0.233,1.163,0.864,10.58,Fri
ar_forecast,MSTR,2026-06-26,2026-06-26 10:35:00-04:00,85.6571,2026-06-26 11:05:00-04:00,85.1225,116,short,62.01,0.6241,30.0,AR(12) forecasts -1.05% over 6 bars,signal,-2.45,2.916,1.225,0.44,0.444,10.302,0.2195,-0.261,1.584,0.628,10.58,Fri
ar_forecast,PLTR,2026-06-26,2026-06-26 11:00:00-04:00,111.724,2026-06-26 11:10:00-04:00,111.9159,89,short,-17.08,-0.1718,10.0,AR(12) forecasts -0.21% over 6 bars,signal,1.612,2.461,0.752,0.46,0.526,3.51,0.0816,-0.513,0.87,0.792,11.0,Fri
ar_forecast,AMD,2026-06-26,2026-06-26 11:00:00-04:00,516.9033,2026-06-26 11:15:00-04:00,511.4784,19,long,-103.07,-1.0495,15.0,AR(12) forecasts +0.29% over 6 bars,stop,-2.402,-0.556,0.417,0.42,0.526,4.656,0.0938,0.068,1.553,0.635,11.0,Fri
rsi2_reversion,AMD,2026-06-26,2026-06-26 10:45:00-04:00,517.2535,2026-06-26 11:15:00-04:00,511.8249,19,long,-103.14,-1.0495,30.0,RSI(2)=8 dip above VWAP,stop,-2.402,-0.489,0.531,0.42,0.54,4.998,0.1605,0.037,1.771,0.651,10.75,Fri
orb,TSLA,2026-06-26,2026-06-26 10:00:00-04:00,374.8874,2026-06-26 11:35:00-04:00,387.2683,26,long,321.91,3.3026,95.0,break of opening range high 373.98,target,-1.335,1.283,0.728,0.59,0.445,2.327,0.1883,-0.408,0.748,0.827,10.0,Fri
ar_forecast,TSLA,2026-06-26,2026-06-26 11:25:00-04:00,383.8879,2026-06-26 11:35:00-04:00,387.9207,26,short,-104.85,-1.0505,10.0,AR(12) forecasts -0.25% over 6 bars,stop,-1.335,3.714,2.03,1.26,0.785,2.273,0.1286,-0.198,0.539,0.921,11.42,Fri
ar_forecast,MSTR,2026-06-26,2026-06-26 11:10:00-04:00,86.1269,2026-06-26 11:40:00-04:00,86.9635,116,short,-97.04,-0.9713,30.0,AR(12) forecasts -0.22% over 6 bars,signal,-2.45,3.481,1.677,0.4,0.429,9.247,0.0598,-0.291,1.461,0.716,11.17,Fri
ar_forecast,COIN,2026-06-26,2026-06-26 11:10:00-04:00,147.3463,2026-06-26 11:40:00-04:00,148.5542,67,short,-80.93,-0.8198,30.0,AR(12) forecasts -0.34% over 6 bars,signal,-2.248,5.719,2.213,0.39,0.429,5.004,0.0997,0.044,0.998,0.955,11.17,Fri
high_break_trail,TSLA,2026-06-26,2026-06-26 10:50:00-04:00,378.6392,2026-06-26 12:10:00-04:00,383.0206,26,long,113.92,1.1571,80.0,"break of first-hour high 377.89, 2.0xATR trail",stop,-1.335,2.296,1.15,0.59,0.492,2.135,0.1239,-0.338,0.585,0.927,10.83,Fri
ar_forecast,NVDA,2026-06-26,2026-06-26 11:40:00-04:00,194.9814,2026-06-26 12:10:00-04:00,194.0656,51,short,46.7,0.4697,30.0,AR(12) forecasts -0.21% over 6 bars,signal,-1.346,0.972,0.945,1.0,1.005,2.005,0.021,-0.056,0.484,0.933,11.67,Fri
ar_forecast,TSLA,2026-06-26,2026-06-26 12:00:00-04:00,385.1375,2026-06-26 12:30:00-04:00,382.8035,25,long,-58.35,-0.606,30.0,AR(12) forecasts +0.28% over 6 bars,signal,-1.335,4.052,1.759,0.57,0.876,2.3,0.1374,-0.026,0.466,0.861,12.0,Fri
rsi2_reversion,TSLA,2026-06-26,2026-06-26 12:15:00-04:00,383.146,2026-06-26 12:35:00-04:00,384.9974,26,long,48.14,0.4832,20.0,RSI(2)=9 dip above VWAP,signal,-1.335,3.514,1.143,0.85,0.693,2.429,0.1198,0.041,0.453,0.758,12.25,Fri
rsi2_reversion,NVDA,2026-06-26,2026-06-26 13:00:00-04:00,194.2371,2026-06-26 13:05:00-04:00,194.5127,51,long,14.06,0.1419,5.0,RSI(2)=10 dip above VWAP,signal,-1.346,0.586,0.429,0.4,0.821,1.812,0.0185,-0.026,0.306,0.749,13.0,Fri
ema_crossover,MSTR,2026-06-26,2026-06-26 13:15:00-04:00,85.7779,2026-06-26 13:15:00-04:00,84.8576,116,long,-106.76,-1.0729,0.0,EMA9/20 cross up above VWAP,stop,-2.45,3.061,0.904,0.37,0.754,6.826,0.0114,-0.206,0.863,0.651,13.25,Fri
squeeze_breakout,COIN,2026-06-26,2026-06-26 13:05:00-04:00,149.6048,2026-06-26 13:20:00-04:00,148.3806,66,long,-80.79,-0.8183,15.0,squeeze breakout above upper band 149.55,stop,-2.248,7.34,2.777,0.38,0.92,4.005,0.0849,0.013,0.562,0.991,13.08,Fri
vwap_pullback,MSTR,2026-06-26,2026-06-26 12:35:00-04:00,85.6228,2026-06-26 13:20:00-04:00,84.6766,116,long,-109.76,-1.1051,45.0,bounce off session VWAP 84.97,stop,-2.45,2.875,0.758,0.41,0.747,7.264,0.0267,-0.229,0.957,0.621,12.58,Fri
vwap_pullback,NVDA,2026-06-26,2026-06-26 11:25:00-04:00,193.4317,2026-06-26 13:30:00-04:00,195.3386,51,long,97.25,0.9858,125.0,bounce off session VWAP 193.01,target,-1.346,0.169,0.213,0.58,0.785,1.827,0.0069,-0.103,0.509,0.668,11.42,Fri
rsi2_reversion,PLTR,2026-06-26,2026-06-26 13:25:00-04:00,112.7263,2026-06-26 13:35:00-04:00,112.7636,88,long,3.28,0.0331,10.0,RSI(2)=10 dip above VWAP,signal,1.612,3.381,0.857,0.28,0.792,2.858,0.0536,-0.207,0.407,0.759,13.42,Fri
squeeze_breakout,AMD,2026-06-26,2026-06-26 13:35:00-04:00,523.9318,2026-06-26 13:55:00-04:00,519.8332,19,long,-77.87,-0.7823,20.0,squeeze breakout above upper band 522.79,stop,-2.402,0.796,1.428,0.82,0.7,3.795,0.0277,-0.042,0.64,0.948,13.58,Fri
rsi2_reversion,NVDA,2026-06-26,2026-06-26 13:55:00-04:00,194.6473,2026-06-26 14:05:00-04:00,194.5727,51,long,-3.81,-0.0383,10.0,RSI(2)=10 dip above VWAP,signal,-1.346,0.799,0.53,1.66,0.647,1.711,0.0187,0.01,0.264,0.792,13.92,Fri
squeeze_breakout,NVDA,2026-06-26,2026-06-26 13:30:00-04:00,195.1325,2026-06-26 14:15:00-04:00,194.1881,51,long,-48.17,-0.484,45.0,squeeze breakout above upper band 194.86,stop,-1.346,1.05,0.831,0.8,0.78,1.773,0.0193,-0.003,0.297,0.904,13.5,Fri
high_break_trail,COIN,2026-06-26,2026-06-26 11:35:00-04:00,148.074,2026-06-26 14:25:00-04:00,147.2497,67,long,-55.23,-0.5567,170.0,"break of first-hour high 147.73, 2.0xATR trail",stop,-2.248,6.241,2.422,0.8,0.934,4.488,0.1042,0.049,0.83,0.95,11.58,Fri
rsi2_reversion,TSLA,2026-06-26,2026-06-26 13:55:00-04:00,385.2875,2026-06-26 14:35:00-04:00,383.1583,25,long,-53.23,-0.5526,40.0,RSI(2)=9 dip above VWAP,signal,-1.335,4.092,1.296,0.46,0.647,2.199,0.0698,0.047,0.303,0.869,13.92,Fri
rsi2_reversion,AMD,2026-06-26,2026-06-26 14:00:00-04:00,519.5347,2026-06-26 14:35:00-04:00,518.0009,19,long,-29.14,-0.2952,35.0,RSI(2)=5 dip above VWAP,signal,-2.402,-0.05,0.537,0.61,0.729,3.661,0.0252,-0.019,0.55,0.752,14.0,Fri
squeeze_breakout,MSTR,2026-06-26,2026-06-26 13:45:00-04:00,84.3128,2026-06-26 14:35:00-04:00,82.6848,118,short,192.11,1.9309,50.0,squeeze breakdown below lower band 84.40,target,-2.45,1.301,-0.804,0.37,0.674,6.454,-0.0029,-0.188,0.735,0.374,13.75,Fri
ema_crossover,PLTR,2026-06-26,2026-06-26 13:45:00-04:00,113.4217,2026-06-26 14:40:00-04:00,112.7136,88,long,-62.31,-0.6243,55.0,EMA9/20 cross up above VWAP,signal,1.612,4.018,1.428,0.48,0.674,2.781,0.048,-0.187,0.391,0.883,13.75,Fri
orb,MSTR,2026-06-26,2026-06-26 09:50:00-04:00,84.7574,2026-06-26 14:45:00-04:00,82.2888,117,long,-288.82,-2.9125,295.0,break of opening range high 84.48,stop,-2.45,1.835,1.448,0.53,0.051,9.722,0.5747,-0.64,1.746,0.791,9.83,Fri
rsi2_reversion,COIN,2026-06-26,2026-06-26 14:25:00-04:00,148.094,2026-06-26 14:45:00-04:00,146.5398,67,long,-104.13,-1.0495,20.0,RSI(2)=7 dip above VWAP,stop,-2.248,6.256,1.463,0.47,0.533,3.696,0.0534,0.06,0.444,0.835,14.42,Fri
high_break_trail,NVDA,2026-06-26,2026-06-26 11:40:00-04:00,195.1764,2026-06-26 14:50:00-04:00,193.4968,51,long,-85.66,-0.8606,190.0,"break of first-hour high 194.53, 2.0xATR trail",stop,-1.346,1.073,1.046,1.0,1.005,2.005,0.021,-0.056,0.484,0.982,11.67,Fri
high_break_trail,MSTR,2026-06-26,2026-06-26 14:55:00-04:00,81.994,2026-06-26 15:05:00-04:00,82.9765,121,short,-118.88,-1.1982,10.0,"break of first-hour low 82.33, 2.0xATR trail",stop,-2.45,-1.485,-3.263,0.72,0.367,5.962,-0.0362,-0.156,0.687,0.032,14.92,Fri
rsi2_reversion,PLTR,2026-06-26,2026-06-26 14:30:00-04:00,112.8264,2026-06-26 15:05:00-04:00,112.6635,88,long,-14.33,-0.1443,35.0,RSI(2)=5 dip above VWAP,signal,1.612,3.472,0.778,0.43,0.62,2.694,0.0379,-0.168,0.347,0.777,14.5,Fri
rsi2_reversion,AMD,2026-06-26,2026-06-26 15:00:00-04:00,517.8988,2026-06-26 15:10:00-04:00,519.4202,19,long,28.91,0.2937,10.0,RSI(2)=8 dip above VWAP,signal,-2.402,-0.365,0.186,0.69,0.345,3.346,0.0136,-0.004,0.447,0.68,15.0,Fri
rsi2_reversion,COIN,2026-06-26,2026-06-26 14:50:00-04:00,146.6033,2026-06-26 15:10:00-04:00,147.1164,68,long,34.89,0.35,20.0,RSI(2)=2 dip above VWAP,signal,-2.248,5.186,0.407,0.52,0.39,3.596,0.0397,0.07,0.409,0.696,14.83,Fri
rsi2_reversion,MSTR,2026-06-26,2026-06-26 15:10:00-04:00,83.3433,2026-06-26 15:20:00-04:00,82.9415,119,short,47.82,0.4822,10.0,RSI(2)=94 rip below VWAP,signal,-2.45,0.136,-1.595,0.98,0.527,5.995,-0.0401,-0.158,0.772,0.263,15.17,Fri
ema_crossover,AMD,2026-06-26,2026-06-26 15:20:00-04:00,520.7502,2026-06-26 15:25:00-04:00,518.1308,19,long,-49.77,-0.503,5.0,EMA9/20 cross up above VWAP,signal,-2.402,0.184,0.711,1.06,0.456,3.349,0.0129,0.004,0.483,0.806,15.33,Fri
ema_crossover,PLTR,2026-06-26,2026-06-26 15:25:00-04:00,113.1666,2026-06-26 15:30:00-04:00,112.7736,88,long,-34.58,-0.3472,5.0,EMA9/20 cross up above VWAP,signal,1.612,3.784,1.001,0.48,0.445,2.568,0.0254,-0.127,0.344,0.837,15.42,Fri
ema_crossover,AMD,2026-06-26,2026-06-26 15:30:00-04:00,519.8798,2026-06-26 15:40:00-04:00,518.2508,19,long,-30.95,-0.3134,10.0,EMA9/20 cross up above VWAP,signal,-2.402,0.016,0.533,0.69,0.511,3.309,0.0125,-0.002,0.478,0.768,15.5,Fri
news_momentum,PLTR,2026-06-26,2026-06-26 11:35:00-04:00,113.4417,2026-06-26 15:50:00-04:00,111.954,88,long,-130.92,-1.3114,255.0,fresh headline <45m + breakout on volume,stop,1.612,4.037,1.953,1.6,0.934,3.164,0.0882,-0.372,0.699,0.911,11.58,Fri
vwap_pullback,AMD,2026-06-26,2026-06-26 11:45:00-04:00,521.4906,2026-06-26 15:50:00-04:00,513.2159,19,long,-157.22,-1.5867,245.0,bounce off session VWAP 515.02,stop,-2.402,0.326,1.237,0.91,0.909,4.483,0.0295,-0.007,1.158,0.839,11.75,Fri
high_break_trail,PLTR,2026-06-26,2026-06-26 10:35:00-04:00,112.6079,2026-06-26 15:50:00-04:00,111.6451,88,long,-84.73,-0.855,315.0,"break of first-hour high 112.24, 2.0xATR trail",stop,1.612,3.272,1.67,0.68,0.444,4.147,0.1241,-0.598,1.055,1.007,10.58,Fri
orb,COIN,2026-06-26,2026-06-26 09:50:00-04:00,144.7723,2026-06-26 15:55:00-04:00,149.2853,69,long,311.4,3.1173,365.0,break of opening range high 144.24,eod,-2.248,3.873,1.882,0.69,0.051,2.777,0.6333,0.966,1.467,0.915,9.83,Fri
ema_crossover,MSTR,2026-06-26,2026-06-26 13:20:00-04:00,84.8426,2026-06-26 15:55:00-04:00,81.961,117,short,337.15,3.3964,155.0,EMA9/20 cross down below VWAP,eod,-2.45,1.937,-0.194,0.49,0.7,6.752,0.0086,-0.195,0.851,0.474,13.33,Fri
orb,AMD,2026-06-26,2026-06-26 10:10:00-04:00,520.9604,2026-06-26 15:55:00-04:00,519.5701,19,long,-26.42,-0.2669,345.0,break of opening range high 520.66,eod,-2.402,0.224,1.635,0.57,0.584,4.874,0.418,-0.296,2.434,0.918,10.17,Fri
orb,PLTR,2026-06-26,2026-06-26 10:05:00-04:00,111.3456,2026-06-26 15:55:00-04:00,112.7736,89,long,127.09,1.2824,350.0,break of opening range high 111.05,eod,1.612,2.114,0.926,0.64,0.559,4.184,0.1096,-0.837,1.298,0.962,10.08,Fri
orb,NVDA,2026-06-26,2026-06-26 10:00:00-04:00,193.6768,2026-06-26 15:55:00-04:00,191.6241,51,long,-104.69,-1.0598,355.0,break of opening range high 193.50,eod,-1.346,0.296,0.543,0.61,0.445,2.004,0.1578,-0.192,0.948,0.808,10.0,Fri
ar_forecast,AMD,2026-06-29,2026-06-29 10:35:00-04:00,510.3551,2026-06-29 10:40:00-04:00,504.999,19,long,-101.77,-1.0495,5.0,AR(12) forecasts +1.68% over 6 bars,stop,0.577,-2.386,-0.932,0.79,0.083,8.237,-0.4408,-0.025,1.948,0.377,10.58,Mon
ar_forecast,TSLA,2026-06-29,2026-06-29 10:35:00-04:00,397.9489,2026-06-29 10:45:00-04:00,395.792,25,long,-53.92,-0.542,10.0,AR(12) forecasts +0.38% over 6 bars,signal,0.609,4.312,1.734,1.16,0.083,4.527,0.1496,0.069,0.99,0.974,10.58,Mon
ar_forecast,NVDA,2026-06-29,2026-06-29 10:35:00-04:00,194.0071,2026-06-29 10:45:00-04:00,194.3428,51,long,17.12,0.1731,10.0,AR(12) forecasts +0.30% over 6 bars,signal,0.211,0.98,0.445,0.84,0.083,4.387,-0.0997,0.301,0.854,0.66,10.58,Mon
ar_forecast,AMD,2026-06-29,2026-06-29 10:45:00-04:00,506.5733,2026-06-29 10:55:00-04:00,508.5556,19,long,37.66,0.3913,10.0,AR(12) forecasts +1.08% over 6 bars,signal,0.577,-3.109,-1.567,0.52,0.018,7.635,-0.3604,-0.024,1.797,0.282,10.75,Mon
ar_forecast,COIN,2026-06-29,2026-06-29 10:40:00-04:00,148.3041,2026-06-29 10:55:00-04:00,148.3608,67,long,3.8,0.0382,15.0,AR(12) forecasts +0.22% over 6 bars,signal,1.165,-1.85,-0.341,0.41,0.071,6.134,-0.07,-0.06,1.339,0.42,10.67,Mon
ar_forecast,MSTR,2026-06-29,2026-06-29 10:35:00-04:00,86.8965,2026-06-29 11:05:00-04:00,85.8379,115,short,121.74,1.2183,30.0,AR(12) forecasts -0.92% over 6 bars,signal,4.59,1.42,1.449,0.54,0.083,8.909,0.039,0.452,2.069,0.847,10.58,Mon
ar_forecast,PLTR,2026-06-29,2026-06-29 10:50:00-04:00,118.2908,2026-06-29 11:10:00-04:00,117.1185,84,short,98.47,0.991,20.0,AR(12) forecasts -0.16% over 6 bars,signal,2.938,1.848,0.787,0.45,0.196,3.685,0.0308,-0.053,0.981,0.773,10.83,Mon
vwap_pullback,MSTR,2026-06-29,2026-06-29 10:30:00-04:00,86.7333,2026-06-29 11:10:00-04:00,85.2829,115,long,-166.8,-1.6723,40.0,bounce off session VWAP 85.58,stop,4.59,1.229,1.287,0.59,0.119,9.285,-0.0056,0.465,2.166,0.814,10.5,Mon
vwap_pullback,PLTR,2026-06-29,2026-06-29 10:30:00-04:00,118.149,2026-06-29 11:10:00-04:00,116.8394,84,long,-110.01,-1.1085,40.0,bounce off session VWAP 117.25,stop,2.938,1.725,0.742,0.59,0.119,4.132,0.0128,-0.018,1.153,0.732,10.5,Mon
ar_forecast,TSLA,2026-06-29,2026-06-29 10:50:00-04:00,395.0524,2026-06-29 11:15:00-04:00,396.9454,25,short,-47.33,-0.4792,25.0,AR(12) forecasts -0.34% over 6 bars,signal,0.609,3.552,0.867,0.44,0.196,4.321,0.142,0.039,0.9,0.804,10.83,Mon
rsi2_reversion,PLTR,2026-06-29,2026-06-29 11:05:00-04:00,117.4637,2026-06-29 11:15:00-04:00,116.2309,85,long,-104.79,-1.0495,10.0,RSI(2)=10 dip above VWAP,stop,2.938,1.135,0.075,0.5,0.093,3.585,0.007,0.06,0.91,0.535,11.08,Mon
ar_forecast,NVDA,2026-06-29,2026-06-29 10:50:00-04:00,193.5932,2026-06-29 11:20:00-04:00,194.3821,51,short,-40.24,-0.4075,30.0,AR(12) forecasts -0.18% over 6 bars,signal,0.211,0.764,0.185,0.56,0.196,4.088,-0.036,0.232,0.769,0.595,10.83,Mon
ar_forecast,MSTR,2026-06-29,2026-06-29 11:10:00-04:00,85.8571,2026-06-29 11:25:00-04:00,86.759,116,short,-104.62,-1.0505,15.0,AR(12) forecasts -0.50% over 6 bars,stop,4.59,0.207,0.133,0.33,0.127,7.43,0.0632,0.418,1.617,0.636,11.17,Mon
ar_forecast,PLTR,2026-06-29,2026-06-29 11:15:00-04:00,116.9985,2026-06-29 11:25:00-04:00,116.4168,85,long,-49.45,-0.4972,10.0,AR(12) forecasts +0.19% over 6 bars,signal,2.938,0.735,-0.296,0.55,0.06,3.453,-0.0124,0.076,0.864,0.402,11.25,Mon
orb,MSTR,2026-06-29,2026-06-29 10:10:00-04:00,84.6277,2026-06-29 11:30:00-04:00,87.6938,118,short,-361.81,-3.6231,80.0,break of opening range low 84.62,stop,4.59,-1.228,-1.204,0.67,-0.519,6.862,-0.3559,0.38,2.466,0.387,10.17,Mon
ar_forecast,COIN,2026-06-29,2026-06-29 11:00:00-04:00,147.7661,2026-06-29 11:30:00-04:00,147.8539,67,short,-5.88,-0.0594,30.0,AR(12) forecasts -0.61% over 6 bars,signal,1.165,-2.206,-0.642,0.4,0.113,5.634,-0.0465,-0.067,1.159,0.343,11.0,Mon
rsi2_reversion,NVDA,2026-06-29,2026-06-29 11:25:00-04:00,193.9269,2026-06-29 11:45:00-04:00,194.1129,51,long,9.49,0.0959,20.0,RSI(2)=9 dip above VWAP,signal,0.211,0.938,0.248,1.11,0.169,3.554,0.0115,0.205,0.617,0.648,11.42,Mon
vwap_pullback,COIN,2026-06-29,2026-06-29 10:45:00-04:00,147.3463,2026-06-29 12:00:00-04:00,149.3336,67,short,-133.15,-1.3487,75.0,rejection at session VWAP 148.81,stop,1.165,-2.484,-0.968,0.44,0.018,6.051,-0.0576,-0.098,1.282,0.284,10.75,Mon
vwap_pullback,COIN,2026-06-29,2026-06-29 12:25:00-04:00,148.3258,2026-06-29 13:00:00-04:00,149.0604,67,short,-49.22,-0.4952,35.0,rejection at session VWAP 148.54,stop,1.165,-1.836,-0.142,0.39,0.245,4.51,0.0051,-0.042,0.686,0.423,12.42,Mon
squeeze_breakout,PLTR,2026-06-29,2026-06-29 12:45:00-04:00,114.8326,2026-06-29 13:10:00-04:00,115.9889,87,short,-100.6,-1.007,25.0,squeeze breakdown below lower band 114.90,stop,2.938,-1.13,-1.846,0.67,0.263,2.907,-0.0655,-0.052,0.487,0.028,12.75,Mon
high_break_trail,PLTR,2026-06-29,2026-06-29 11:50:00-04:00,115.4123,2026-06-29 13:10:00-04:00,116.3528,86,short,-80.89,-0.8149,80.0,"break of first-hour low 115.60, 2.0xATR trail",stop,2.938,-0.631,-1.52,0.46,0.208,3.126,-0.0596,0.049,0.661,-0.008,11.83,Mon
orb,AMD,2026-06-29,2026-06-29 10:00:00-04:00,512.8434,2026-06-29 13:15:00-04:00,535.4226,19,short,-429.0,-4.4027,195.0,break of opening range low 517.46,stop,0.577,-1.91,-2.149,1.01,-0.064,8.148,-0.6378,-0.412,2.398,0.119,10.0,Mon
ema_crossover,PLTR,2026-06-29,2026-06-29 11:15:00-04:00,116.8815,2026-06-29 13:25:00-04:00,116.6684,85,short,18.12,0.1823,130.0,EMA9/20 cross down below VWAP,signal,2.938,0.634,-0.395,0.55,0.06,3.453,-0.0124,0.076,0.864,0.368,11.25,Mon
rsi2_reversion,PLTR,2026-06-29,2026-06-29 13:10:00-04:00,115.7921,2026-06-29 14:05:00-04:00,116.4782,86,short,-59.01,-0.5926,55.0,RSI(2)=93 rip below VWAP,signal,2.938,-0.304,-0.968,0.41,0.468,2.868,-0.0583,0.005,0.433,0.248,13.17,Mon
rsi2_reversion,NVDA,2026-06-29,2026-06-29 13:55:00-04:00,194.187,2026-06-29 14:15:00-04:00,193.833,51,long,-18.05,-0.1823,20.0,RSI(2)=5 dip above VWAP,signal,0.211,1.073,0.3,0.35,0.527,2.438,0.0051,0.202,0.249,0.689,13.92,Mon
ema_crossover,NVDA,2026-06-29,2026-06-29 13:10:00-04:00,194.4712,2026-06-29 14:15:00-04:00,193.833,51,long,-32.55,-0.3281,65.0,EMA9/20 cross up above VWAP,signal,0.211,1.221,0.488,0.4,0.468,2.656,0.0006,0.211,0.297,0.733,13.17,Mon
rsi2_reversion,AMD,2026-06-29,2026-06-29 14:30:00-04:00,537.4186,2026-06-29 14:35:00-04:00,538.7045,18,long,23.15,0.2393,5.0,RSI(2)=8 dip above VWAP,signal,0.577,2.79,2.972,0.42,0.555,5.121,0.1005,-0.027,0.485,0.898,14.5,Mon
rsi2_reversion,MSTR,2026-06-29,2026-06-29 14:10:00-04:00,93.209,2026-06-29 14:40:00-04:00,92.9999,107,long,-22.37,-0.2243,30.0,RSI(2)=9 dip above VWAP,signal,4.59,8.787,6.072,0.57,0.55,6.211,0.1901,0.338,0.875,0.901,14.17,Mon
squeeze_breakout,PLTR,2026-06-29,2026-06-29 14:50:00-04:00,116.0919,2026-06-29 14:55:00-04:00,116.548,86,short,-39.22,-0.3928,5.0,squeeze breakdown below lower band 116.22,stop,2.938,-0.046,-0.656,0.41,0.588,2.435,-0.0223,0.014,0.282,0.316,14.83,Mon
squeeze_breakout,COIN,2026-06-29,2026-06-29 13:05:00-04:00,149.4747,2026-06-29 15:00:00-04:00,151.2684,66,long,118.39,1.2,115.0,squeeze breakout above upper band 149.42,target,1.165,-1.076,0.607,0.49,0.371,4.237,0.0131,-0.048,0.562,0.587,13.08,Mon
ema_crossover,NVDA,2026-06-29,2026-06-29 14:50:00-04:00,194.137,2026-06-29 15:05:00-04:00,193.7831,51,long,-18.05,-0.1823,15.0,EMA9/20 cross up above VWAP,signal,0.211,1.047,0.262,0.39,0.588,2.231,0.0037,0.197,0.194,0.681,14.83,Mon
high_break_trail,AMD,2026-06-29,2026-06-29 13:20:00-04:00,537.0984,2026-06-29 15:05:00-04:00,535.1747,18,long,-34.63,-0.3582,105.0,"break of first-hour high 535.16, 2.0xATR trail",stop,0.577,2.729,3.471,1.27,0.404,5.555,0.0954,0.032,0.615,0.963,13.33,Mon
high_break_trail,MSTR,2026-06-29,2026-06-29 11:40:00-04:00,88.9945,2026-06-29 15:05:00-04:00,91.8111,112,long,315.47,3.165,205.0,"break of first-hour high 87.65, 2.0xATR trail",stop,4.59,3.868,3.538,0.72,0.26,7.295,0.1167,0.435,1.362,0.973,11.67,Mon
rsi2_reversion,MSTR,2026-06-29,2026-06-29 14:55:00-04:00,92.6863,2026-06-29 15:05:00-04:00,91.7136,107,long,-104.08,-1.0495,10.0,RSI(2)=6 dip above VWAP,stop,4.59,8.177,5.028,0.56,0.565,5.837,0.174,0.327,0.773,0.856,14.92,Mon
rsi2_reversion,MSTR,2026-06-29,2026-06-29 15:10:00-04:00,91.951,2026-06-29 15:20:00-04:00,92.2638,108,long,33.79,0.3403,10.0,RSI(2)=3 dip above VWAP,signal,4.59,7.319,4.071,0.81,0.551,5.774,0.1634,0.337,0.765,0.793,15.17,Mon
ema_crossover,MSTR,2026-06-29,2026-06-29 11:25:00-04:00,86.3131,2026-06-29 15:20:00-04:00,92.2638,115,long,684.33,6.8943,235.0,EMA9/20 cross up above VWAP,signal,4.59,0.739,0.628,0.43,0.169,7.157,0.0667,0.426,1.42,0.729,11.42,Mon
rsi2_reversion,AMD,2026-06-29,2026-06-29 15:00:00-04:00,537.9288,2026-06-29 15:25:00-04:00,536.7215,18,long,-21.73,-0.2244,25.0,RSI(2)=9 dip above VWAP,signal,0.577,2.888,2.929,0.33,0.555,4.922,0.0937,-0.019,0.455,0.909,15.0,Mon
ema_crossover,AMD,2026-06-29,2026-06-29 11:30:00-04:00,522.8413,2026-06-29 15:35:00-04:00,536.0418,19,long,250.81,2.5248,245.0,EMA9/20 cross up above VWAP,signal,0.577,0.002,1.486,0.46,0.146,7.218,-0.0406,0.076,1.311,0.691,11.5,Mon
ema_crossover,PLTR,2026-06-29,2026-06-29 15:10:00-04:00,116.2119,2026-06-29 15:45:00-04:00,116.5883,86,short,-32.37,-0.3239,35.0,EMA9/20 cross down below VWAP,stop,2.938,0.058,-0.54,0.48,0.551,2.394,-0.0198,0.006,0.272,0.344,15.17,Mon
orb,COIN,2026-06-29,2026-06-29 09:50:00-04:00,147.4263,2026-06-29 15:55:00-04:00,151.7258,67,short,-288.07,-2.9164,365.0,break of opening range low 148.57,eod,1.165,-2.431,-1.467,0.78,0.322,3.791,-0.5212,-0.863,1.794,0.094,9.83,Mon
orb,NVDA,2026-06-29,2026-06-29 10:15:00-04:00,190.7946,2026-06-29 15:55:00-04:00,194.9974,52,short,-218.55,-2.2028,340.0,break of opening range low 192.11,eod,0.211,-0.692,-1.331,0.82,-0.385,4.068,-0.2484,-0.088,0.975,0.156,10.25,Mon
vwap_pullback,NVDA,2026-06-29,2026-06-29 10:40:00-04:00,194.177,2026-06-29 15:55:00-04:00,194.8025,51,long,31.9,0.3221,315.0,bounce off session VWAP 193.15,eod,0.211,1.068,0.511,1.16,0.071,4.239,-0.0671,0.306,0.817,0.687,10.67,Mon
squeeze_breakout,NVDA,2026-06-29,2026-06-29 15:25:00-04:00,194.8273,2026-06-29 15:55:00-04:00,194.8025,51,long,-1.26,-0.0127,30.0,squeeze breakout above upper band 194.56,eod,0.211,1.407,0.595,0.77,0.59,2.143,0.0045,0.189,0.179,0.789,15.42,Mon
squeeze_breakout,AMD,2026-06-29,2026-06-29 13:20:00-04:00,537.0984,2026-06-29 15:55:00-04:00,539.2902,18,long,39.45,0.4081,155.0,squeeze breakout above upper band 536.83,eod,0.577,2.729,3.471,1.27,0.404,5.555,0.0954,0.032,0.615,0.963,13.33,Mon
squeeze_breakout,MSTR,2026-06-29,2026-06-29 13:05:00-04:00,91.4057,2026-06-29 15:55:00-04:00,92.6337,109,long,133.85,1.3434,170.0,squeeze breakout above upper band 90.33,eod,4.59,6.683,5.506,1.27,0.371,6.529,0.1424,0.394,0.917,0.938,13.08,Mon
ema_crossover,MSTR,2026-06-29,2026-06-29 15:25:00-04:00,93.058,2026-06-29 15:55:00-04:00,92.6337,107,long,-45.4,-0.456,30.0,EMA9/20 cross up above VWAP,eod,4.59,8.611,5.148,0.87,0.59,5.734,0.157,0.339,0.794,0.888,15.42,Mon
orb,TSLA,2026-06-29,2026-06-29 09:50:00-04:00,392.5662,2026-06-29 15:55:00-04:00,411.5841,25,long,475.45,4.8445,365.0,break of opening range high 391.99,eod,0.609,2.901,1.018,0.92,0.322,4.482,0.4803,0.111,1.202,0.887,9.83,Mon
squeeze_breakout,TSLA,2026-06-29,2026-06-29 13:10:00-04:00,406.173,2026-06-29 15:55:00-04:00,411.5841,24,long,129.87,1.3322,165.0,squeeze breakout above upper band 405.69,eod,0.609,6.467,2.576,1.21,0.468,2.992,0.0929,0.062,0.386,0.98,13.17,Mon
high_break_trail,TSLA,2026-06-29,2026-06-29 10:35:00-04:00,397.9489,2026-06-29 15:55:00-04:00,411.5841,25,long,340.88,3.4264,320.0,"break of first-hour high 396.64, 2.0xATR trail",eod,0.609,4.312,1.734,1.16,0.083,4.527,0.1496,0.069,0.99,0.974,10.58,Mon
ar_forecast,MSTR,2026-06-30,2026-06-30 10:35:00-04:00,87.996,2026-06-30 10:50:00-04:00,85.4577,113,short,286.82,2.8845,15.0,AR(12) forecasts -0.61% over 6 bars,signal,-6.9,1.983,2.602,0.4,0.44,8.013,0.2773,-0.038,1.904,0.94,10.58,Tue
vwap_pullback,PLTR,2026-06-30,2026-06-30 10:25:00-04:00,116.2281,2026-06-30 10:50:00-04:00,115.2575,86,long,-83.47,-0.8351,25.0,bounce off session VWAP 115.66,stop,-0.657,1.147,0.467,0.56,0.43,2.465,0.0451,-0.35,0.987,0.859,10.42,Tue
orb,MSTR,2026-06-30,2026-06-30 10:25:00-04:00,87.7138,2026-06-30 10:50:00-04:00,84.3028,114,long,-388.85,-3.8888,25.0,break of opening range high 87.14,stop,-6.9,1.656,2.426,0.52,0.43,6.628,0.3241,-0.083,1.922,0.961,10.42,Tue
high_break_trail,MSTR,2026-06-30,2026-06-30 10:35:00-04:00,88.084,2026-06-30 10:50:00-04:00,84.8619,113,long,-364.09,-3.658,15.0,"break of first-hour high 87.87, 2.0xATR trail",stop,-6.9,2.085,2.704,0.4,0.44,8.013,0.2773,-0.038,1.904,0.96,10.58,Tue
ar_forecast,NVDA,2026-06-30,2026-06-30 10:45:00-04:00,197.7811,2026-06-30 11:00:00-04:00,197.1585,50,short,31.13,0.3148,15.0,AR(12) forecasts -0.15% over 6 bars,signal,1.178,0.297,0.138,0.47,0.348,2.918,0.0142,-0.179,0.867,0.676,10.75,Tue
ar_forecast,AMD,2026-06-30,2026-06-30 10:50:00-04:00,555.3921,2026-06-30 11:00:00-04:00,557.3385,18,short,-35.03,-0.3505,10.0,AR(12) forecasts -0.20% over 6 bars,signal,1.306,1.608,-0.031,0.56,0.282,5.176,0.0469,0.184,1.364,0.501,10.83,Tue
ar_forecast,COIN,2026-06-30,2026-06-30 10:35:00-04:00,147.8161,2026-06-30 11:05:00-04:00,142.7088,67,short,342.18,3.4551,30.0,AR(12) forecasts -0.54% over 6 bars,signal,-2.311,-0.222,1.105,0.42,0.44,5.323,0.1292,-0.232,1.626,0.809,10.58,Tue
rsi2_reversion,TSLA,2026-06-30,2026-06-30 10:50:00-04:00,414.6222,2026-06-30 11:05:00-04:00,415.1223,24,long,12.0,0.1206,15.0,RSI(2)=10 dip above VWAP,signal,-1.406,2.124,0.565,0.47,0.282,2.299,0.0826,-0.189,0.693,0.837,10.83,Tue
vwap_pullback,NVDA,2026-06-30,2026-06-30 10:55:00-04:00,196.4367,2026-06-30 11:10:00-04:00,198.1817,50,short,-87.25,-0.8883,15.0,rejection at session VWAP 197.49,stop,1.178,-0.385,-0.525,0.62,0.274,2.934,-0.0045,-0.162,0.819,0.336,10.92,Tue
ar_forecast,PLTR,2026-06-30,2026-06-30 10:45:00-04:00,115.6621,2026-06-30 11:10:00-04:00,115.4677,86,short,16.72,0.1681,25.0,AR(12) forecasts -0.16% over 6 bars,signal,-0.657,0.655,-0.063,0.63,0.348,2.938,0.0217,-0.318,0.878,0.51,10.75,Tue
ar_forecast,TSLA,2026-06-30,2026-06-30 10:45:00-04:00,415.1475,2026-06-30 11:15:00-04:00,413.1083,24,long,-48.94,-0.4912,30.0,AR(12) forecasts +0.21% over 6 bars,signal,-1.406,2.253,0.704,0.43,0.348,2.312,0.0972,-0.252,0.708,0.888,10.75,Tue
vwap_pullback,PLTR,2026-06-30,2026-06-30 11:20:00-04:00,116.058,2026-06-30 11:25:00-04:00,117.5114,86,long,124.99,1.2523,5.0,bounce off session VWAP 115.65,target,-0.657,0.999,0.296,0.6,0.519,3.218,0.0072,-0.036,0.734,0.572,11.33,Tue
ar_forecast,MSTR,2026-06-30,2026-06-30 11:00:00-04:00,84.052,2026-06-30 11:30:00-04:00,85.3873,118,long,157.56,1.5886,30.0,AR(12) forecasts +0.45% over 6 bars,signal,-6.9,-2.588,-1.754,0.97,0.389,8.42,-0.0036,0.084,1.788,0.118,11.0,Tue
ar_forecast,AMD,2026-06-30,2026-06-30 11:20:00-04:00,565.4976,2026-06-30 11:30:00-04:00,564.7875,17,long,-12.07,-0.1256,10.0,AR(12) forecasts +0.24% over 6 bars,signal,1.306,3.456,1.526,0.65,0.519,4.856,0.0904,0.207,1.06,0.965,11.33,Tue
vwap_pullback,AMD,2026-06-30,2026-06-30 10:20:00-04:00,558.129,2026-06-30 11:30:00-04:00,567.428,17,long,158.08,1.6661,70.0,bounce off session VWAP 555.00,target,1.306,2.108,0.537,0.57,0.406,5.884,0.0688,0.357,1.76,0.647,10.33,Tue
ar_forecast,COIN,2026-06-30,2026-06-30 11:10:00-04:00,143.1615,2026-06-30 11:40:00-04:00,144.5927,69,long,98.75,0.9997,30.0,AR(12) forecasts +0.31% over 6 bars,signal,-2.311,-3.364,-1.51,0.91,0.478,5.184,-0.0952,0.158,1.287,0.127,11.17,Tue
vwap_pullback,MSTR,2026-06-30,2026-06-30 10:55:00-04:00,83.878,2026-06-30 11:40:00-04:00,86.0224,119,short,-255.18,-2.5565,45.0,rejection at session VWAP 85.72,stop,-6.9,-2.79,-2.037,0.81,0.274,8.659,0.0437,0.086,1.812,0.081,10.92,Tue
ar_forecast,PLTR,2026-06-30,2026-06-30 11:25:00-04:00,117.1064,2026-06-30 11:55:00-04:00,116.7684,85,short,28.74,0.2887,30.0,AR(12) forecasts -0.41% over 6 bars,signal,-0.657,1.911,1.131,1.35,0.536,3.207,0.0223,0.081,0.726,0.827,11.42,Tue
ema_crossover,COIN,2026-06-30,2026-06-30 12:10:00-04:00,145.5727,2026-06-30 12:10:00-04:00,144.5277,68,long,-71.06,-0.7179,0.0,EMA9/20 cross up above VWAP,stop,-2.311,-1.736,0.254,0.56,0.673,4.496,-0.0431,0.101,0.831,0.507,12.17,Tue
rsi2_reversion,COIN,2026-06-30,2026-06-30 11:35:00-04:00,145.0974,2026-06-30 12:15:00-04:00,144.8824,68,short,14.62,0.1482,40.0,RSI(2)=93 rip below VWAP,signal,-2.311,-2.057,-0.079,0.86,0.492,4.961,-0.0781,0.121,1.071,0.432,11.58,Tue
ar_forecast,NVDA,2026-06-30,2026-06-30 11:50:00-04:00,198.1059,2026-06-30 12:20:00-04:00,198.4292,50,short,-16.16,-0.1632,30.0,AR(12) forecasts -0.19% over 6 bars,signal,1.178,0.462,0.268,0.33,0.592,2.443,0.0129,-0.101,0.492,0.758,11.83,Tue
ema_crossover,COIN,2026-06-30,2026-06-30 12:20:00-04:00,144.8275,2026-06-30 12:35:00-04:00,145.2426,69,short,-28.64,-0.2866,15.0,EMA9/20 cross down below VWAP,signal,-2.311,-2.239,-0.255,0.36,0.692,4.358,-0.0389,0.1,0.764,0.39,12.33,Tue
vwap_pullback,MSTR,2026-06-30,2026-06-30 11:50:00-04:00,86.4232,2026-06-30 12:40:00-04:00,85.166,115,long,-144.57,-1.4546,50.0,bounce off session VWAP 85.47,stop,-6.9,0.16,1.113,0.74,0.592,7.382,-0.0185,0.048,1.293,0.62,11.83,Tue
ar_forecast,TSLA,2026-06-30,2026-06-30 12:15:00-04:00,416.3081,2026-06-30 12:40:00-04:00,417.4712,24,long,27.91,0.2794,25.0,AR(12) forecasts +0.15% over 6 bars,signal,-1.406,2.539,0.693,0.36,0.688,2.236,0.0422,-0.216,0.441,0.86,12.25,Tue
ema_crossover,NVDA,2026-06-30,2026-06-30 11:25:00-04:00,197.9589,2026-06-30 12:45:00-04:00,197.7711,50,long,-9.39,-0.0949,80.0,EMA9/20 cross up above VWAP,signal,1.178,0.387,0.22,0.3,0.536,2.679,0.0074,-0.105,0.629,0.721,11.42,Tue
rsi2_reversion,NVDA,2026-06-30,2026-06-30 12:35:00-04:00,197.8589,2026-06-30 12:50:00-04:00,198.0109,50,long,7.6,0.0769,15.0,RSI(2)=5 dip above VWAP,signal,1.178,0.337,0.104,0.63,0.692,2.152,0.0103,-0.109,0.361,0.696,12.58,Tue
ema_crossover,MSTR,2026-06-30,2026-06-30 11:50:00-04:00,86.4232,2026-06-30 13:30:00-04:00,85.2024,115,long,-140.39,-1.4126,100.0,EMA9/20 cross up above VWAP,signal,-6.9,0.16,1.113,0.74,0.592,7.382,-0.0185,0.048,1.293,0.62,11.83,Tue
squeeze_breakout,TSLA,2026-06-30,2026-06-30 13:10:00-04:00,419.3096,2026-06-30 13:30:00-04:00,416.9826,23,long,-53.52,-0.5549,20.0,squeeze breakout above upper band 418.88,stop,-1.406,3.278,1.274,0.91,0.716,1.97,0.0381,-0.217,0.317,0.986,13.17,Tue
rsi2_reversion,AMD,2026-06-30,2026-06-30 13:25:00-04:00,579.1795,2026-06-30 13:35:00-04:00,580.8344,17,long,28.13,0.2857,10.0,RSI(2)=10 dip above VWAP,signal,1.306,5.959,2.587,0.44,0.701,3.805,0.1253,0.158,0.495,0.907,13.42,Tue
squeeze_breakout,NVDA,2026-06-30,2026-06-30 13:45:00-04:00,198.7893,2026-06-30 13:50:00-04:00,198.102,50,long,-34.37,-0.3458,5.0,squeeze breakout above upper band 198.63,stop,1.178,0.809,0.53,0.77,0.685,1.904,0.0088,-0.145,0.249,0.932,13.75,Tue
rsi2_reversion,TSLA,2026-06-30,2026-06-30 13:35:00-04:00,417.5187,2026-06-30 13:55:00-04:00,416.9814,23,long,-12.36,-0.1287,20.0,RSI(2)=3 dip above VWAP,signal,-1.406,2.837,0.795,0.62,0.662,1.928,0.0343,-0.154,0.282,0.853,13.58,Tue
ema_crossover,PLTR,2026-06-30,2026-06-30 11:25:00-04:00,117.2236,2026-06-30 14:10:00-04:00,117.5112,85,long,24.45,0.2454,165.0,EMA9/20 cross up above VWAP,signal,-0.657,2.013,1.232,1.35,0.536,3.207,0.0223,0.081,0.726,0.865,11.42,Tue
rsi2_reversion,PLTR,2026-06-30,2026-06-30 13:30:00-04:00,118.2891,2026-06-30 14:20:00-04:00,117.6062,84,long,-57.37,-0.5774,50.0,RSI(2)=10 dip above VWAP,signal,-0.657,2.941,1.527,0.53,0.712,2.438,0.0605,0.13,0.333,0.901,13.5,Tue
high_break_trail,NVDA,2026-06-30,2026-06-30 14:20:00-04:00,199.3832,2026-06-30 14:35:00-04:00,198.4913,50,long,-44.6,-0.4473,15.0,"break of first-hour high 199.06, 2.0xATR trail",stop,1.178,1.11,0.786,1.09,0.753,1.819,0.0101,-0.147,0.218,0.98,14.33,Tue
rsi2_reversion,NVDA,2026-06-30,2026-06-30 14:40:00-04:00,198.3191,2026-06-30 14:50:00-04:00,198.6206,50,long,15.08,0.152,10.0,RSI(2)=6 dip above VWAP,signal,1.178,0.57,0.224,1.04,0.768,1.794,0.0098,-0.131,0.228,0.736,14.67,Tue
rsi2_reversion,PLTR,2026-06-30,2026-06-30 14:40:00-04:00,117.4687,2026-06-30 15:15:00-04:00,117.1014,85,long,-31.22,-0.3127,35.0,RSI(2)=5 dip above VWAP,signal,-0.657,2.227,0.654,3.4,0.768,2.255,0.0398,0.098,0.27,0.702,14.67,Tue
rsi2_reversion,COIN,2026-06-30,2026-06-30 14:50:00-04:00,145.0075,2026-06-30 15:30:00-04:00,146.5308,68,short,-103.58,-1.0505,40.0,RSI(2)=93 rip below VWAP,stop,-2.311,-2.118,-0.051,0.45,0.788,3.378,-0.0157,0.046,0.367,0.418,14.83,Tue
high_break_trail,COIN,2026-06-30,2026-06-30 10:55:00-04:00,143.1984,2026-06-30 15:30:00-04:00,146.7833,69,short,-247.36,-2.5035,275.0,"break of first-hour low 144.10, 2.0xATR trail",stop,-2.311,-3.339,-1.706,1.5,0.274,5.422,-0.0394,0.138,1.45,0.101,10.92,Tue
vwap_pullback,COIN,2026-06-30,2026-06-30 10:50:00-04:00,144.5696,2026-06-30 15:30:00-04:00,146.6376,69,short,-142.69,-1.4305,280.0,rejection at session VWAP 146.12,stop,-2.311,-2.413,-0.925,0.99,0.282,5.596,-0.0006,0.131,1.518,0.245,10.83,Tue
squeeze_breakout,AMD,2026-06-30,2026-06-30 14:30:00-04:00,582.2349,2026-06-30 15:55:00-04:00,580.5296,17,long,-28.99,-0.2929,85.0,squeeze breakout above upper band 581.77,eod,1.306,6.518,2.802,0.65,0.728,3.453,0.0973,0.138,0.393,0.991,14.5,Tue
orb,TSLA,2026-06-30,2026-06-30 10:05:00-04:00,413.1865,2026-06-30 15:55:00-04:00,420.1098,24,long,166.16,1.6756,350.0,break of opening range high 412.33,eod,-1.406,1.77,0.586,0.69,0.304,2.892,0.1446,-0.603,0.913,0.754,10.08,Tue
ema_crossover,MSTR,2026-06-30,2026-06-30 15:10:00-04:00,86.143,2026-06-30 15:55:00-04:00,86.9165,116,long,89.72,0.8979,45.0,EMA9/20 cross up above VWAP,eod,-6.9,-0.165,0.765,0.69,0.867,5.409,-0.0065,0.004,0.647,0.563,15.17,Tue
high_break_trail,AMD,2026-06-30,2026-06-30 11:10:00-04:00,565.5876,2026-06-30 15:55:00-04:00,580.5296,17,long,254.01,2.6418,285.0,"break of first-hour high 564.76, 2.0xATR trail",eod,1.306,3.473,1.626,1.11,0.478,5.099,0.0807,0.205,1.177,0.975,11.17,Tue
high_break_trail,TSLA,2026-06-30,2026-06-30 11:35:00-04:00,417.2185,2026-06-30 15:55:00-04:00,420.1098,23,long,66.5,0.693,260.0,"break of first-hour high 416.30, 2.0xATR trail",eod,-1.406,2.763,1.02,1.23,0.492,2.287,0.05,-0.189,0.555,0.936,11.58,Tue
news_momentum,AMD,2026-06-30,2026-06-30 11:45:00-04:00,572.0168,2026-06-30 15:55:00-04:00,580.5296,17,long,144.72,1.4882,250.0,fresh headline <45m + breakout on volume,eod,1.306,4.649,2.321,1.49,0.556,4.682,0.1162,0.201,0.915,0.877,11.75,Tue
ema_crossover,NVDA,2026-06-30,2026-06-30 12:55:00-04:00,198.3291,2026-06-30 15:55:00-04:00,199.6701,50,long,67.05,0.6762,180.0,EMA9/20 cross up above VWAP,eod,1.178,0.575,0.334,0.48,0.739,2.052,0.0092,-0.104,0.306,0.815,12.92,Tue
squeeze_breakout,MSTR,2026-06-30,2026-06-30 15:10:00-04:00,86.143,2026-06-30 15:55:00-04:00,86.9165,116,long,89.72,0.8979,45.0,squeeze breakout above upper band 85.86,eod,-6.9,-0.165,0.765,0.69,0.867,5.409,-0.0065,0.004,0.647,0.563,15.17,Tue
high_break_trail,PLTR,2026-06-30,2026-06-30 10:35:00-04:00,116.6383,2026-06-30 15:55:00-04:00,116.5717,85,long,-5.66,-0.0571,320.0,"break of first-hour high 116.50, 2.0xATR trail",eod,-0.657,1.504,0.776,0.54,0.44,3.125,0.0449,-0.478,0.951,0.967,10.58,Tue
orb,PLTR,2026-06-30,2026-06-30 10:35:00-04:00,116.6383,2026-06-30 15:55:00-04:00,116.5717,85,long,-5.66,-0.0571,320.0,break of opening range high 116.35,eod,-0.657,1.504,0.776,0.54,0.44,3.125,0.0449,-0.478,0.951,0.967,10.58,Tue
orb,AMD,2026-06-30,2026-06-30 11:10:00-04:00,565.5876,2026-06-30 15:55:00-04:00,580.5296,17,long,254.01,2.6418,285.0,break of opening range high 564.76,eod,1.306,3.473,1.626,1.11,0.478,5.099,0.0807,0.205,1.177,0.975,11.17,Tue
orb,COIN,2026-06-30,2026-06-30 10:55:00-04:00,143.1984,2026-06-30 15:55:00-04:00,146.2531,69,short,-210.78,-2.1332,300.0,break of opening range low 144.28,eod,-2.311,-3.339,-1.706,1.5,0.274,5.422,-0.0394,0.138,1.45,0.101,10.92,Tue
vwap_pullback,NVDA,2026-06-30,2026-06-30 11:15:00-04:00,198.3791,2026-06-30 15:55:00-04:00,199.6701,50,long,64.55,0.6508,280.0,bounce off session VWAP 197.50,eod,1.178,0.6,0.441,0.63,0.44,2.781,0.0045,-0.108,0.693,0.828,11.25,Tue
ar_forecast,MSTR,2026-07-01,2026-07-01 10:35:00-04:00,94.018,2026-07-01 10:40:00-04:00,94.5573,106,short,-57.16,-0.5736,5.0,AR(12) forecasts -0.20% over 6 bars,signal,0.88,7.174,1.576,0.57,0.258,6.795,0.4242,0.135,2.316,0.795,10.58,Wed
ar_forecast,TSLA,2026-07-01,2026-07-01 10:35:00-04:00,425.6771,2026-07-01 10:40:00-04:00,427.6538,23,short,-45.47,-0.4644,5.0,AR(12) forecasts -0.18% over 6 bars,signal,0.297,0.974,0.407,0.73,0.258,3.805,0.1231,-0.189,0.874,0.789,10.58,Wed
ar_forecast,PLTR,2026-07-01,2026-07-01 10:40:00-04:00,125.6728,2026-07-01 10:50:00-04:00,127.0963,79,long,112.46,1.1327,10.0,AR(12) forecasts +0.26% over 6 bars,signal,3.126,4.487,1.57,0.53,0.22,3.597,0.1916,0.246,1.482,0.853,10.67,Wed
rsi2_reversion,NVDA,2026-07-01,2026-07-01 10:45:00-04:00,195.3576,2026-07-01 10:55:00-04:00,195.7571,51,long,20.37,0.2045,10.0,RSI(2)=5 dip above VWAP,signal,-1.802,-0.414,0.171,0.48,0.196,1.512,0.0575,0.013,0.719,0.611,10.75,Wed
ar_forecast,NVDA,2026-07-01,2026-07-01 10:35:00-04:00,195.6521,2026-07-01 11:00:00-04:00,195.7478,51,short,-4.88,-0.0489,25.0,AR(12) forecasts -0.17% over 6 bars,signal,-1.802,-0.264,0.33,0.64,0.258,1.47,0.0857,-0.094,0.772,0.706,10.58,Wed
ar_forecast,COIN,2026-07-01,2026-07-01 10:35:00-04:00,155.5822,2026-07-01 11:00:00-04:00,157.2166,64,short,-104.6,-1.0505,25.0,AR(12) forecasts -1.07% over 6 bars,stop,0.65,5.745,1.645,0.76,0.258,4.158,0.4053,0.453,1.358,0.832,10.58,Wed
ar_forecast,MSTR,2026-07-01,2026-07-01 10:50:00-04:00,94.2071,2026-07-01 11:15:00-04:00,96.1719,106,long,208.27,2.0856,25.0,AR(12) forecasts +0.44% over 6 bars,signal,0.88,7.389,1.659,0.54,0.25,6.57,0.2814,0.14,2.036,0.814,10.83,Wed
ar_forecast,COIN,2026-07-01,2026-07-01 11:05:00-04:00,158.8894,2026-07-01 11:15:00-04:00,161.0195,62,long,132.06,1.3406,10.0,AR(12) forecasts +0.17% over 6 bars,signal,0.65,7.993,3.162,0.98,0.357,4.45,0.2904,0.434,1.175,0.88,11.08,Wed
ar_forecast,TSLA,2026-07-01,2026-07-01 10:45:00-04:00,427.4436,2026-07-01 11:15:00-04:00,430.0049,23,long,58.91,0.5992,30.0,AR(12) forecasts +0.30% over 6 bars,signal,0.297,1.393,0.739,0.66,0.196,3.603,0.1172,-0.234,0.823,0.869,10.75,Wed
ar_forecast,AMD,2026-07-01,2026-07-01 10:45:00-04:00,549.7747,2026-07-01 11:15:00-04:00,553.2233,18,long,62.07,0.6273,30.0,AR(12) forecasts +0.17% over 6 bars,signal,-4.01,-1.391,-1.093,0.59,0.196,4.944,-0.0572,-0.172,1.21,0.159,10.75,Wed
orb,COIN,2026-07-01,2026-07-01 09:50:00-04:00,151.5457,2026-07-01 11:20:00-04:00,161.9562,65,long,676.68,6.8695,90.0,break of opening range high 151.24,target,0.65,3.001,1.27,0.91,-0.034,3.814,0.6742,-0.444,1.911,0.852,9.83,Wed
ar_forecast,PLTR,2026-07-01,2026-07-01 10:55:00-04:00,127.1664,2026-07-01 11:25:00-04:00,127.4537,78,short,-22.41,-0.2259,30.0,AR(12) forecasts -0.22% over 6 bars,signal,3.126,5.729,2.43,0.71,0.263,3.342,0.2101,0.284,1.294,0.957,10.92,Wed
ar_forecast,AMD,2026-07-01,2026-07-01 11:20:00-04:00,556.4731,2026-07-01 11:45:00-04:00,550.6329,17,long,-99.28,-1.0495,25.0,AR(12) forecasts +0.44% over 6 bars,stop,-4.01,-0.19,0.209,0.64,0.522,5.464,-0.0374,-0.423,1.092,0.553,11.33,Wed
ar_forecast,NVDA,2026-07-01,2026-07-01 11:45:00-04:00,196.9223,2026-07-01 12:15:00-04:00,196.8484,50,short,3.7,0.0375,30.0,AR(12) forecasts -0.20% over 6 bars,signal,-1.802,0.383,0.779,0.48,0.464,1.406,0.0455,-0.229,0.44,0.926,11.75,Wed
rsi2_reversion,TSLA,2026-07-01,2026-07-01 12:00:00-04:00,428.6242,2026-07-01 12:15:00-04:00,427.9359,23,long,-15.83,-0.1606,15.0,RSI(2)=6 dip above VWAP,signal,0.297,1.673,0.53,0.48,0.511,3.15,0.0678,-0.123,0.522,0.713,12.0,Wed
rsi2_reversion,AMD,2026-07-01,2026-07-01 12:25:00-04:00,551.8339,2026-07-01 12:40:00-04:00,551.4606,18,short,6.72,0.0677,15.0,RSI(2)=92 rip below VWAP,signal,-4.01,-1.022,-0.54,0.41,0.533,4.507,-0.0305,-0.379,0.67,0.28,12.42,Wed
rsi2_reversion,PLTR,2026-07-01,2026-07-01 12:10:00-04:00,127.0035,2026-07-01 12:40:00-04:00,126.8415,78,long,-12.63,-0.1275,30.0,RSI(2)=7 dip above VWAP,signal,3.126,5.593,1.599,0.5,0.549,3.032,0.1167,0.223,0.715,0.896,12.17,Wed
high_break_trail,TSLA,2026-07-01,2026-07-01 10:50:00-04:00,428.9945,2026-07-01 12:50:00-04:00,425.5904,23,long,-78.29,-0.7935,120.0,"break of first-hour high 427.70, 2.0xATR trail",stop,0.297,1.761,1.075,0.89,0.25,3.608,0.1089,-0.289,0.797,1.0,10.83,Wed
rsi2_reversion,TSLA,2026-07-01,2026-07-01 12:50:00-04:00,427.1734,2026-07-01 13:10:00-04:00,426.7215,23,long,-10.39,-0.1058,20.0,RSI(2)=3 dip above VWAP,signal,0.297,1.329,0.158,0.39,0.411,2.754,0.0321,-0.104,0.375,0.615,12.83,Wed
rsi2_reversion,COIN,2026-07-01,2026-07-01 13:00:00-04:00,162.7813,2026-07-01 13:20:00-04:00,162.6636,61,long,-7.18,-0.0723,20.0,RSI(2)=9 dip above VWAP,signal,0.65,10.638,3.425,0.54,0.338,4.039,0.2054,0.282,0.639,0.932,13.0,Wed
rsi2_reversion,MSTR,2026-07-01,2026-07-01 13:05:00-04:00,97.1135,2026-07-01 13:20:00-04:00,97.5912,102,long,48.72,0.4918,15.0,RSI(2)=8 dip above VWAP,signal,0.88,10.702,2.786,0.55,0.333,5.518,0.1609,0.043,0.88,0.89,13.08,Wed
ema_crossover,AMD,2026-07-01,2026-07-01 11:50:00-04:00,550.8344,2026-07-01 13:25:00-04:00,554.9223,18,short,-73.58,-0.7421,95.0,EMA9/20 cross down below VWAP,signal,-4.01,-1.201,-0.778,0.48,0.472,5.012,-0.0274,-0.381,0.886,0.222,11.83,Wed
squeeze_breakout,AMD,2026-07-01,2026-07-01 13:25:00-04:00,554.9223,2026-07-01 13:45:00-04:00,551.0465,18,long,-69.76,-0.6984,20.0,squeeze breakout above upper band 553.76,stop,-4.01,-0.468,0.072,0.62,0.393,4.09,-0.0195,-0.376,0.524,0.462,13.42,Wed
rsi2_reversion,COIN,2026-07-01,2026-07-01 14:00:00-04:00,163.1516,2026-07-01 14:05:00-04:00,163.4183,61,long,16.26,0.1634,5.0,RSI(2)=10 dip above VWAP,signal,0.65,10.889,3.214,0.64,0.361,3.692,0.1491,0.291,0.5,0.924,14.0,Wed
rsi2_reversion,MSTR,2026-07-01,2026-07-01 13:55:00-04:00,97.6188,2026-07-01 14:10:00-04:00,96.5943,102,long,-104.5,-1.0495,15.0,RSI(2)=7 dip above VWAP,stop,0.88,11.278,3.013,0.36,0.295,5.177,0.1241,0.08,0.728,0.926,13.92,Wed
rsi2_reversion,MSTR,2026-07-01,2026-07-01 14:15:00-04:00,96.6233,2026-07-01 14:20:00-04:00,96.9315,103,long,31.75,0.319,5.0,RSI(2)=4 dip above VWAP,signal,0.88,10.143,1.891,0.46,0.297,5.057,0.1063,0.085,0.662,0.846,14.25,Wed
rsi2_reversion,NVDA,2026-07-01,2026-07-01 14:15:00-04:00,198.009,2026-07-01 14:35:00-04:00,198.3058,50,long,14.84,0.1499,20.0,RSI(2)=6 dip above VWAP,signal,-1.802,0.937,0.938,0.64,0.297,1.225,0.0344,-0.121,0.242,0.833,14.25,Wed
high_break_trail,COIN,2026-07-01,2026-07-01 11:05:00-04:00,158.8894,2026-07-01 14:55:00-04:00,160.7161,62,long,113.26,1.1497,230.0,"break of first-hour high 157.46, 2.0xATR trail",stop,0.65,7.993,3.162,0.98,0.357,4.45,0.2904,0.434,1.175,0.88,11.08,Wed
rsi2_reversion,NVDA,2026-07-01,2026-07-01 14:55:00-04:00,198.149,2026-07-01 15:00:00-04:00,198.2708,50,long,6.09,0.0615,5.0,RSI(2)=10 dip above VWAP,signal,-1.802,1.009,0.925,0.73,0.248,1.18,0.0307,-0.116,0.211,0.858,14.92,Wed
rsi2_reversion,PLTR,2026-07-01,2026-07-01 15:00:00-04:00,127.3336,2026-07-01 15:05:00-04:00,127.3763,78,long,3.33,0.0335,5.0,RSI(2)=9 dip above VWAP,signal,3.126,5.868,1.379,0.39,0.305,2.52,0.0383,0.129,0.36,0.897,15.0,Wed
squeeze_breakout,NVDA,2026-07-01,2026-07-01 13:15:00-04:00,197.7988,2026-07-01 15:05:00-04:00,199.1317,50,long,66.64,0.6738,110.0,squeeze breakout above upper band 197.60,target,-1.802,0.83,1.011,0.73,0.412,1.257,0.0333,-0.213,0.275,0.947,13.25,Wed
rsi2_reversion,COIN,2026-07-01,2026-07-01 14:45:00-04:00,161.7608,2026-07-01 15:10:00-04:00,161.3343,61,long,-26.02,-0.2637,25.0,RSI(2)=6 dip above VWAP,signal,0.65,9.944,2.059,0.56,0.259,3.666,0.1124,0.296,0.473,0.848,14.75,Wed
high_break_trail,MSTR,2026-07-01,2026-07-01 11:10:00-04:00,96.1681,2026-07-01 15:10:00-04:00,94.9584,103,long,-124.59,-1.2579,240.0,"break of first-hour high 96.04, 2.0xATR trail",stop,0.88,9.624,3.331,0.92,0.412,6.389,0.2572,0.112,1.738,0.959,11.17,Wed
squeeze_breakout,PLTR,2026-07-01,2026-07-01 13:50:00-04:00,127.3536,2026-07-01 15:20:00-04:00,126.7509,78,long,-47.02,-0.4733,90.0,squeeze breakout above upper band 127.22,stop,3.126,5.885,1.637,0.48,0.349,2.657,0.0468,0.172,0.418,0.937,13.83,Wed
ema_crossover,AMD,2026-07-01,2026-07-01 13:50:00-04:00,550.5746,2026-07-01 15:30:00-04:00,550.4651,18,short,1.97,0.0199,100.0,EMA9/20 cross down below VWAP,signal,-4.01,-1.248,-0.688,0.6,0.349,3.911,-0.018,-0.359,0.472,0.206,13.83,Wed
rsi2_reversion,AMD,2026-07-01,2026-07-01 15:10:00-04:00,550.3397,2026-07-01 15:35:00-04:00,550.3,18,short,0.71,0.0072,25.0,RSI(2)=94 rip below VWAP,signal,-4.01,-1.29,-0.551,0.92,0.315,3.578,-0.0222,-0.296,0.427,0.342,15.17,Wed
squeeze_breakout,TSLA,2026-07-01,2026-07-01 13:35:00-04:00,425.1073,2026-07-01 15:40:00-04:00,427.4229,23,short,-53.26,-0.5447,125.0,squeeze breakdown below lower band 425.63,stop,0.297,0.839,-0.324,0.65,0.395,2.565,0.0147,-0.114,0.321,0.475,13.58,Wed
rsi2_reversion,PLTR,2026-07-01,2026-07-01 15:25:00-04:00,126.5933,2026-07-01 15:45:00-04:00,126.8815,78,long,22.48,0.2277,20.0,RSI(2)=3 dip above VWAP,signal,3.126,5.252,0.743,0.98,0.26,2.54,0.0329,0.127,0.362,0.814,15.42,Wed
high_break_trail,NVDA,2026-07-01,2026-07-01 11:25:00-04:00,196.7083,2026-07-01 15:50:00-04:00,197.6073,50,long,44.95,0.457,265.0,"break of first-hour high 196.57, 2.0xATR trail",stop,-1.802,0.274,0.737,0.6,0.576,1.446,0.0451,-0.216,0.522,0.92,11.42,Wed
vwap_pullback,TSLA,2026-07-01,2026-07-01 10:40:00-04:00,427.6538,2026-07-01 15:55:00-04:00,425.1573,23,long,-57.42,-0.5838,315.0,bounce off session VWAP 423.95,eod,0.297,1.443,0.839,0.57,0.22,3.668,0.1162,-0.222,0.84,0.972,10.67,Wed
vwap_pullback,AMD,2026-07-01,2026-07-01 10:35:00-04:00,552.1038,2026-07-01 15:55:00-04:00,540.2391,18,short,213.57,2.149,320.0,rejection at session VWAP 556.50,target,-4.01,-0.973,-0.765,0.65,0.258,5.141,-0.0101,-0.193,1.286,0.206,10.58,Wed
orb,PLTR,2026-07-01,2026-07-01 10:05:00-04:00,125.0925,2026-07-01 15:55:00-04:00,125.6272,79,long,42.24,0.4274,350.0,break of opening range high 124.67,eod,3.126,4.005,1.654,0.76,0.147,3.506,0.3172,-0.016,2.052,0.926,10.08,Wed
ema_crossover,TSLA,2026-07-01,2026-07-01 15:20:00-04:00,426.6232,2026-07-01 15:55:00-04:00,425.1573,23,long,-33.72,-0.3436,35.0,EMA9/20 cross up above VWAP,eod,0.297,1.199,0.085,1.0,0.334,2.247,-0.002,-0.144,0.266,0.578,15.33,Wed
high_break_trail,AMD,2026-07-01,2026-07-01 10:50:00-04:00,548.2957,2026-07-01 15:55:00-04:00,541.1605,18,short,128.43,1.3014,305.0,"break of first-hour low 549.00, 2.0xATR trail",eod,-4.01,-1.656,-1.331,0.63,0.25,5.19,-0.054,-0.186,1.193,0.073,10.83,Wed
orb,NVDA,2026-07-01,2026-07-01 11:05:00-04:00,196.3281,2026-07-01 15:55:00-04:00,197.4812,50,long,57.66,0.5873,290.0,break of opening range high 196.21,eod,-1.802,0.081,0.621,0.64,0.357,1.575,0.0439,-0.224,0.618,0.922,11.08,Wed
orb,TSLA,2026-07-01,2026-07-01 10:10:00-04:00,426.8533,2026-07-01 15:55:00-04:00,425.1573,23,long,-39.01,-0.3973,345.0,break of opening range high 425.23,eod,0.297,1.253,0.88,1.25,0.216,4.67,0.1561,-0.142,1.056,0.921,10.17,Wed
orb,AMD,2026-07-01,2026-07-01 10:50:00-04:00,548.2957,2026-07-01 15:55:00-04:00,541.1605,18,short,128.43,1.3014,305.0,break of opening range low 549.00,eod,-4.01,-1.656,-1.331,0.63,0.25,5.19,-0.054,-0.186,1.193,0.073,10.83,Wed
high_break_trail,PLTR,2026-07-01,2026-07-01 10:45:00-04:00,126.6133,2026-07-01 15:55:00-04:00,125.6272,78,long,-76.92,-0.7788,310.0,"break of first-hour high 125.77, 2.0xATR trail",eod,3.126,5.269,2.199,0.9,0.196,3.501,0.2038,0.292,1.427,0.928,10.75,Wed
vwap_pullback,NVDA,2026-07-01,2026-07-01 11:05:00-04:00,196.3281,2026-07-01 15:55:00-04:00,197.4812,50,long,57.66,0.5873,290.0,bounce off session VWAP 195.10,eod,-1.802,0.081,0.621,0.64,0.357,1.575,0.0439,-0.224,0.618,0.922,11.08,Wed
orb,MSTR,2026-07-01,2026-07-01 09:55:00-04:00,92.4012,2026-07-01 15:55:00-04:00,93.3433,108,long,101.75,1.0196,360.0,break of opening range high 91.80,eod,0.88,5.331,2.019,0.64,0.043,6.484,0.8147,-0.529,3.333,0.895,9.92,Wed
vwap_pullback,COIN,2026-07-02,2026-07-02 10:15:00-04:00,172.4062,2026-07-02 10:20:00-04:00,169.8709,58,long,-147.05,-1.4705,5.0,bounce off session VWAP 170.47,stop,3.82,4.206,1.117,0.86,0.438,6.835,-0.0079,-0.336,2.621,0.921,10.25,Thu
vwap_pullback,MSTR,2026-07-02,2026-07-02 10:15:00-04:00,103.7061,2026-07-02 10:20:00-04:00,101.2331,96,long,-237.41,-2.3847,5.0,bounce off session VWAP 101.59,stop,6.96,3.82,2.017,0.6,0.438,8.914,0.0585,-0.402,2.808,0.938,10.25,Thu
orb,NVDA,2026-07-02,2026-07-02 10:00:00-04:00,198.9994,2026-07-02 10:30:00-04:00,196.6816,50,long,-115.89,-1.1647,30.0,break of opening range high 198.69,stop,-0.218,0.938,0.37,0.55,0.452,1.973,0.1062,0.158,0.813,0.678,10.0,Thu
orb,AMD,2026-07-02,2026-07-02 09:55:00-04:00,542.0609,2026-07-02 10:30:00-04:00,525.3072,18,long,-301.57,-3.0907,35.0,break of opening range high 540.00,stop,-0.494,0.714,1.242,0.68,0.45,8.748,0.4933,-0.646,1.725,0.849,9.92,Thu
ar_forecast,MSTR,2026-07-02,2026-07-02 10:35:00-04:00,101.4297,2026-07-02 10:40:00-04:00,100.3652,98,long,-104.32,-1.0495,5.0,AR(12) forecasts +0.46% over 6 bars,stop,6.96,1.541,-0.16,0.54,0.141,7.962,-0.0741,-0.06,2.413,0.59,10.58,Thu
ar_forecast,PLTR,2026-07-02,2026-07-02 10:40:00-04:00,131.2156,2026-07-02 10:40:00-04:00,129.8385,76,long,-104.66,-1.0495,0.0,AR(12) forecasts +0.19% over 6 bars,stop,2.486,1.864,0.122,0.43,-0.07,5.405,-0.0999,-0.012,1.479,0.627,10.67,Thu
ar_forecast,COIN,2026-07-02,2026-07-02 10:40:00-04:00,168.004,2026-07-02 10:40:00-04:00,166.2408,59,long,-104.03,-1.0495,0.0,AR(12) forecasts +0.32% over 6 bars,stop,3.82,1.545,-1.213,0.39,-0.07,6.261,-0.1774,0.015,2.171,0.398,10.67,Thu
ar_forecast,TSLA,2026-07-02,2026-07-02 10:35:00-04:00,398.9854,2026-07-02 10:45:00-04:00,397.9088,25,short,26.91,0.2698,10.0,AR(12) forecasts -0.75% over 6 bars,signal,0.672,-6.829,-3.272,1.12,0.141,5.039,-0.4148,0.354,1.224,0.023,10.58,Thu
ar_forecast,MSTR,2026-07-02,2026-07-02 10:45:00-04:00,100.1499,2026-07-02 10:45:00-04:00,101.202,99,short,-104.16,-1.0505,0.0,AR(12) forecasts -0.31% over 6 bars,stop,6.96,0.26,-1.381,0.54,-0.017,8.884,-0.0987,-0.266,2.318,0.394,10.75,Thu
ar_forecast,COIN,2026-07-02,2026-07-02 10:45:00-04:00,166.7466,2026-07-02 10:50:00-04:00,168.084,59,short,-78.91,-0.8021,5.0,AR(12) forecasts -0.29% over 6 bars,signal,3.82,0.785,-1.927,0.43,-0.017,6.379,-0.1712,-0.063,2.07,0.249,10.75,Thu
ar_forecast,AMD,2026-07-02,2026-07-02 10:40:00-04:00,524.4277,2026-07-02 10:55:00-04:00,518.1389,19,short,119.49,1.1992,15.0,AR(12) forecasts -0.34% over 6 bars,signal,-0.494,-2.563,-1.727,0.71,-0.07,7.639,-0.1641,0.191,1.524,0.266,10.67,Thu
ar_forecast,PLTR,2026-07-02,2026-07-02 11:00:00-04:00,130.2252,2026-07-02 11:00:00-04:00,128.8585,76,long,-103.87,-1.0495,0.0,AR(12) forecasts +0.20% over 6 bars,stop,2.486,1.095,-0.538,0.46,-0.178,5.524,-0.1085,-0.272,1.338,0.405,11.0,Thu
ar_forecast,TSLA,2026-07-02,2026-07-02 10:50:00-04:00,397.1635,2026-07-02 11:00:00-04:00,397.5813,25,long,10.45,0.1052,10.0,AR(12) forecasts +0.23% over 6 bars,signal,0.672,-7.255,-3.266,0.72,-0.12,4.629,-0.4001,0.383,1.106,0.041,10.83,Thu
ar_forecast,AMD,2026-07-02,2026-07-02 11:00:00-04:00,521.4406,2026-07-02 11:00:00-04:00,515.9681,19,long,-103.98,-1.0495,0.0,AR(12) forecasts +0.25% over 6 bars,stop,-0.494,-3.118,-1.85,0.61,-0.178,7.1,-0.237,0.048,1.389,0.185,11.0,Thu
ar_forecast,NVDA,2026-07-02,2026-07-02 10:35:00-04:00,196.8885,2026-07-02 11:05:00-04:00,195.5122,50,long,-68.81,-0.699,30.0,AR(12) forecasts +0.36% over 6 bars,signal,-0.218,-0.133,-0.686,0.85,0.141,2.547,-0.028,0.048,0.712,0.081,10.58,Thu
ar_forecast,NVDA,2026-07-02,2026-07-02 11:10:00-04:00,195.1075,2026-07-02 11:40:00-04:00,195.4322,51,long,16.56,0.1664,30.0,AR(12) forecasts +0.70% over 6 bars,signal,-0.218,-1.036,-1.214,1.26,-0.179,2.561,-0.0947,-0.215,0.63,0.074,11.17,Thu
rsi2_reversion,TSLA,2026-07-02,2026-07-02 11:35:00-04:00,398.2658,2026-07-02 12:00:00-04:00,398.6793,25,short,-10.34,-0.1038,25.0,RSI(2)=91 rip below VWAP,signal,0.672,-6.997,-2.257,0.49,-0.156,4.736,-0.2507,0.337,0.832,0.105,11.58,Thu
rsi2_reversion,COIN,2026-07-02,2026-07-02 12:55:00-04:00,165.1024,2026-07-02 13:00:00-04:00,164.9524,60,short,9.0,0.0908,5.0,RSI(2)=92 rip below VWAP,signal,3.82,-0.209,-2.298,0.22,-0.698,4.948,-0.1074,-0.249,0.826,0.171,12.92,Thu
rsi2_reversion,MSTR,2026-07-02,2026-07-02 12:45:00-04:00,99.5302,2026-07-02 13:05:00-04:00,100.5758,100,short,-104.56,-1.0505,20.0,RSI(2)=94 rip below VWAP,stop,6.96,-0.36,-1.458,0.7,-0.59,6.921,-0.1083,-0.293,1.139,0.3,12.75,Thu
rsi2_reversion,MSTR,2026-07-02,2026-07-02 13:30:00-04:00,100.6397,2026-07-02 13:40:00-04:00,100.145,99,short,48.97,0.4915,10.0,RSI(2)=95 rip below VWAP,signal,6.96,0.75,-0.292,0.3,-0.799,6.288,-0.0638,-0.284,0.945,0.469,13.5,Thu
squeeze_breakout,AMD,2026-07-02,2026-07-02 14:00:00-04:00,508.4756,2026-07-02 14:05:00-04:00,512.6134,19,short,-78.62,-0.8138,5.0,squeeze breakdown below lower band 508.68,stop,-0.494,-5.526,-2.985,0.43,-0.864,4.964,-0.1025,-0.062,0.61,0.013,14.0,Thu
ema_crossover,MSTR,2026-07-02,2026-07-02 14:00:00-04:00,99.4602,2026-07-02 14:05:00-04:00,100.4102,100,short,-94.99,-0.9551,5.0,EMA9/20 cross down below VWAP,signal,6.96,-0.43,-1.405,0.43,-0.864,6.18,-0.051,-0.305,0.905,0.289,14.0,Thu
squeeze_breakout,NVDA,2026-07-02,2026-07-02 13:40:00-04:00,192.2938,2026-07-02 14:10:00-04:00,193.6254,52,short,-69.24,-0.6925,30.0,squeeze breakdown below lower band 192.44,stop,-0.218,-2.463,-1.855,0.72,-0.84,1.972,-0.0677,-0.203,0.329,-0.007,13.67,Thu
rsi2_reversion,TSLA,2026-07-02,2026-07-02 14:10:00-04:00,393.9579,2026-07-02 14:35:00-04:00,393.4968,25,short,11.53,0.1171,25.0,RSI(2)=93 rip below VWAP,signal,0.672,-8.003,-2.174,0.69,-0.693,3.693,-0.1042,0.28,0.404,0.096,14.17,Thu
rsi2_reversion,PLTR,2026-07-02,2026-07-02 14:35:00-04:00,130.8053,2026-07-02 14:45:00-04:00,130.9045,76,long,7.54,0.0759,10.0,RSI(2)=5 dip above VWAP,signal,2.486,1.545,0.112,0.36,-0.567,3.822,0.0024,-0.247,0.49,0.547,14.58,Thu
squeeze_breakout,COIN,2026-07-02,2026-07-02 12:20:00-04:00,164.5427,2026-07-02 14:50:00-04:00,166.4108,60,short,-112.08,-1.1353,150.0,squeeze breakdown below lower band 164.62,stop,3.82,-0.547,-2.775,0.24,-0.529,5.247,-0.1211,-0.286,1.029,0.039,12.33,Thu
vwap_pullback,PLTR,2026-07-02,2026-07-02 13:15:00-04:00,131.3706,2026-07-02 14:55:00-04:00,130.0732,76,long,-98.61,-0.9876,100.0,bounce off session VWAP 130.53,stop,2.486,1.984,0.633,0.89,-0.795,4.102,-0.0267,-0.192,0.583,0.671,13.25,Thu
vwap_pullback,AMD,2026-07-02,2026-07-02 10:30:00-04:00,528.0258,2026-07-02 15:05:00-04:00,508.105,18,short,358.58,3.7727,275.0,rejection at session VWAP 536.50,target,-0.494,-1.894,-1.413,0.97,0.116,7.72,-0.049,0.313,1.524,0.196,10.5,Thu
rsi2_reversion,COIN,2026-07-02,2026-07-02 14:35:00-04:00,165.5622,2026-07-02 15:05:00-04:00,165.4927,60,short,4.17,0.042,30.0,RSI(2)=90 rip below VWAP,signal,3.82,0.069,-1.699,0.8,-0.567,4.32,-0.0679,-0.228,0.56,0.238,14.58,Thu
squeeze_breakout,MSTR,2026-07-02,2026-07-02 14:30:00-04:00,101.1706,2026-07-02 15:15:00-04:00,100.1942,98,long,-95.68,-0.9651,45.0,squeeze breakout above upper band 101.05,stop,6.96,1.282,0.287,0.65,-0.598,5.914,-0.0342,-0.277,0.786,0.551,14.5,Thu
squeeze_breakout,TSLA,2026-07-02,2026-07-02 15:25:00-04:00,389.4752,2026-07-02 15:30:00-04:00,392.34,25,short,-71.62,-0.7355,5.0,squeeze breakdown below lower band 389.79,stop,0.672,-9.05,-3.014,1.01,-0.681,3.371,-0.0732,0.249,0.33,0.004,15.42,Thu
ema_crossover,NVDA,2026-07-02,2026-07-02 15:05:00-04:00,192.6886,2026-07-02 15:35:00-04:00,193.8569,51,short,-59.58,-0.6063,30.0,EMA9/20 cross down below VWAP,stop,-0.218,-2.263,-1.421,0.69,-0.741,1.878,-0.0472,-0.164,0.282,0.044,15.08,Thu
orb,TSLA,2026-07-02,2026-07-02 09:50:00-04:00,413.3531,2026-07-02 15:55:00-04:00,393.0164,24,short,488.08,4.9199,365.0,break of opening range low 413.75,eod,0.672,-3.474,-1.763,0.67,0.411,6.318,-0.7223,0.672,1.552,0.066,9.83,Thu
ema_crossover,MSTR,2026-07-02,2026-07-02 15:30:00-04:00,100.3198,2026-07-02 15:55:00-04:00,100.8504,99,short,-52.53,-0.5289,25.0,EMA9/20 cross down below VWAP,signal,6.96,0.43,-0.541,0.74,-0.61,5.539,-0.0172,-0.287,0.707,0.42,15.5,Thu
high_break_trail,AMD,2026-07-02,2026-07-02 10:35:00-04:00,523.4282,2026-07-02 15:55:00-04:00,518.5191,19,short,93.27,0.9379,320.0,"break of first-hour low 525.57, 2.0xATR trail",eod,-0.494,-2.748,-2.177,1.08,0.141,7.46,-0.1011,0.27,1.483,0.015,10.58,Thu
ema_crossover,AMD,2026-07-02,2026-07-02 15:05:00-04:00,510.0948,2026-07-02 15:55:00-04:00,515.8078,19,short,-108.55,-1.12,50.0,EMA9/20 cross down below VWAP,signal,-0.494,-5.226,-2.402,0.64,-0.741,4.698,-0.0744,-0.033,0.63,0.062,15.08,Thu
high_break_trail,TSLA,2026-07-02,2026-07-02 10:35:00-04:00,398.9854,2026-07-02 15:55:00-04:00,393.0164,25,short,149.22,1.496,320.0,"break of first-hour low 401.00, 2.0xATR trail",eod,0.672,-6.829,-3.272,1.12,0.141,5.039,-0.4148,0.354,1.224,0.023,10.58,Thu
ema_crossover,TSLA,2026-07-02,2026-07-02 14:50:00-04:00,391.784,2026-07-02 15:55:00-04:00,393.0164,25,short,-30.81,-0.3146,65.0,EMA9/20 cross down below VWAP,eod,0.672,-8.511,-2.59,0.47,-0.607,3.479,-0.0835,0.272,0.358,0.045,14.83,Thu
vwap_pullback,NVDA,2026-07-02,2026-07-02 10:35:00-04:00,196.6917,2026-07-02 15:55:00-04:00,194.7173,50,short,98.72,1.0038,320.0,rejection at session VWAP 198.32,eod,-0.218,-0.232,-0.786,0.85,0.141,2.547,-0.028,0.048,0.712,0.024,10.58,Thu
ema_crossover,PLTR,2026-07-02,2026-07-02 14:55:00-04:00,130.3067,2026-07-02 15:55:00-04:00,129.2146,76,short,83.0,0.8381,60.0,EMA9/20 cross down below VWAP,eod,2.486,1.158,-0.275,0.45,-0.59,3.748,0.0034,-0.25,0.466,0.439,14.92,Thu
high_break_trail,COIN,2026-07-02,2026-07-02 12:20:00-04:00,164.5427,2026-07-02 15:55:00-04:00,165.5677,60,short,-61.5,-0.623,215.0,"break of first-hour low 164.65, 2.0xATR trail",eod,3.82,-0.547,-2.775,0.24,-0.529,5.247,-0.1211,-0.286,1.029,0.039,12.33,Thu
vwap_pullback,MSTR,2026-07-02,2026-07-02 11:10:00-04:00,99.6951,2026-07-02 15:55:00-04:00,100.8804,100,short,-118.53,-1.1889,285.0,rejection at session VWAP 101.47,eod,6.96,-0.195,-1.716,0.7,-0.179,8.522,-0.1271,-0.352,2.031,0.325,11.17,Thu
high_break_trail,NVDA,2026-07-02,2026-07-02 10:35:00-04:00,196.6917,2026-07-02 15:55:00-04:00,194.7173,50,short,98.72,1.0038,320.0,"break of first-hour low 196.78, 2.0xATR trail",eod,-0.218,-0.232,-0.786,0.85,0.141,2.547,-0.028,0.048,0.712,0.024,10.58,Thu
rsi2_reversion,COIN,2026-07-06,2026-07-06 10:20:00-04:00,163.1615,2026-07-06 10:30:00-04:00,163.4782,61,long,19.32,0.1941,10.0,RSI(2)=10 dip above VWAP,signal,-2.49,1.113,0.174,0.6,0.122,5.15,0.0434,0.444,1.857,0.552,10.33,Mon
ar_forecast,PLTR,2026-07-06,2026-07-06 10:35:00-04:00,131.0655,2026-07-06 10:40:00-04:00,130.8844,76,long,-13.76,-0.1382,5.0,AR(12) forecasts +0.15% over 6 bars,signal,-1.556,3.088,0.367,0.61,0.124,3.565,-0.0033,0.085,1.487,0.702,10.58,Mon
ar_forecast,MSTR,2026-07-06,2026-07-06 10:35:00-04:00,99.1996,2026-07-06 10:45:00-04:00,98.1585,100,long,-104.11,-1.0495,10.0,AR(12) forecasts +1.13% over 6 bars,stop,-5.663,4.289,1.36,0.61,0.124,8.033,0.1629,0.191,1.764,0.707,10.58,Mon
ar_forecast,COIN,2026-07-06,2026-07-06 10:35:00-04:00,163.6818,2026-07-06 10:50:00-04:00,162.9485,61,long,-44.73,-0.448,15.0,AR(12) forecasts +0.60% over 6 bars,signal,-2.49,1.436,0.407,0.44,0.124,4.514,0.0297,0.432,1.639,0.645,10.58,Mon
ar_forecast,AMD,2026-07-06,2026-07-06 10:35:00-04:00,567.9459,2026-07-06 10:55:00-04:00,567.4936,17,short,7.69,0.0796,20.0,AR(12) forecasts -0.25% over 6 bars,signal,3.269,6.118,2.11,0.42,0.124,4.042,0.3185,0.196,1.699,0.91,10.58,Mon
ar_forecast,MSTR,2026-07-06,2026-07-06 10:50:00-04:00,97.871,2026-07-06 10:55:00-04:00,98.323,102,short,-46.1,-0.4618,5.0,AR(12) forecasts -0.20% over 6 bars,signal,-5.663,2.892,-0.039,0.43,0.154,7.627,0.0519,0.229,1.584,0.502,10.83,Mon
vwap_pullback,PLTR,2026-07-06,2026-07-06 10:30:00-04:00,130.8854,2026-07-06 10:55:00-04:00,130.0928,76,long,-60.24,-0.6056,25.0,bounce off session VWAP 130.55,stop,-1.556,2.946,0.237,0.59,0.128,3.714,-0.0016,0.089,1.566,0.673,10.5,Mon
ar_forecast,COIN,2026-07-06,2026-07-06 10:55:00-04:00,163.5982,2026-07-06 11:00:00-04:00,164.4822,61,short,-53.93,-0.5404,5.0,AR(12) forecasts -0.22% over 6 bars,signal,-2.49,1.384,0.332,0.31,0.205,4.113,0.0238,0.433,1.349,0.63,10.92,Mon
rsi2_reversion,MSTR,2026-07-06,2026-07-06 10:50:00-04:00,97.969,2026-07-06 11:05:00-04:00,99.3003,102,long,135.8,1.359,15.0,RSI(2)=6 dip above VWAP,signal,-5.663,2.995,0.061,0.43,0.154,7.627,0.0519,0.229,1.584,0.517,10.83,Mon
vwap_pullback,COIN,2026-07-06,2026-07-06 10:55:00-04:00,163.7618,2026-07-06 11:05:00-04:00,166.1027,61,long,142.79,1.4294,10.0,bounce off session VWAP 163.04,target,-2.49,1.485,0.432,0.31,0.205,4.113,0.0238,0.433,1.349,0.66,10.92,Mon
ar_forecast,TSLA,2026-07-06,2026-07-06 10:35:00-04:00,405.9729,2026-07-06 11:05:00-04:00,409.4602,24,long,83.7,0.859,30.0,AR(12) forecasts +0.21% over 6 bars,signal,1.146,2.178,1.504,0.55,0.124,3.985,0.2175,-0.042,0.977,0.953,10.58,Mon
ar_forecast,PLTR,2026-07-06,2026-07-06 10:50:00-04:00,130.5647,2026-07-06 11:10:00-04:00,131.9363,76,short,-104.24,-1.0505,20.0,AR(12) forecasts -0.22% over 6 bars,stop,-1.556,2.694,-0.018,0.4,0.154,3.3,-0.0208,0.085,1.256,0.621,10.83,Mon
ar_forecast,AMD,2026-07-06,2026-07-06 11:10:00-04:00,566.6332,2026-07-06 11:15:00-04:00,560.6863,17,long,-101.1,-1.0495,5.0,AR(12) forecasts +0.16% over 6 bars,stop,3.269,5.873,1.436,0.37,0.183,4.045,0.1534,0.338,1.326,0.871,11.17,Mon
rsi2_reversion,NVDA,2026-07-06,2026-07-06 11:05:00-04:00,195.8779,2026-07-06 11:25:00-04:00,195.857,51,long,-1.06,-0.0107,20.0,RSI(2)=10 dip above VWAP,signal,-0.118,0.765,0.064,0.41,0.202,1.823,0.0192,-0.255,0.342,0.549,11.08,Mon
rsi2_reversion,AMD,2026-07-06,2026-07-06 11:15:00-04:00,563.5816,2026-07-06 11:30:00-04:00,569.3751,17,long,98.49,1.028,15.0,RSI(2)=8 dip above VWAP,signal,3.269,5.303,0.871,0.6,0.167,4.073,0.1287,0.393,1.29,0.804,11.25,Mon
ar_forecast,TSLA,2026-07-06,2026-07-06 11:10:00-04:00,410.0849,2026-07-06 11:40:00-04:00,411.809,24,long,41.38,0.4204,30.0,AR(12) forecasts +0.39% over 6 bars,signal,1.146,3.213,2.014,0.76,0.183,3.509,0.1612,0.117,0.78,0.948,11.17,Mon
rsi2_reversion,AMD,2026-07-06,2026-07-06 12:05:00-04:00,564.6522,2026-07-06 12:35:00-04:00,558.7262,17,long,-100.74,-1.0495,30.0,RSI(2)=6 dip above VWAP,stop,3.269,5.503,0.816,0.37,0.294,3.891,0.0625,0.329,0.868,0.827,12.08,Mon
rsi2_reversion,PLTR,2026-07-06,2026-07-06 12:40:00-04:00,133.2466,2026-07-06 12:50:00-04:00,133.2334,75,long,-0.99,-0.0099,10.0,RSI(2)=3 dip above VWAP,signal,-1.556,4.803,1.344,0.31,0.264,2.949,0.0694,0.155,0.516,0.887,12.67,Mon
vwap_pullback,MSTR,2026-07-06,2026-07-06 11:05:00-04:00,99.3997,2026-07-06 13:10:00-04:00,102.8542,100,long,345.45,3.4754,125.0,bounce off session VWAP 97.94,target,-5.663,4.499,1.399,0.52,0.202,7.576,0.0549,0.271,1.504,0.705,11.08,Mon
rsi2_reversion,NVDA,2026-07-06,2026-07-06 12:55:00-04:00,196.5382,2026-07-06 13:10:00-04:00,196.7016,50,long,8.17,0.0831,15.0,RSI(2)=4 dip above VWAP,signal,-0.118,1.105,0.259,0.73,0.23,1.419,0.013,-0.183,0.218,0.715,12.92,Mon
squeeze_breakout,NVDA,2026-07-06,2026-07-06 12:15:00-04:00,197.2686,2026-07-06 13:15:00-04:00,196.135,50,long,-56.68,-0.5746,60.0,squeeze breakout above upper band 196.95,stop,-0.118,1.481,0.679,1.64,0.301,1.532,0.0134,-0.218,0.258,0.921,12.25,Mon
squeeze_breakout,MSTR,2026-07-06,2026-07-06 13:20:00-04:00,104.3421,2026-07-06 13:35:00-04:00,101.9357,95,long,-228.61,-2.3063,15.0,squeeze breakout above upper band 103.55,stop,-5.663,9.695,4.718,1.54,0.298,5.843,0.1128,0.157,0.923,0.957,13.33,Mon
high_break_trail,MSTR,2026-07-06,2026-07-06 11:55:00-04:00,101.5407,2026-07-06 13:35:00-04:00,102.3388,98,long,78.21,0.7859,100.0,"break of first-hour high 101.09, 2.0xATR trail",stop,-5.663,6.75,2.903,1.4,0.28,6.65,0.1005,0.22,1.143,0.94,11.92,Mon
rsi2_reversion,MSTR,2026-07-06,2026-07-06 13:40:00-04:00,102.1009,2026-07-06 13:50:00-04:00,101.0294,97,long,-103.94,-1.0495,10.0,RSI(2)=8 dip above VWAP,stop,-5.663,7.339,2.32,0.73,0.18,5.896,0.1047,0.228,0.92,0.736,13.67,Mon
rsi2_reversion,COIN,2026-07-06,2026-07-06 13:35:00-04:00,169.9249,2026-07-06 14:05:00-04:00,169.0218,58,long,-52.38,-0.5315,30.0,RSI(2)=8 dip above VWAP,signal,-2.49,5.305,2.333,0.79,0.214,3.32,0.118,0.38,0.555,0.849,13.58,Mon
rsi2_reversion,TSLA,2026-07-06,2026-07-06 13:35:00-04:00,415.8528,2026-07-06 14:05:00-04:00,415.0149,24,long,-20.11,-0.2015,30.0,RSI(2)=9 dip above VWAP,signal,1.146,4.664,1.821,0.93,0.214,2.639,0.1096,0.206,0.382,0.873,13.58,Mon
rsi2_reversion,MSTR,2026-07-06,2026-07-06 13:55:00-04:00,100.9805,2026-07-06 14:05:00-04:00,101.5942,99,long,60.76,0.6078,10.0,RSI(2)=1 dip above VWAP,signal,-5.663,6.161,1.164,0.47,0.186,5.808,0.0914,0.231,0.854,0.626,13.92,Mon
rsi2_reversion,PLTR,2026-07-06,2026-07-06 13:45:00-04:00,132.3311,2026-07-06 14:10:00-04:00,131.7341,75,long,-44.78,-0.4512,25.0,RSI(2)=7 dip above VWAP,signal,-1.556,4.083,0.518,0.58,0.208,2.737,0.0417,0.128,0.379,0.762,13.75,Mon
rsi2_reversion,AMD,2026-07-06,2026-07-06 14:10:00-04:00,555.9719,2026-07-06 14:30:00-04:00,554.4171,17,short,26.43,0.2797,20.0,RSI(2)=90 rip below VWAP,signal,3.269,3.881,-0.639,0.46,0.303,3.221,-0.0267,0.296,0.491,0.636,14.17,Mon
rsi2_reversion,NVDA,2026-07-06,2026-07-06 14:40:00-04:00,196.148,2026-07-06 14:45:00-04:00,196.2118,50,long,3.19,0.0325,5.0,RSI(2)=10 dip above VWAP,signal,-0.118,0.904,0.048,0.39,0.334,1.254,0.0022,-0.111,0.168,0.605,14.67,Mon
ema_crossover,PLTR,2026-07-06,2026-07-06 14:55:00-04:00,132.7764,2026-07-06 15:40:00-04:00,132.124,75,long,-48.93,-0.4913,45.0,EMA9/20 cross up above VWAP,stop,-1.556,4.433,0.809,0.49,0.426,2.507,0.0204,0.137,0.285,0.823,14.92,Mon
squeeze_breakout,COIN,2026-07-06,2026-07-06 15:20:00-04:00,170.085,2026-07-06 15:50:00-04:00,168.9898,58,long,-63.52,-0.6439,30.0,squeeze breakout above upper band 169.75,stop,-2.49,5.404,2.088,1.05,0.475,2.951,0.0642,0.338,0.358,0.863,15.33,Mon
high_break_trail,PLTR,2026-07-06,2026-07-06 11:25:00-04:00,133.2016,2026-07-06 15:55:00-04:00,132.4687,75,long,-54.96,-0.5502,270.0,"break of first-hour high 132.89, 2.0xATR trail",eod,-1.556,4.768,1.753,1.0,0.27,3.573,0.0389,0.146,0.952,0.997,11.42,Mon
high_break_trail,TSLA,2026-07-06,2026-07-06 11:00:00-04:00,407.8138,2026-07-06 15:55:00-04:00,419.5601,24,long,281.91,2.8803,295.0,"break of first-hour high 406.74, 2.0xATR trail",eod,1.146,2.641,1.622,1.11,0.192,3.661,0.1605,0.128,0.829,0.883,11.0,Mon
ema_crossover,TSLA,2026-07-06,2026-07-06 14:25:00-04:00,416.9434,2026-07-06 15:55:00-04:00,419.5601,23,long,60.19,0.6276,90.0,EMA9/20 cross up above VWAP,eod,1.146,4.939,1.921,0.64,0.346,2.485,0.0799,0.23,0.322,0.91,14.42,Mon
orb,TSLA,2026-07-06,2026-07-06 09:50:00-04:00,401.5207,2026-07-06 15:55:00-04:00,419.5601,24,long,432.95,4.4928,365.0,break of opening range high 400.66,eod,1.146,1.057,1.13,0.66,0.018,7.063,0.5746,-0.584,1.474,0.876,9.83,Mon
ema_crossover,COIN,2026-07-06,2026-07-06 15:15:00-04:00,169.4797,2026-07-06 15:55:00-04:00,168.7456,59,long,-43.31,-0.4332,40.0,EMA9/20 cross up above VWAP,stop,-2.49,5.029,1.75,0.44,0.451,2.972,0.0652,0.343,0.365,0.811,15.25,Mon
orb,NVDA,2026-07-06,2026-07-06 09:55:00-04:00,196.078,2026-07-06 15:55:00-04:00,195.4772,51,long,-30.64,-0.3064,360.0,break of opening range high 195.48,eod,-0.118,0.868,0.494,0.68,-0.032,2.081,0.1243,-0.276,0.454,0.761,9.92,Mon
ema_crossover,NVDA,2026-07-06,2026-07-06 14:50:00-04:00,196.6082,2026-07-06 15:55:00-04:00,195.942,50,long,-33.31,-0.3389,65.0,EMA9/20 cross up above VWAP,stop,-0.118,1.141,0.277,0.9,0.409,1.237,0.0023,-0.101,0.165,0.735,14.83,Mon
high_break_trail,COIN,2026-07-06,2026-07-06 11:10:00-04:00,166.6833,2026-07-06 15:55:00-04:00,168.7856,59,long,124.03,1.2612,285.0,"break of first-hour high 165.65, 2.0xATR trail",eod,-2.49,3.296,1.993,1.24,0.183,4.077,0.0784,0.51,1.249,0.871,11.17,Mon
orb,PLTR,2026-07-06,2026-07-06 09:50:00-04:00,131.8459,2026-07-06 15:55:00-04:00,132.4687,75,long,46.71,0.4724,365.0,break of opening range high 131.52,eod,-1.556,3.701,1.197,0.51,0.018,1.399,0.4196,-0.63,2.324,0.83,9.83,Mon
orb,MSTR,2026-07-06,2026-07-06 09:50:00-04:00,100.3602,2026-07-06 15:55:00-04:00,100.7896,99,long,42.51,0.4279,365.0,break of opening range high 98.20,eod,-5.663,5.509,3.503,0.51,0.018,9.85,1.1253,-0.649,2.304,0.912,9.83,Mon
vwap_pullback,NVDA,2026-07-06,2026-07-06 11:25:00-04:00,196.053,2026-07-06 15:55:00-04:00,195.4772,51,long,-29.36,-0.2937,270.0,bounce off session VWAP 195.75,eod,-0.118,0.855,0.147,0.56,0.27,1.744,0.0095,-0.197,0.313,0.6,11.42,Mon
vwap_pullback,PLTR,2026-07-06,2026-07-06 11:15:00-04:00,132.5813,2026-07-06 15:55:00-04:00,132.4687,75,long,-8.44,-0.0849,280.0,bounce off session VWAP 130.68,eod,-1.556,4.28,1.403,1.07,0.167,3.604,0.0121,0.216,1.029,0.95,11.25,Mon
orb,AMD,2026-07-06,2026-07-06 09:50:00-04:00,556.6882,2026-07-06 15:55:00-04:00,551.674,17,long,-85.24,-0.9007,365.0,break of opening range high 553.88,eod,3.269,4.015,1.594,0.9,0.018,2.133,0.7335,-0.895,2.712,0.878,9.83,Mon
orb,COIN,2026-07-06,2026-07-06 09:55:00-04:00,165.0825,2026-07-06 15:55:00-04:00,168.7856,60,long,222.18,2.2432,360.0,break of opening range high 164.99,eod,-2.49,2.304,1.439,0.41,-0.032,6.899,0.4605,0.128,2.372,0.898,9.92,Mon
vwap_pullback,PLTR,2026-07-07,2026-07-07 10:10:00-04:00,134.1671,2026-07-07 10:10:00-04:00,133.3964,74,long,-57.03,-0.5744,0.0,bounce off session VWAP 133.86,stop,0.902,0.327,0.332,0.6,-0.425,6.048,-0.0721,-0.173,1.633,0.724,10.17,Tue
vwap_pullback,PLTR,2026-07-07,2026-07-07 10:40:00-04:00,134.147,2026-07-07 10:45:00-04:00,133.0949,74,long,-77.86,-0.7843,5.0,bounce off session VWAP 133.56,stop,0.902,0.312,0.419,0.75,-0.59,6.826,-0.0171,-0.629,1.401,0.746,10.67,Tue
ar_forecast,MSTR,2026-07-07,2026-07-07 10:40:00-04:00,97.6888,2026-07-07 10:50:00-04:00,97.871,102,long,18.59,0.1865,10.0,AR(12) forecasts +0.27% over 6 bars,signal,0.248,-3.365,-2.057,0.63,-0.59,5.343,-0.3051,-0.225,1.924,0.137,10.67,Tue
ar_forecast,TSLA,2026-07-07,2026-07-07 10:45:00-04:00,409.0344,2026-07-07 10:50:00-04:00,408.5356,24,long,-11.97,-0.1219,5.0,AR(12) forecasts +0.18% over 6 bars,signal,-0.667,-1.903,-0.853,0.5,-0.539,3.165,-0.1433,-0.343,0.79,0.169,10.75,Tue
ar_forecast,AMD,2026-07-07,2026-07-07 10:40:00-04:00,507.4148,2026-07-07 10:50:00-04:00,505.847,19,long,-29.79,-0.309,10.0,AR(12) forecasts +0.20% over 6 bars,signal,-6.5,-1.678,-0.993,0.53,-0.59,6.07,-0.1277,-0.332,1.449,0.222,10.67,Tue
ar_forecast,PLTR,2026-07-07,2026-07-07 10:50:00-04:00,133.1434,2026-07-07 10:55:00-04:00,133.8069,75,short,-49.76,-0.4983,5.0,AR(12) forecasts -0.17% over 6 bars,signal,0.902,-0.439,-0.33,0.6,-0.48,6.701,-0.0177,-0.624,1.323,0.468,10.83,Tue
ar_forecast,COIN,2026-07-07,2026-07-07 10:35:00-04:00,163.8981,2026-07-07 11:05:00-04:00,164.7623,61,short,-52.72,-0.5273,30.0,AR(12) forecasts -0.38% over 6 bars,signal,-1.223,-1.743,-1.257,0.8,-0.578,5.734,-0.3026,-0.385,1.648,0.263,10.58,Tue
orb,PLTR,2026-07-07,2026-07-07 10:15:00-04:00,131.844,2026-07-07 11:05:00-04:00,135.1275,75,short,-246.26,-2.4904,50.0,break of opening range low 132.20,stop,0.902,-1.41,-1.373,1.07,-0.362,7.823,-0.0367,-0.669,1.637,0.107,10.25,Tue
vwap_pullback,NVDA,2026-07-07,2026-07-07 10:25:00-04:00,191.974,2026-07-07 11:10:00-04:00,193.137,52,short,-60.48,-0.6058,45.0,rejection at session VWAP 192.46,stop,-1.639,-0.206,-0.234,0.52,-0.469,2.058,-0.0065,0.229,0.571,0.259,10.42,Tue
ar_forecast,MSTR,2026-07-07,2026-07-07 11:00:00-04:00,99.1954,2026-07-07 11:15:00-04:00,98.9894,100,short,20.6,0.2077,15.0,AR(12) forecasts -0.21% over 6 bars,signal,0.248,-1.874,-0.414,0.66,-0.513,5.78,-0.1705,0.096,1.673,0.419,11.0,Tue
ar_forecast,COIN,2026-07-07,2026-07-07 11:10:00-04:00,164.9175,2026-07-07 11:15:00-04:00,164.2921,60,short,37.52,0.3792,5.0,AR(12) forecasts -0.22% over 6 bars,signal,-1.223,-1.132,-0.409,0.64,-0.553,5.435,-0.1286,-0.132,1.199,0.384,11.17,Tue
ar_forecast,PLTR,2026-07-07,2026-07-07 11:10:00-04:00,135.4727,2026-07-07 11:15:00-04:00,134.3328,73,long,-83.21,-0.8414,5.0,AR(12) forecasts +0.24% over 6 bars,signal,0.902,1.303,1.272,1.26,-0.553,6.346,0.0254,-0.543,1.147,0.979,11.17,Tue
ar_forecast,NVDA,2026-07-07,2026-07-07 11:00:00-04:00,192.6763,2026-07-07 11:15:00-04:00,192.9335,51,long,13.12,0.1335,15.0,AR(12) forecasts +0.17% over 6 bars,signal,-1.639,0.159,0.175,0.46,-0.513,1.766,-0.0101,0.298,0.456,0.649,11.0,Tue
rsi2_reversion,MSTR,2026-07-07,2026-07-07 11:00:00-04:00,99.1954,2026-07-07 11:15:00-04:00,98.9894,100,short,20.6,0.2077,15.0,RSI(2)=91 rip below VWAP,signal,0.248,-1.874,-0.414,0.66,-0.513,5.78,-0.1705,0.096,1.673,0.419,11.0,Tue
rsi2_reversion,COIN,2026-07-07,2026-07-07 11:00:00-04:00,164.3978,2026-07-07 11:15:00-04:00,164.2921,60,short,6.34,0.0643,15.0,RSI(2)=91 rip below VWAP,signal,-1.223,-1.443,-0.751,0.39,-0.513,5.649,-0.1699,-0.121,1.306,0.322,11.0,Tue
ar_forecast,AMD,2026-07-07,2026-07-07 11:05:00-04:00,507.5386,2026-07-07 11:35:00-04:00,512.0538,19,long,85.79,0.8896,30.0,AR(12) forecasts +0.21% over 6 bars,signal,-6.5,-1.654,-0.802,0.54,-0.487,5.366,-0.0995,-0.329,1.223,0.23,11.08,Tue
ar_forecast,TSLA,2026-07-07,2026-07-07 11:25:00-04:00,406.4331,2026-07-07 11:55:00-04:00,406.1068,24,long,-7.83,-0.0803,30.0,AR(12) forecasts +0.17% over 6 bars,signal,-0.667,-2.527,-1.265,0.74,-0.513,2.713,-0.0933,-0.272,0.588,0.069,11.42,Tue
vwap_pullback,AMD,2026-07-07,2026-07-07 10:15:00-04:00,508.2807,2026-07-07 11:55:00-04:00,516.0356,19,short,-147.34,-1.5257,100.0,rejection at session VWAP 514.23,stop,-6.5,-1.51,-1.086,0.78,-0.362,6.317,-0.0768,-0.27,1.661,0.095,10.25,Tue
high_break_trail,AMD,2026-07-07,2026-07-07 10:45:00-04:00,503.648,2026-07-07 12:00:00-04:00,517.9668,19,short,-272.06,-2.843,75.0,"break of first-hour low 505.77, 2.0xATR trail",stop,-6.5,-2.408,-1.672,0.96,-0.539,5.997,-0.1281,-0.373,1.394,0.028,10.75,Tue
vwap_pullback,NVDA,2026-07-07,2026-07-07 11:30:00-04:00,193.1465,2026-07-07 12:10:00-04:00,195.6808,51,long,129.25,1.3121,40.0,bounce off session VWAP 192.41,target,-1.639,0.404,0.375,0.5,-0.572,1.598,0.0084,0.203,0.37,0.85,11.5,Tue
high_break_trail,MSTR,2026-07-07,2026-07-07 10:45:00-04:00,97.3613,2026-07-07 12:20:00-04:00,101.0472,102,short,-375.96,-3.7858,95.0,"break of first-hour low 97.27, 2.0xATR trail",stop,0.248,-3.688,-2.325,0.72,-0.539,5.629,-0.2814,-0.212,1.862,0.075,10.75,Tue
orb,AMD,2026-07-07,2026-07-07 10:15:00-04:00,508.2807,2026-07-07 12:20:00-04:00,522.6512,19,short,-273.04,-2.8273,125.0,break of opening range low 509.61,stop,-6.5,-1.51,-1.086,0.78,-0.362,6.317,-0.0768,-0.27,1.661,0.095,10.25,Tue
rsi2_reversion,MSTR,2026-07-07,2026-07-07 12:15:00-04:00,99.8949,2026-07-07 12:20:00-04:00,100.4398,100,long,54.48,0.5454,5.0,RSI(2)=9 dip above VWAP,signal,0.248,-1.182,0.222,0.53,-0.291,4.608,0.0087,0.106,0.969,0.551,12.25,Tue
high_break_trail,TSLA,2026-07-07,2026-07-07 11:20:00-04:00,406.2068,2026-07-07 12:50:00-04:00,409.7688,24,short,-85.49,-0.8769,90.0,"break of first-hour low 406.90, 2.0xATR trail",stop,-0.667,-2.581,-1.352,0.75,-0.577,2.762,-0.0948,-0.277,0.607,0.053,11.33,Tue
orb,MSTR,2026-07-07,2026-07-07 10:10:00-04:00,98.7837,2026-07-07 12:50:00-04:00,102.3411,101,short,-359.3,-3.6013,160.0,break of opening range low 99.09,stop,0.248,-2.281,-1.641,0.58,-0.425,4.641,-0.4399,-0.069,2.377,0.21,10.17,Tue
high_break_trail,NVDA,2026-07-07,2026-07-07 11:50:00-04:00,194.007,2026-07-07 12:55:00-04:00,196.6224,51,long,133.39,1.3481,65.0,"break of first-hour high 193.50, 2.0xATR trail",stop,-1.639,0.851,0.777,0.72,-0.427,1.588,0.0201,0.237,0.348,0.943,11.83,Tue
ar_forecast,NVDA,2026-07-07,2026-07-07 12:35:00-04:00,197.7838,2026-07-07 13:05:00-04:00,198.0509,50,long,13.35,0.135,30.0,AR(12) forecasts +0.23% over 6 bars,signal,-1.639,2.814,2.268,1.2,-0.187,1.755,0.0648,0.25,0.365,0.952,12.58,Tue
rsi2_reversion,TSLA,2026-07-07,2026-07-07 12:40:00-04:00,408.454,2026-07-07 13:05:00-04:00,409.0945,24,short,-15.37,-0.1568,25.0,RSI(2)=92 rip below VWAP,signal,-0.667,-2.042,-0.46,0.62,-0.18,2.402,-0.0484,-0.214,0.389,0.265,12.67,Tue
news_momentum,MSTR,2026-07-07,2026-07-07 12:55:00-04:00,102.5813,2026-07-07 13:15:00-04:00,101.2394,97,long,-130.17,-1.3081,20.0,fresh headline <45m + breakout on volume,stop,0.248,1.475,2.507,2.1,-0.168,4.37,0.0552,0.133,0.867,0.852,12.92,Tue
vwap_pullback,COIN,2026-07-07,2026-07-07 13:20:00-04:00,165.7371,2026-07-07 13:20:00-04:00,166.3921,60,short,-39.3,-0.3952,0.0,rejection at session VWAP 165.81,stop,-1.223,-0.64,-0.046,0.66,-0.163,4.051,0.0272,-0.066,0.565,0.482,13.33,Tue
rsi2_reversion,COIN,2026-07-07,2026-07-07 13:15:00-04:00,166.013,2026-07-07 13:30:00-04:00,166.5867,60,long,34.42,0.3456,15.0,RSI(2)=9 dip above VWAP,signal,-1.223,-0.475,0.122,0.72,-0.215,4.075,0.0277,-0.066,0.567,0.514,13.25,Tue
rsi2_reversion,MSTR,2026-07-07,2026-07-07 13:20:00-04:00,101.4707,2026-07-07 13:35:00-04:00,101.7191,98,long,24.34,0.2448,15.0,RSI(2)=9 dip above VWAP,signal,0.248,0.377,1.176,0.69,-0.163,4.341,0.0641,0.127,0.834,0.683,13.33,Tue
rsi2_reversion,TSLA,2026-07-07,2026-07-07 14:00:00-04:00,408.0509,2026-07-07 14:10:00-04:00,406.6032,24,short,34.74,0.3548,10.0,RSI(2)=94 rip below VWAP,signal,-0.667,-2.139,-0.465,0.51,-0.151,2.23,-0.0251,-0.167,0.28,0.238,14.0,Tue
squeeze_breakout,MSTR,2026-07-07,2026-07-07 12:30:00-04:00,101.2606,2026-07-07 14:10:00-04:00,99.8468,98,long,-138.55,-1.3962,100.0,squeeze breakout above upper band 101.16,stop,0.248,0.169,1.5,0.6,-0.215,4.504,0.0266,0.147,0.921,0.807,12.5,Tue
ema_crossover,MSTR,2026-07-07,2026-07-07 11:35:00-04:00,99.95,2026-07-07 14:10:00-04:00,100.1049,100,long,15.5,0.155,155.0,EMA9/20 cross up above VWAP,signal,0.248,-1.128,0.352,0.65,-0.607,5.18,-0.0448,0.105,1.288,0.561,11.58,Tue
ema_crossover,COIN,2026-07-07,2026-07-07 12:00:00-04:00,166.158,2026-07-07 14:20:00-04:00,166.1269,60,long,-1.87,-0.0187,140.0,EMA9/20 cross up above VWAP,signal,-1.223,-0.388,0.393,0.67,-0.343,4.636,-0.0269,-0.056,0.781,0.532,12.0,Tue
rsi2_reversion,NVDA,2026-07-07,2026-07-07 14:05:00-04:00,197.6238,2026-07-07 14:20:00-04:00,197.5811,50,long,-2.13,-0.0216,15.0,RSI(2)=6 dip above VWAP,signal,-1.639,2.731,1.694,0.42,-0.171,1.678,0.0703,0.17,0.271,0.892,14.08,Tue
rsi2_reversion,COIN,2026-07-07,2026-07-07 14:20:00-04:00,166.2931,2026-07-07 14:25:00-04:00,166.1523,60,long,-8.45,-0.0847,5.0,RSI(2)=8 dip above VWAP,signal,-1.223,-0.307,0.231,0.45,-0.144,3.718,0.0248,-0.07,0.441,0.548,14.33,Tue
vwap_pullback,MSTR,2026-07-07,2026-07-07 14:15:00-04:00,99.6501,2026-07-07 15:00:00-04:00,97.6699,100,short,198.02,1.9872,45.0,rejection at session VWAP 100.36,target,0.248,-1.424,-0.701,0.55,-0.156,4.172,0.0476,0.136,0.705,0.408,14.25,Tue
vwap_pullback,COIN,2026-07-07,2026-07-07 14:35:00-04:00,165.4472,2026-07-07 15:00:00-04:00,163.6039,60,short,110.6,1.1142,25.0,rejection at session VWAP 165.91,target,-1.223,-0.814,-0.278,0.5,-0.175,3.64,0.0214,-0.073,0.415,0.447,14.58,Tue
rsi2_reversion,AMD,2026-07-07,2026-07-07 14:45:00-04:00,519.4396,2026-07-07 15:05:00-04:00,513.9881,19,long,-103.58,-1.0495,20.0,RSI(2)=6 dip above VWAP,stop,-6.5,0.652,0.999,0.71,-0.275,3.704,0.0477,-0.267,0.482,0.747,14.75,Tue
vwap_pullback,TSLA,2026-07-07,2026-07-07 10:10:00-04:00,411.5441,2026-07-07 15:05:00-04:00,402.5648,24,short,215.5,2.1819,295.0,rejection at session VWAP 414.89,target,-0.667,-1.301,-0.65,0.61,-0.425,3.241,-0.2045,-0.279,1.013,0.294,10.17,Tue
rsi2_reversion,PLTR,2026-07-07,2026-07-07 14:45:00-04:00,137.949,2026-07-07 15:05:00-04:00,136.5013,72,long,-104.24,-1.0495,20.0,RSI(2)=3 dip above VWAP,stop,0.902,3.155,1.908,1.09,-0.275,3.953,0.0704,-0.496,0.373,0.872,14.75,Tue
squeeze_breakout,PLTR,2026-07-07,2026-07-07 12:45:00-04:00,137.2472,2026-07-07 15:15:00-04:00,135.5811,72,long,-119.96,-1.2139,150.0,squeeze breakout above upper band 136.74,stop,0.902,2.63,2.164,0.9,-0.157,4.847,0.0639,-0.537,0.59,0.993,12.75,Tue
high_break_trail,PLTR,2026-07-07,2026-07-07 11:10:00-04:00,135.4727,2026-07-07 15:15:00-04:00,135.6733,73,long,14.65,0.1481,245.0,"break of first-hour high 135.06, 2.0xATR trail",stop,0.902,1.303,1.272,1.26,-0.553,6.346,0.0254,-0.543,1.147,0.979,11.17,Tue
rsi2_reversion,PLTR,2026-07-07,2026-07-07 15:10:00-04:00,136.6782,2026-07-07 15:25:00-04:00,135.2438,73,long,-104.71,-1.0495,15.0,RSI(2)=8 dip above VWAP,stop,0.902,2.205,0.888,1.18,-0.453,3.869,0.0598,-0.47,0.415,0.701,15.17,Tue
rsi2_reversion,NVDA,2026-07-07,2026-07-07 15:00:00-04:00,196.5162,2026-07-07 15:35:00-04:00,196.4068,50,long,-5.47,-0.0557,35.0,RSI(2)=4 dip above VWAP,signal,-1.639,2.155,0.989,0.66,-0.403,1.623,0.0555,0.172,0.247,0.739,15.0,Tue
orb,TSLA,2026-07-07,2026-07-07 09:55:00-04:00,412.4887,2026-07-07 15:55:00-04:00,403.1815,24,short,223.37,2.2563,360.0,break of opening range low 413.50,eod,-0.667,-1.075,-0.661,0.85,-0.183,3.091,-0.1951,-0.768,1.042,0.169,9.92,Tue
squeeze_breakout,TSLA,2026-07-07,2026-07-07 14:50:00-04:00,404.4677,2026-07-07 15:55:00-04:00,403.1815,24,short,30.87,0.318,65.0,squeeze breakdown below lower band 404.95,eod,-0.667,-2.998,-1.244,0.75,-0.324,2.132,-0.0234,-0.179,0.276,0.053,14.83,Tue
orb,COIN,2026-07-07,2026-07-07 10:00:00-04:00,165.5172,2026-07-07 15:55:00-04:00,163.6018,60,short,114.93,1.1572,355.0,break of opening range low 165.95,eod,-1.223,-0.772,-1.192,0.98,-0.221,4.357,-0.3972,-0.287,2.004,0.203,10.0,Tue
ema_crossover,TSLA,2026-07-07,2026-07-07 13:20:00-04:00,405.9869,2026-07-07 15:55:00-04:00,403.1815,24,short,67.33,0.691,155.0,EMA9/20 cross down below VWAP,eod,-0.667,-2.634,-1.009,0.63,-0.163,2.35,-0.0312,-0.179,0.352,0.102,13.33,Tue
squeeze_breakout,COIN,2026-07-07,2026-07-07 14:45:00-04:00,165.1524,2026-07-07 15:55:00-04:00,163.6018,60,short,93.04,0.9389,70.0,squeeze breakdown below lower band 165.28,eod,-1.223,-0.991,-0.437,1.27,-0.275,3.627,0.0178,-0.061,0.437,0.412,14.75,Tue
vwap_pullback,MSTR,2026-07-08,2026-07-08 10:20:00-04:00,92.9238,2026-07-08 10:20:00-04:00,93.6608,107,short,-78.86,-0.7931,0.0,rejection at session VWAP 93.33,stop,-3.739,-0.808,-0.445,0.65,0.085,6.708,-0.0461,0.009,1.459,0.424,10.33,Wed
ar_forecast,PLTR,2026-07-08,2026-07-08 10:40:00-04:00,128.144,2026-07-08 10:50:00-04:00,127.8361,78,long,-24.02,-0.2403,10.0,AR(12) forecasts +0.25% over 6 bars,signal,-3.524,-1.15,-0.196,0.42,-0.097,4.691,0.033,-0.385,1.256,0.332,10.67,Wed
ar_forecast,COIN,2026-07-08,2026-07-08 10:40:00-04:00,157.841,2026-07-08 10:50:00-04:00,156.5983,63,short,78.29,0.7874,10.0,AR(12) forecasts -0.18% over 6 bars,signal,-2.293,-1.207,-1.048,0.53,-0.097,5.147,-0.0882,-0.485,1.231,0.126,10.67,Wed
ar_forecast,MSTR,2026-07-08,2026-07-08 10:35:00-04:00,93.641,2026-07-08 10:50:00-04:00,92.6363,106,short,106.49,1.0729,15.0,AR(12) forecasts -0.26% over 6 bars,signal,-3.739,-0.043,0.296,0.38,-0.113,6.058,-0.0034,0.03,1.31,0.689,10.58,Wed
ar_forecast,TSLA,2026-07-08,2026-07-08 10:45:00-04:00,393.6832,2026-07-08 11:00:00-04:00,392.9264,25,short,18.92,0.1922,15.0,AR(12) forecasts -0.15% over 6 bars,signal,-0.895,-1.425,-0.535,0.51,-0.252,3.076,-0.0655,-0.406,0.672,0.21,10.75,Wed
ar_forecast,MSTR,2026-07-08,2026-07-08 10:55:00-04:00,93.5216,2026-07-08 11:00:00-04:00,93.3933,106,long,-13.61,-0.1372,5.0,AR(12) forecasts +0.37% over 6 bars,signal,-3.739,-0.17,0.198,0.55,-0.178,5.803,-0.0085,-0.084,1.169,0.645,10.92,Wed
ar_forecast,COIN,2026-07-08,2026-07-08 10:55:00-04:00,158.3391,2026-07-08 11:05:00-04:00,157.941,63,long,-25.08,-0.2514,10.0,AR(12) forecasts +0.29% over 6 bars,signal,-2.293,-0.896,-0.461,1.4,-0.178,5.862,-0.0927,-0.482,1.193,0.397,10.92,Wed
ar_forecast,NVDA,2026-07-08,2026-07-08 11:05:00-04:00,198.6243,2026-07-08 11:15:00-04:00,196.5397,50,long,-104.23,-1.0495,10.0,AR(12) forecasts +0.33% over 6 bars,stop,-0.914,1.791,0.541,1.43,-0.223,2.647,0.0023,-0.038,0.78,0.74,11.08,Wed
orb,AMD,2026-07-08,2026-07-08 10:00:00-04:00,520.145,2026-07-08 11:20:00-04:00,502.9484,19,long,-326.73,-3.3061,80.0,break of opening range high 518.80,stop,-2.278,3.039,1.025,0.42,0.087,4.284,0.0995,-0.615,2.222,0.857,10.0,Wed
ar_forecast,AMD,2026-07-08,2026-07-08 11:35:00-04:00,504.2377,2026-07-08 11:50:00-04:00,503.9469,19,short,5.53,0.0577,15.0,AR(12) forecasts -0.34% over 6 bars,signal,-2.278,-0.112,-1.377,0.63,-0.346,3.776,-0.1233,-0.256,1.157,0.245,11.58,Wed
vwap_pullback,PLTR,2026-07-08,2026-07-08 11:55:00-04:00,128.1109,2026-07-08 12:00:00-04:00,128.8404,78,short,-56.9,-0.5695,5.0,rejection at session VWAP 128.39,stop,-3.524,-1.176,-0.216,0.29,-0.339,3.642,0.0116,-0.491,0.702,0.325,11.92,Wed
vwap_pullback,MSTR,2026-07-08,2026-07-08 10:50:00-04:00,92.5437,2026-07-08 12:00:00-04:00,93.6708,108,short,-121.73,-1.218,70.0,rejection at session VWAP 93.34,stop,-3.739,-1.214,-0.85,0.56,-0.14,5.992,-0.0125,-0.081,1.209,0.283,10.83,Wed
ar_forecast,NVDA,2026-07-08,2026-07-08 11:50:00-04:00,197.3686,2026-07-08 12:00:00-04:00,197.1214,50,long,-12.36,-0.1253,10.0,AR(12) forecasts +0.20% over 6 bars,signal,-0.914,1.147,-0.055,0.35,-0.361,2.495,-0.0063,0.0,0.562,0.476,11.83,Wed
ema_crossover,NVDA,2026-07-08,2026-07-08 11:25:00-04:00,196.4875,2026-07-08 12:05:00-04:00,197.8589,50,short,-68.57,-0.6979,40.0,EMA9/20 cross down below VWAP,signal,-0.914,0.696,-0.513,0.57,-0.433,2.585,-0.009,0.019,0.688,0.291,11.42,Wed
high_break_trail,COIN,2026-07-08,2026-07-08 10:50:00-04:00,156.4417,2026-07-08 12:05:00-04:00,160.1704,63,short,-234.91,-2.3834,75.0,"break of first-hour low 157.30, 2.0xATR trail",stop,-2.293,-2.083,-1.671,1.85,-0.14,6.042,-0.1024,-0.59,1.241,0.045,10.83,Wed
vwap_pullback,COIN,2026-07-08,2026-07-08 10:20:00-04:00,157.851,2026-07-08 12:05:00-04:00,160.2393,63,short,-150.46,-1.513,105.0,rejection at session VWAP 159.68,stop,-2.293,-1.201,-1.129,0.9,0.085,5.787,-0.103,-0.584,1.419,0.128,10.33,Wed
rsi2_reversion,TSLA,2026-07-08,2026-07-08 12:15:00-04:00,393.898,2026-07-08 12:25:00-04:00,393.8418,25,short,1.4,0.0143,10.0,RSI(2)=94 rip below VWAP,signal,-0.895,-1.371,-0.21,0.41,-0.078,2.351,-0.0318,-0.393,0.366,0.339,12.25,Wed
high_break_trail,AMD,2026-07-08,2026-07-08 11:25:00-04:00,500.2444,2026-07-08 12:30:00-04:00,512.2802,19,short,-228.68,-2.406,65.0,"break of first-hour low 503.20, 2.0xATR trail",stop,-2.278,-0.903,-2.256,1.88,-0.433,3.737,-0.1246,-0.358,1.243,0.084,11.42,Wed
vwap_pullback,NVDA,2026-07-08,2026-07-08 12:10:00-04:00,197.9839,2026-07-08 12:45:00-04:00,200.0806,50,long,104.83,1.059,35.0,bounce off session VWAP 197.48,target,-0.914,1.463,0.243,0.33,-0.12,2.456,0.0013,0.024,0.487,0.605,12.17,Wed
rsi2_reversion,AMD,2026-07-08,2026-07-08 12:15:00-04:00,508.0009,2026-07-08 12:50:00-04:00,513.3374,19,short,-101.39,-1.0505,35.0,RSI(2)=96 rip below VWAP,stop,-2.278,0.633,-0.498,0.69,-0.078,3.6,-0.0936,-0.131,0.848,0.397,12.25,Wed
ar_forecast,AMD,2026-07-08,2026-07-08 12:35:00-04:00,509.8649,2026-07-08 12:50:00-04:00,511.2443,19,long,26.21,0.2705,15.0,AR(12) forecasts +0.22% over 6 bars,signal,-2.278,1.002,-0.128,0.58,0.008,3.428,-0.0668,-0.122,0.759,0.472,12.58,Wed
rsi2_reversion,PLTR,2026-07-08,2026-07-08 12:55:00-04:00,128.8744,2026-07-08 13:00:00-04:00,128.9355,77,long,4.7,0.0474,5.0,RSI(2)=10 dip above VWAP,signal,-3.524,-0.587,0.315,0.43,0.205,3.126,0.0213,-0.444,0.441,0.503,12.92,Wed
ar_forecast,PLTR,2026-07-08,2026-07-08 12:35:00-04:00,128.9845,2026-07-08 13:05:00-04:00,128.8306,77,long,-11.85,-0.1193,30.0,AR(12) forecasts +0.18% over 6 bars,signal,-3.524,-0.502,0.416,0.3,0.008,3.28,0.0219,-0.448,0.516,0.528,12.58,Wed
orb,MSTR,2026-07-08,2026-07-08 09:50:00-04:00,92.0938,2026-07-08 13:15:00-04:00,94.5272,108,short,-262.81,-2.6423,205.0,break of opening range low 92.85,stop,-3.739,-1.694,-1.378,0.79,0.067,6.351,-0.5997,-0.728,1.664,0.116,9.83,Wed
news_momentum,NVDA,2026-07-08,2026-07-08 12:25:00-04:00,199.4197,2026-07-08 13:20:00-04:00,202.3878,50,long,148.41,1.4884,55.0,fresh headline <45m + breakout on volume,target,-0.914,2.198,0.881,1.83,-0.008,2.385,0.0131,0.068,0.458,0.864,12.42,Wed
rsi2_reversion,COIN,2026-07-08,2026-07-08 13:10:00-04:00,159.6298,2026-07-08 13:20:00-04:00,159.7251,62,long,5.91,0.0597,10.0,RSI(2)=9 dip above VWAP,signal,-2.293,-0.088,0.366,0.38,0.151,4.201,0.0069,-0.385,0.503,0.636,13.17,Wed
high_break_trail,MSTR,2026-07-08,2026-07-08 13:25:00-04:00,94.8074,2026-07-08 13:50:00-04:00,93.8312,105,long,-102.5,-1.0297,25.0,"break of first-hour high 94.48, 2.0xATR trail",stop,-3.739,1.202,1.459,1.43,0.344,4.049,0.0278,-0.063,0.551,0.961,13.42,Wed
squeeze_breakout,MSTR,2026-07-08,2026-07-08 13:30:00-04:00,94.9074,2026-07-08 13:50:00-04:00,93.9239,105,long,-103.27,-1.0363,20.0,squeeze breakout above upper band 94.84,stop,-3.739,1.309,1.546,0.61,0.322,4.039,0.0288,-0.067,0.549,0.987,13.5,Wed
high_break_trail,NVDA,2026-07-08,2026-07-08 12:50:00-04:00,200.3051,2026-07-08 13:55:00-04:00,201.8856,49,long,77.45,0.7891,65.0,"break of first-hour high 199.86, 2.0xATR trail",stop,-0.914,2.652,1.237,0.68,0.167,2.267,0.0263,0.075,0.413,0.967,12.83,Wed
rsi2_reversion,AMD,2026-07-08,2026-07-08 13:50:00-04:00,510.8403,2026-07-08 14:05:00-04:00,513.3882,19,long,48.41,0.4988,15.0,RSI(2)=8 dip above VWAP,signal,-2.278,1.196,0.001,9.68,0.171,3.106,-0.0136,-0.074,0.517,0.511,13.83,Wed
rsi2_reversion,MSTR,2026-07-08,2026-07-08 13:55:00-04:00,94.017,2026-07-08 14:05:00-04:00,94.2429,106,long,23.94,0.2402,10.0,RSI(2)=10 dip above VWAP,signal,-3.739,0.359,0.533,0.48,0.166,3.903,0.0292,-0.07,0.51,0.706,13.92,Wed
rsi2_reversion,COIN,2026-07-08,2026-07-08 13:50:00-04:00,159.7999,2026-07-08 14:05:00-04:00,160.3498,62,long,34.09,0.3441,15.0,RSI(2)=7 dip above VWAP,signal,-2.293,0.019,0.412,0.56,0.171,3.962,0.0154,-0.339,0.446,0.668,13.83,Wed
ema_crossover,COIN,2026-07-08,2026-07-08 12:10:00-04:00,160.3451,2026-07-08 14:25:00-04:00,159.1604,62,long,-73.45,-0.7389,135.0,EMA9/20 cross up above VWAP,signal,-2.293,0.36,0.883,0.53,-0.12,4.863,-0.0226,-0.399,0.73,0.769,12.17,Wed
ema_crossover,MSTR,2026-07-08,2026-07-08 12:05:00-04:00,93.6618,2026-07-08 14:35:00-04:00,93.7931,106,long,13.91,0.1402,150.0,EMA9/20 cross up above VWAP,signal,-3.739,-0.02,0.44,0.51,-0.202,4.784,-0.0091,-0.038,0.798,0.697,12.08,Wed
rsi2_reversion,AMD,2026-07-08,2026-07-08 14:35:00-04:00,511.3806,2026-07-08 14:40:00-04:00,512.7685,19,long,26.37,0.2714,5.0,RSI(2)=4 dip above VWAP,signal,-2.278,1.303,0.087,0.38,0.272,2.976,-0.0029,-0.084,0.447,0.533,14.58,Wed
rsi2_reversion,COIN,2026-07-08,2026-07-08 14:30:00-04:00,159.2296,2026-07-08 14:40:00-04:00,159.6701,62,long,27.31,0.2767,10.0,RSI(2)=9 dip above VWAP,signal,-2.293,-0.338,0.024,0.8,0.172,3.794,0.0134,-0.333,0.409,0.562,14.5,Wed
ema_crossover,COIN,2026-07-08,2026-07-08 15:10:00-04:00,160.01,2026-07-08 15:15:00-04:00,159.5302,62,long,-29.75,-0.2998,5.0,EMA9/20 cross up above VWAP,signal,-2.293,0.15,0.493,0.56,0.233,3.594,0.012,-0.332,0.354,0.707,15.17,Wed
rsi2_reversion,PLTR,2026-07-08,2026-07-08 15:05:00-04:00,130.2351,2026-07-08 15:20:00-04:00,130.3848,76,long,11.38,0.1149,15.0,RSI(2)=6 dip above VWAP,signal,-3.524,0.463,1.16,0.59,0.288,2.64,0.0315,-0.389,0.279,0.82,15.08,Wed
orb,PLTR,2026-07-08,2026-07-08 09:55:00-04:00,126.9065,2026-07-08 15:25:00-04:00,131.0755,78,short,-325.18,-3.2851,330.0,break of opening range low 127.02,stop,-3.524,-2.105,-1.168,0.57,0.116,6.777,-0.1531,-0.626,1.834,0.044,9.92,Wed
squeeze_breakout,PLTR,2026-07-08,2026-07-08 13:20:00-04:00,129.7148,2026-07-08 15:30:00-04:00,131.2737,77,long,120.03,1.2018,130.0,squeeze breakout above upper band 129.55,target,-3.524,0.062,0.936,0.65,0.307,3.084,0.0223,-0.421,0.406,0.698,13.33,Wed
ema_crossover,TSLA,2026-07-08,2026-07-08 13:50:00-04:00,392.5236,2026-07-08 15:35:00-04:00,393.1065,25,short,-14.57,-0.1485,105.0,EMA9/20 cross down below VWAP,signal,-0.895,-1.716,-0.524,0.89,0.171,2.024,-0.0081,-0.334,0.267,0.18,13.83,Wed
squeeze_breakout,TSLA,2026-07-08,2026-07-08 13:50:00-04:00,392.5236,2026-07-08 15:45:00-04:00,394.2907,25,short,-44.18,-0.4502,115.0,squeeze breakdown below lower band 392.90,stop,-0.895,-1.716,-0.524,0.89,0.171,2.024,-0.0081,-0.334,0.267,0.18,13.83,Wed
high_break_trail,PLTR,2026-07-08,2026-07-08 15:30:00-04:00,131.2056,2026-07-08 15:45:00-04:00,131.5821,76,long,28.62,0.287,15.0,"break of first-hour high 131.01, 2.0xATR trail",stop,-3.524,1.212,1.822,1.01,0.237,2.648,0.0332,-0.334,0.307,0.856,15.5,Wed
squeeze_breakout,COIN,2026-07-08,2026-07-08 15:25:00-04:00,160.7754,2026-07-08 15:45:00-04:00,159.7183,62,long,-65.54,-0.6575,20.0,squeeze breakout above upper band 160.51,stop,-2.293,0.629,0.943,1.26,0.273,3.558,0.0131,-0.317,0.351,0.849,15.42,Wed
rsi2_reversion,TSLA,2026-07-08,2026-07-08 15:10:00-04:00,392.0789,2026-07-08 15:50:00-04:00,396.1976,25,short,-102.97,-1.0505,40.0,RSI(2)=94 rip below VWAP,stop,-0.895,-1.827,-0.514,0.66,0.233,1.857,-0.0121,-0.314,0.228,0.172,15.17,Wed
vwap_pullback,AMD,2026-07-08,2026-07-08 12:50:00-04:00,511.7557,2026-07-08 15:50:00-04:00,517.0322,19,long,100.25,1.0311,180.0,bounce off session VWAP 510.52,target,-2.278,1.377,0.237,0.32,0.167,3.321,-0.05,-0.107,0.694,0.548,12.83,Wed
vwap_pullback,TSLA,2026-07-08,2026-07-08 12:25:00-04:00,393.4482,2026-07-08 15:50:00-04:00,396.1038,25,short,-66.39,-0.675,205.0,rejection at session VWAP 394.72,stop,-0.895,-1.484,-0.318,0.46,-0.008,2.301,-0.0272,-0.401,0.347,0.287,12.42,Wed
squeeze_breakout,MSTR,2026-07-08,2026-07-08 15:30:00-04:00,94.8474,2026-07-08 15:50:00-04:00,94.0389,105,long,-84.89,-0.8524,20.0,squeeze breakout above upper band 94.57,stop,-3.739,1.245,1.307,1.18,0.237,3.522,0.0221,-0.074,0.469,0.941,15.5,Wed
ema_crossover,MSTR,2026-07-08,2026-07-08 15:25:00-04:00,94.4672,2026-07-08 15:50:00-04:00,93.7731,105,long,-72.88,-0.7348,25.0,EMA9/20 cross up above VWAP,stop,-3.739,0.839,0.922,0.53,0.273,3.546,0.0215,-0.077,0.476,0.848,15.42,Wed
high_break_trail,TSLA,2026-07-08,2026-07-08 10:50:00-04:00,391.9138,2026-07-08 15:50:00-04:00,395.9773,25,short,-101.59,-1.0368,300.0,"break of first-hour low 393.41, 2.0xATR trail",stop,-0.895,-1.868,-0.949,0.98,-0.14,3.114,-0.0642,-0.458,0.66,-0.001,10.83,Wed
orb,NVDA,2026-07-08,2026-07-08 11:00:00-04:00,198.8844,2026-07-08 15:55:00-04:00,204.0479,50,long,258.18,2.5962,295.0,break of opening range high 198.47,eod,-0.914,1.924,0.683,2.2,-0.218,2.652,-0.0021,-0.071,0.806,0.795,11.0,Wed
news_momentum,NVDA,2026-07-08,2026-07-08 13:30:00-04:00,203.1915,2026-07-08 15:55:00-04:00,204.0479,49,long,41.96,0.4215,145.0,fresh headline <45m + breakout on volume,eod,-0.914,4.131,2.364,1.51,0.322,2.331,0.0479,0.044,0.392,1.005,13.5,Wed
squeeze_breakout,NVDA,2026-07-08,2026-07-08 14:55:00-04:00,203.6668,2026-07-08 15:55:00-04:00,204.0479,49,long,18.68,0.1871,60.0,squeeze breakout above upper band 203.56,eod,-0.914,4.375,2.109,1.6,0.292,2.155,0.0574,0.07,0.327,0.941,14.92,Wed
orb,TSLA,2026-07-08,2026-07-08 09:55:00-04:00,394.5526,2026-07-08 15:55:00-04:00,394.0669,25,short,12.14,0.1231,360.0,break of opening range low 394.93,eod,-0.895,-1.207,-0.583,0.72,0.116,3.809,-0.1246,-0.349,0.881,0.137,9.92,Wed
orb,COIN,2026-07-08,2026-07-08 10:20:00-04:00,157.851,2026-07-08 15:55:00-04:00,159.4197,63,short,-98.82,-0.9937,335.0,break of opening range low 158.15,eod,-2.293,-1.201,-1.129,0.9,0.085,5.787,-0.103,-0.584,1.419,0.128,10.33,Wed
vwap_pullback,COIN,2026-07-08,2026-07-08 12:10:00-04:00,160.3451,2026-07-08 15:55:00-04:00,159.2603,62,long,-67.26,-0.6765,225.0,bounce off session VWAP 158.90,eod,-2.293,0.36,0.883,0.53,-0.12,4.863,-0.0226,-0.399,0.73,0.769,12.17,Wed
ar_forecast,NVDA,2026-07-09,2026-07-09 10:35:00-04:00,199.7801,2026-07-09 10:45:00-04:00,200.8504,50,short,-53.52,-0.5357,10.0,AR(12) forecasts -0.23% over 6 bars,signal,0.152,-2.289,-0.884,0.54,0.141,2.571,-0.1249,0.072,0.67,0.148,10.58,Thu
ar_forecast,COIN,2026-07-09,2026-07-09 10:35:00-04:00,157.2686,2026-07-09 10:45:00-04:00,157.7311,63,long,29.14,0.2941,10.0,AR(12) forecasts +0.33% over 6 bars,signal,-1.927,0.639,-0.066,0.43,0.141,5.323,-0.0266,-0.245,1.156,0.517,10.58,Thu
ar_forecast,MSTR,2026-07-09,2026-07-09 10:35:00-04:00,94.5873,2026-07-09 10:45:00-04:00,94.7226,105,long,14.21,0.1431,10.0,AR(12) forecasts +0.52% over 6 bars,signal,-0.341,1.163,-0.399,0.35,0.141,6.486,-0.0423,0.445,1.131,0.442,10.58,Thu
ar_forecast,AMD,2026-07-09,2026-07-09 10:35:00-04:00,556.6016,2026-07-09 10:55:00-04:00,554.619,17,short,33.7,0.3562,20.0,AR(12) forecasts -0.48% over 6 bars,signal,3.834,3.587,1.159,0.7,0.141,4.812,0.1181,-0.14,1.502,0.912,10.58,Thu
vwap_pullback,TSLA,2026-07-09,2026-07-09 10:20:00-04:00,392.1338,2026-07-09 10:55:00-04:00,395.7105,25,short,-89.42,-0.9121,35.0,rejection at session VWAP 394.33,stop,0.017,-0.458,-0.537,0.79,-0.054,3.836,0.0124,0.269,0.874,0.167,10.33,Thu
vwap_pullback,COIN,2026-07-09,2026-07-09 10:45:00-04:00,157.8889,2026-07-09 10:55:00-04:00,159.7562,63,long,117.64,1.1827,10.0,bounce off session VWAP 157.39,target,-1.927,1.036,0.311,0.37,0.094,4.933,-0.0161,-0.241,1.069,0.646,10.75,Thu
ar_forecast,PLTR,2026-07-09,2026-07-09 10:35:00-04:00,125.7371,2026-07-09 11:00:00-04:00,125.7929,79,short,-4.41,-0.0444,25.0,AR(12) forecasts -0.36% over 6 bars,signal,-3.288,-1.67,-0.926,0.55,0.141,4.618,-0.1152,0.23,1.325,0.243,10.58,Thu
ar_forecast,MSTR,2026-07-09,2026-07-09 10:50:00-04:00,95.0125,2026-07-09 11:05:00-04:00,96.0106,105,short,-104.8,-1.0505,15.0,AR(12) forecasts -0.20% over 6 bars,stop,-0.341,1.618,0.047,0.29,0.083,5.934,-0.0381,0.372,1.045,0.549,10.83,Thu
ar_forecast,TSLA,2026-07-09,2026-07-09 10:55:00-04:00,395.6498,2026-07-09 11:05:00-04:00,396.1104,25,long,11.52,0.1164,10.0,AR(12) forecasts +0.19% over 6 bars,signal,0.017,0.435,0.34,0.5,0.185,3.344,0.0145,0.012,0.661,0.63,10.92,Thu
ar_forecast,AMD,2026-07-09,2026-07-09 11:00:00-04:00,554.0769,2026-07-09 11:05:00-04:00,555.3668,18,long,23.22,0.2328,5.0,AR(12) forecasts +0.16% over 6 bars,signal,3.834,3.117,0.579,0.31,0.202,4.481,0.0747,-0.133,1.259,0.777,11.0,Thu
rsi2_reversion,NVDA,2026-07-09,2026-07-09 10:50:00-04:00,201.0794,2026-07-09 11:15:00-04:00,201.4707,49,short,-19.17,-0.1946,25.0,RSI(2)=93 rip below VWAP,signal,0.152,-1.653,-0.196,0.52,0.083,2.495,-0.0723,0.187,0.62,0.384,10.83,Thu
ar_forecast,NVDA,2026-07-09,2026-07-09 10:50:00-04:00,201.2806,2026-07-09 11:20:00-04:00,201.1794,49,long,-4.96,-0.0503,30.0,AR(12) forecasts +0.23% over 6 bars,signal,0.152,-1.555,-0.096,0.52,0.083,2.495,-0.0723,0.187,0.62,0.421,10.83,Thu
vwap_pullback,NVDA,2026-07-09,2026-07-09 11:20:00-04:00,201.1794,2026-07-09 11:25:00-04:00,202.1764,49,short,-48.86,-0.4956,5.0,rejection at session VWAP 201.47,stop,0.152,-1.605,-0.145,0.44,0.341,2.377,-0.0167,0.129,0.504,0.402,11.33,Thu
ema_crossover,NVDA,2026-07-09,2026-07-09 11:30:00-04:00,201.8409,2026-07-09 11:35:00-04:00,201.1694,49,long,-32.9,-0.3327,5.0,EMA9/20 cross up above VWAP,signal,0.152,-1.281,0.18,0.47,0.298,2.296,-0.01,0.115,0.475,0.523,11.5,Thu
vwap_pullback,PLTR,2026-07-09,2026-07-09 10:25:00-04:00,125.3272,2026-07-09 11:35:00-04:00,127.5237,79,short,-173.52,-1.7526,70.0,rejection at session VWAP 127.08,stop,-3.288,-1.99,-1.307,1.19,0.071,4.713,-0.1195,0.189,1.43,0.135,10.42,Thu
ar_forecast,PLTR,2026-07-09,2026-07-09 11:10:00-04:00,126.153,2026-07-09 11:40:00-04:00,127.3663,79,long,95.85,0.9617,30.0,AR(12) forecasts +0.33% over 6 bars,signal,-3.288,-1.344,-0.459,0.51,0.248,3.997,-0.0898,0.086,0.96,0.352,11.17,Thu
rsi2_reversion,AMD,2026-07-09,2026-07-09 11:40:00-04:00,553.6467,2026-07-09 11:50:00-04:00,554.2528,18,long,10.91,0.1095,10.0,RSI(2)=8 dip above VWAP,signal,3.834,3.037,0.437,0.27,0.369,3.788,0.031,-0.114,0.839,0.759,11.67,Thu
ar_forecast,COIN,2026-07-09,2026-07-09 11:20:00-04:00,159.7048,2026-07-09 11:50:00-04:00,160.1399,62,long,26.97,0.2724,30.0,AR(12) forecasts +0.63% over 6 bars,signal,-1.927,2.198,1.125,0.47,0.341,4.48,0.0585,-0.162,0.868,0.784,11.33,Thu
rsi2_reversion,PLTR,2026-07-09,2026-07-09 11:20:00-04:00,126.2968,2026-07-09 11:55:00-04:00,126.9835,79,short,-54.24,-0.5437,35.0,RSI(2)=93 rip below VWAP,signal,-3.288,-1.232,-0.334,0.46,0.341,3.825,-0.0723,0.096,0.876,0.389,11.33,Thu
vwap_pullback,TSLA,2026-07-09,2026-07-09 11:00:00-04:00,395.9078,2026-07-09 12:15:00-04:00,401.2719,25,long,134.1,1.3549,75.0,bounce off session VWAP 394.31,target,0.017,0.5,0.391,0.52,0.202,3.252,0.0197,0.012,0.637,0.664,11.0,Thu
ar_forecast,TSLA,2026-07-09,2026-07-09 11:45:00-04:00,397.3084,2026-07-09 12:15:00-04:00,400.8495,25,long,88.53,0.8913,30.0,AR(12) forecasts +0.15% over 6 bars,signal,0.017,0.856,0.62,0.62,0.376,2.936,0.0307,-0.006,0.485,0.706,11.75,Thu
vwap_pullback,MSTR,2026-07-09,2026-07-09 11:00:00-04:00,95.3977,2026-07-09 12:20:00-04:00,94.6391,104,long,-78.89,-0.7951,80.0,bounce off session VWAP 94.97,stop,-0.341,2.03,0.44,0.23,0.202,5.589,-0.0233,0.356,0.972,0.646,11.0,Thu
rsi2_reversion,MSTR,2026-07-09,2026-07-09 12:15:00-04:00,95.2876,2026-07-09 12:25:00-04:00,94.2876,104,long,-104.0,-1.0495,10.0,RSI(2)=10 dip above VWAP,stop,-0.341,1.912,0.07,0.47,0.429,4.525,0.0157,0.341,0.704,0.619,12.25,Thu
high_break_trail,TSLA,2026-07-09,2026-07-09 11:50:00-04:00,400.0499,2026-07-09 12:30:00-04:00,397.9515,24,long,-50.36,-0.5246,40.0,"break of first-hour high 398.46, 2.0xATR trail",stop,0.017,1.551,1.25,1.2,0.344,2.903,0.0348,-0.05,0.481,0.957,11.83,Thu
rsi2_reversion,TSLA,2026-07-09,2026-07-09 12:35:00-04:00,398.6491,2026-07-09 12:40:00-04:00,399.5125,25,long,21.59,0.2166,5.0,RSI(2)=9 dip above VWAP,signal,0.017,1.196,0.613,0.55,0.432,2.713,0.0475,-0.001,0.405,0.697,12.58,Thu
rsi2_reversion,AMD,2026-07-09,2026-07-09 12:25:00-04:00,553.4216,2026-07-09 12:45:00-04:00,552.2137,18,long,-21.74,-0.2183,20.0,RSI(2)=4 dip above VWAP,signal,3.834,2.995,0.323,0.4,0.44,3.391,0.0173,-0.078,0.621,0.75,12.42,Thu
rsi2_reversion,NVDA,2026-07-09,2026-07-09 12:45:00-04:00,201.8609,2026-07-09 12:55:00-04:00,201.8791,49,long,0.89,0.009,10.0,RSI(2)=6 dip above VWAP,signal,0.152,-1.271,0.146,0.33,0.419,1.882,0.0107,0.074,0.286,0.527,12.75,Thu
vwap_pullback,AMD,2026-07-09,2026-07-09 10:30:00-04:00,555.2925,2026-07-09 13:30:00-04:00,547.6967,18,long,-136.72,-1.3679,180.0,bounce off session VWAP 549.62,stop,3.834,3.343,0.968,0.65,0.04,5.023,0.1126,-0.143,1.556,0.856,10.5,Thu
squeeze_breakout,MSTR,2026-07-09,2026-07-09 12:25:00-04:00,94.5727,2026-07-09 13:40:00-04:00,95.6865,105,short,-116.95,-1.1778,75.0,squeeze breakdown below lower band 94.73,stop,-0.341,1.147,-0.653,0.37,0.44,4.42,0.0042,0.351,0.687,0.438,12.42,Thu
rsi2_reversion,MSTR,2026-07-09,2026-07-09 13:30:00-04:00,94.9225,2026-07-09 13:45:00-04:00,95.9197,105,short,-104.7,-1.0505,15.0,RSI(2)=91 rip below VWAP,stop,-0.341,1.521,-0.222,0.45,0.573,3.858,-0.0165,0.325,0.492,0.527,13.5,Thu
ema_crossover,MSTR,2026-07-09,2026-07-09 12:20:00-04:00,94.7576,2026-07-09 13:45:00-04:00,95.7478,105,short,-103.98,-1.045,85.0,EMA9/20 cross down below VWAP,signal,-0.341,1.345,-0.481,0.57,0.462,4.468,0.01,0.347,0.692,0.485,12.33,Thu
rsi2_reversion,COIN,2026-07-09,2026-07-09 14:05:00-04:00,159.2096,2026-07-09 14:10:00-04:00,160.1299,62,long,57.06,0.5781,5.0,RSI(2)=5 dip above VWAP,signal,-1.927,1.881,0.443,0.83,0.582,3.253,0.023,-0.165,0.416,0.705,14.08,Thu
squeeze_breakout,AMD,2026-07-09,2026-07-09 12:30:00-04:00,551.3742,2026-07-09 14:25:00-04:00,545.2392,18,short,110.43,1.1127,115.0,squeeze breakdown below lower band 552.17,target,3.834,2.614,-0.047,0.4,0.419,3.358,0.0132,-0.062,0.616,0.666,12.5,Thu
orb,PLTR,2026-07-09,2026-07-09 10:25:00-04:00,125.3272,2026-07-09 14:30:00-04:00,128.5035,79,short,-250.93,-2.5344,245.0,break of opening range low 125.69,stop,-3.288,-1.99,-1.307,1.19,0.071,4.713,-0.1195,0.189,1.43,0.135,10.42,Thu
gap_and_go,PLTR,2026-07-09,2026-07-09 10:25:00-04:00,125.3272,2026-07-09 14:30:00-04:00,128.5035,79,short,-250.93,-2.5344,245.0,"gap -3.3%, break of opening low 125.69",stop,-3.288,-1.99,-1.307,1.19,0.071,4.713,-0.1195,0.189,1.43,0.135,10.42,Thu
squeeze_breakout,NVDA,2026-07-09,2026-07-09 14:45:00-04:00,204.092,2026-07-09 15:00:00-04:00,203.1532,48,long,-45.06,-0.46,15.0,squeeze breakout above upper band 203.91,stop,0.152,-0.18,1.079,0.63,0.527,1.66,0.0224,0.051,0.214,0.933,14.75,Thu
ema_crossover,COIN,2026-07-09,2026-07-09 14:10:00-04:00,160.2901,2026-07-09 15:00:00-04:00,159.2903,62,long,-61.99,-0.6237,50.0,EMA9/20 cross up above VWAP,signal,-1.927,2.573,1.108,1.04,0.587,3.237,0.0236,-0.133,0.415,0.877,14.17,Thu
rsi2_reversion,AMD,2026-07-09,2026-07-09 14:50:00-04:00,546.8914,2026-07-09 15:05:00-04:00,544.4721,18,short,43.55,0.4424,15.0,RSI(2)=91 rip below VWAP,signal,3.834,1.779,-0.723,0.68,0.505,2.689,-0.023,-0.057,0.345,0.481,14.83,Thu
news_momentum,MSTR,2026-07-09,2026-07-09 14:10:00-04:00,95.8429,2026-07-09 15:15:00-04:00,94.8426,104,long,-104.04,-1.0437,65.0,fresh headline <45m + breakout on volume,stop,-0.341,2.506,0.697,1.67,0.587,3.763,-0.007,0.298,0.509,0.759,14.17,Thu
rsi2_reversion,NVDA,2026-07-09,2026-07-09 15:05:00-04:00,203.1165,2026-07-09 15:15:00-04:00,203.2883,49,long,8.42,0.0846,10.0,RSI(2)=8 dip above VWAP,signal,0.152,-0.657,0.569,0.68,0.459,1.639,0.0218,0.04,0.207,0.755,15.08,Thu
orb,NVDA,2026-07-09,2026-07-09 10:05:00-04:00,200.8995,2026-07-09 15:20:00-04:00,204.5622,49,short,-179.47,-1.8232,315.0,break of opening range low 201.54,stop,0.152,-1.741,-0.712,0.69,0.083,2.538,-0.1703,0.373,0.8,0.209,10.08,Thu
rsi2_reversion,COIN,2026-07-09,2026-07-09 14:55:00-04:00,159.6198,2026-07-09 15:40:00-04:00,158.9805,62,long,-39.64,-0.4005,45.0,RSI(2)=9 dip above VWAP,signal,-1.927,2.144,0.605,0.57,0.495,3.073,0.02,-0.12,0.371,0.771,14.92,Thu
squeeze_breakout,AMD,2026-07-09,2026-07-09 15:05:00-04:00,543.9279,2026-07-09 15:45:00-04:00,547.2834,18,short,-60.4,-0.6169,40.0,squeeze breakdown below lower band 544.29,stop,3.834,1.228,-1.235,0.72,0.459,2.774,-0.024,-0.103,0.389,0.359,15.08,Thu
squeeze_breakout,NVDA,2026-07-09,2026-07-09 15:20:00-04:00,204.3671,2026-07-09 15:50:00-04:00,203.3544,48,long,-48.61,-0.4955,30.0,squeeze breakout above upper band 204.09,stop,0.152,-0.045,1.15,1.0,0.512,1.668,0.0222,0.044,0.219,0.962,15.33,Thu
vwap_pullback,MSTR,2026-07-09,2026-07-09 13:45:00-04:00,95.7478,2026-07-09 15:50:00-04:00,94.8099,104,long,-97.54,-0.9795,125.0,bounce off session VWAP 95.14,stop,-0.341,2.404,0.629,1.01,0.601,3.782,-0.0121,0.322,0.495,0.735,13.75,Thu
squeeze_breakout,MSTR,2026-07-09,2026-07-09 13:45:00-04:00,95.7478,2026-07-09 15:50:00-04:00,94.7891,104,long,-99.71,-1.0013,125.0,squeeze breakout above upper band 95.62,stop,-0.341,2.404,0.629,1.01,0.601,3.782,-0.0121,0.322,0.495,0.735,13.75,Thu
ema_crossover,PLTR,2026-07-09,2026-07-09 11:40:00-04:00,127.4937,2026-07-09 15:55:00-04:00,128.9855,78,long,116.36,1.1701,255.0,EMA9/20 cross up above VWAP,eod,-3.288,-0.296,0.597,0.64,0.369,3.728,-0.0355,0.048,0.751,0.703,11.67,Thu
squeeze_breakout,TSLA,2026-07-09,2026-07-09 13:20:00-04:00,405.3026,2026-07-09 15:55:00-04:00,406.3367,24,long,24.82,0.2552,155.0,squeeze breakout above upper band 404.89,eod,0.017,2.885,2.01,0.99,0.549,2.602,0.0589,-0.015,0.353,0.989,13.33,Thu
ema_crossover,AMD,2026-07-09,2026-07-09 12:30:00-04:00,551.3742,2026-07-09 15:55:00-04:00,546.9333,18,short,79.94,0.8054,205.0,EMA9/20 cross down below VWAP,eod,3.834,2.614,-0.047,0.4,0.419,3.358,0.0132,-0.062,0.616,0.666,12.5,Thu
ema_crossover,MSTR,2026-07-09,2026-07-09 15:20:00-04:00,94.9925,2026-07-09 15:55:00-04:00,93.9069,105,short,113.98,1.1428,35.0,EMA9/20 cross down below VWAP,eod,-0.341,1.596,-0.225,0.59,0.512,3.585,-0.0016,0.24,0.44,0.544,15.33,Thu
orb,TSLA,2026-07-09,2026-07-09 10:05:00-04:00,398.249,2026-07-09 15:55:00-04:00,406.3367,25,long,202.19,2.0308,350.0,break of opening range high 395.82,eod,0.017,1.094,0.962,1.02,0.083,3.648,0.1603,-0.228,0.951,0.972,10.08,Thu
orb,COIN,2026-07-09,2026-07-09 09:55:00-04:00,159.5897,2026-07-09 15:55:00-04:00,158.4008,62,long,-73.72,-0.745,360.0,break of opening range high 159.13,eod,-1.927,2.124,1.501,0.56,0.177,6.345,0.3004,-0.747,1.55,1.0,9.92,Thu
high_break_trail,COIN,2026-07-09,2026-07-09 11:00:00-04:00,159.7899,2026-07-09 15:55:00-04:00,158.4008,62,long,-86.12,-0.8693,295.0,"break of first-hour high 159.59, 2.0xATR trail",eod,-1.927,2.252,1.416,0.46,0.202,4.8,0.0291,-0.172,0.97,0.884,11.0,Thu
high_break_trail,PLTR,2026-07-09,2026-07-09 14:50:00-04:00,128.7043,2026-07-09 15:55:00-04:00,128.9855,77,long,21.65,0.2185,65.0,"break of first-hour high 128.63, 2.0xATR trail",eod,-3.288,0.651,1.37,0.65,0.505,2.537,0.021,0.053,0.261,0.993,14.83,Thu
orb,MSTR,2026-07-09,2026-07-09 09:55:00-04:00,96.3181,2026-07-09 15:55:00-04:00,93.8131,103,long,-258.02,-2.6008,360.0,break of opening range high 96.20,eod,-0.341,3.014,1.659,0.66,0.177,6.754,0.526,0.14,1.405,0.948,9.92,Thu
squeeze_breakout,PLTR,2026-07-09,2026-07-09 14:35:00-04:00,128.5543,2026-07-09 15:55:00-04:00,128.9855,77,long,33.2,0.3354,80.0,squeeze breakout above upper band 128.45,eod,-3.288,0.534,1.285,0.69,0.508,2.595,0.0188,0.054,0.274,0.98,14.58,Thu
orb,AMD,2026-07-09,2026-07-09 09:55:00-04:00,553.7467,2026-07-09 15:55:00-04:00,546.3866,18,long,-132.48,-1.3291,360.0,break of opening range high 550.30,eod,3.834,3.055,1.145,0.7,0.177,5.02,0.3246,-0.474,2.02,0.813,9.92,Thu
vwap_pullback,TSLA,2026-07-10,2026-07-10 10:15:00-04:00,410.8653,2026-07-10 10:20:00-04:00,407.8352,24,long,-72.72,-0.7375,5.0,bounce off session VWAP 409.27,stop,0.972,0.091,0.387,0.64,0.084,4.215,0.0368,-0.323,0.971,0.776,10.25,Fri
ar_forecast,COIN,2026-07-10,2026-07-10 10:35:00-04:00,160.6103,2026-07-10 10:45:00-04:00,160.7696,62,long,9.88,0.0992,10.0,AR(12) forecasts +0.36% over 6 bars,signal,5.007,-3.488,-2.029,0.75,-0.048,4.407,-0.2161,-0.169,1.262,0.177,10.58,Fri
ar_forecast,MSTR,2026-07-10,2026-07-10 10:35:00-04:00,95.4777,2026-07-10 10:50:00-04:00,95.6871,104,long,21.78,0.2193,15.0,AR(12) forecasts +0.35% over 6 bars,signal,5.215,-3.319,-2.611,0.96,-0.048,3.956,-0.3004,-0.376,1.225,0.126,10.58,Fri
ar_forecast,COIN,2026-07-10,2026-07-10 10:50:00-04:00,160.9995,2026-07-10 10:55:00-04:00,160.17,62,short,51.42,0.5152,5.0,AR(12) forecasts -0.24% over 6 bars,signal,5.007,-3.254,-1.711,0.19,-0.013,4.206,-0.1797,-0.102,1.123,0.221,10.83,Fri
ar_forecast,PLTR,2026-07-10,2026-07-10 10:35:00-04:00,126.5933,2026-07-10 10:55:00-04:00,126.2272,78,long,-28.56,-0.2892,20.0,AR(12) forecasts +0.27% over 6 bars,signal,2.394,-4.198,-1.609,1.16,-0.048,3.123,-0.2053,0.016,1.05,0.127,10.58,Fri
ar_forecast,AMD,2026-07-10,2026-07-10 10:35:00-04:00,547.4561,2026-07-10 10:55:00-04:00,547.1635,18,short,5.27,0.0535,20.0,AR(12) forecasts -0.31% over 6 bars,signal,-0.724,0.876,-0.368,1.05,-0.048,4.987,-0.0384,0.016,1.483,0.465,10.58,Fri
ar_forecast,TSLA,2026-07-10,2026-07-10 10:40:00-04:00,408.6241,2026-07-10 11:00:00-04:00,406.5666,24,long,-49.38,-0.5035,20.0,AR(12) forecasts +0.21% over 6 bars,signal,0.972,-0.455,-0.023,0.58,0.008,3.575,-0.0232,-0.179,0.882,0.595,10.67,Fri
ar_forecast,AMD,2026-07-10,2026-07-10 11:00:00-04:00,545.5626,2026-07-10 11:10:00-04:00,546.6266,18,long,19.15,0.195,10.0,AR(12) forecasts +0.15% over 6 bars,signal,-0.724,0.527,-0.658,0.43,-0.142,4.371,-0.049,0.04,1.201,0.346,11.0,Fri
rsi2_reversion,NVDA,2026-07-10,2026-07-10 10:55:00-04:00,206.5332,2026-07-10 11:10:00-04:00,207.0664,48,long,25.59,0.2582,15.0,RSI(2)=7 dip above VWAP,signal,-0.4,2.285,0.229,0.47,-0.11,3.254,0.0603,-0.127,0.718,0.742,10.92,Fri
ar_forecast,NVDA,2026-07-10,2026-07-10 10:40:00-04:00,207.4687,2026-07-10 11:10:00-04:00,207.0664,48,long,-19.31,-0.1939,30.0,AR(12) forecasts +0.23% over 6 bars,signal,-0.4,2.748,0.705,0.51,0.008,3.468,0.1044,-0.219,0.816,0.892,10.67,Fri
ar_forecast,MSTR,2026-07-10,2026-07-10 11:00:00-04:00,94.7974,2026-07-10 11:20:00-04:00,94.6427,105,long,-16.25,-0.1632,20.0,AR(12) forecasts +0.31% over 6 bars,signal,5.215,-4.008,-2.972,0.53,-0.142,3.558,-0.2624,-0.227,1.044,0.051,11.0,Fri
vwap_pullback,TSLA,2026-07-10,2026-07-10 10:25:00-04:00,406.9914,2026-07-10 11:30:00-04:00,410.5459,24,short,-85.31,-0.8733,65.0,rejection at session VWAP 409.11,stop,0.972,-0.852,-0.495,1.01,0.071,3.951,-0.0107,-0.132,0.935,0.271,10.42,Fri
ema_crossover,AMD,2026-07-10,2026-07-10 11:35:00-04:00,552.9213,2026-07-10 11:40:00-04:00,546.2268,18,long,-120.5,-1.2108,5.0,EMA9/20 cross up above VWAP,stop,-0.724,1.883,0.66,0.59,0.051,4.125,-0.0103,0.022,0.93,0.809,11.58,Fri
ema_crossover,TSLA,2026-07-10,2026-07-10 11:35:00-04:00,410.6658,2026-07-10 11:45:00-04:00,407.3462,24,long,-79.67,-0.8084,10.0,EMA9/20 cross up above VWAP,signal,0.972,0.043,0.519,0.85,0.051,3.199,-0.0104,-0.173,0.618,0.804,11.58,Fri
ar_forecast,TSLA,2026-07-10,2026-07-10 11:25:00-04:00,409.4346,2026-07-10 11:45:00-04:00,407.3462,24,long,-50.12,-0.5101,20.0,AR(12) forecasts +0.22% over 6 bars,signal,0.972,-0.257,0.235,0.56,0.16,3.163,-0.0188,-0.14,0.644,0.678,11.42,Fri
ar_forecast,PLTR,2026-07-10,2026-07-10 11:15:00-04:00,126.5005,2026-07-10 11:45:00-04:00,126.1669,79,long,-26.36,-0.2637,30.0,AR(12) forecasts +0.21% over 6 bars,signal,2.394,-4.268,-1.309,0.45,0.085,2.871,-0.1396,0.122,0.768,0.112,11.25,Fri
ar_forecast,NVDA,2026-07-10,2026-07-10 11:20:00-04:00,207.8939,2026-07-10 11:50:00-04:00,209.1554,48,long,60.55,0.6068,30.0,AR(12) forecasts +0.16% over 6 bars,signal,-0.4,2.959,0.806,0.7,0.13,3.03,0.049,-0.125,0.592,0.938,11.33,Fri
rsi2_reversion,PLTR,2026-07-10,2026-07-10 12:00:00-04:00,127.0364,2026-07-10 12:20:00-04:00,127.0633,78,short,-2.09,-0.0211,20.0,RSI(2)=91 rip below VWAP,signal,2.394,-3.862,-0.67,0.48,0.148,2.863,-0.0771,0.081,0.575,0.195,12.0,Fri
rsi2_reversion,MSTR,2026-07-10,2026-07-10 12:15:00-04:00,94.9225,2026-07-10 12:25:00-04:00,94.7774,105,short,15.24,0.1529,10.0,RSI(2)=95 rip below VWAP,signal,5.215,-3.881,-2.083,0.54,0.203,3.773,-0.146,-0.056,0.724,0.195,12.25,Fri
rsi2_reversion,MSTR,2026-07-10,2026-07-10 13:00:00-04:00,95.0075,2026-07-10 13:10:00-04:00,94.3321,105,short,70.91,0.7108,10.0,RSI(2)=92 rip below VWAP,signal,5.215,-3.795,-1.782,0.39,0.221,3.614,-0.1,-0.003,0.591,0.209,13.0,Fri
rsi2_reversion,COIN,2026-07-10,2026-07-10 12:55:00-04:00,160.6996,2026-07-10 13:10:00-04:00,159.5998,62,short,68.19,0.6844,15.0,RSI(2)=95 rip below VWAP,signal,5.007,-3.434,-1.18,0.62,0.261,3.456,-0.0633,0.041,0.541,0.199,12.92,Fri
high_break_trail,TSLA,2026-07-10,2026-07-10 12:55:00-04:00,412.8963,2026-07-10 13:10:00-04:00,409.1614,24,long,-89.64,-0.9046,15.0,"break of first-hour high 412.58, 2.0xATR trail",stop,0.972,0.586,0.93,1.12,0.261,2.742,0.019,-0.184,0.397,0.975,12.92,Fri
rsi2_reversion,PLTR,2026-07-10,2026-07-10 12:40:00-04:00,127.4163,2026-07-10 13:10:00-04:00,127.6238,78,short,-16.19,-0.1629,30.0,RSI(2)=92 rip below VWAP,signal,2.394,-3.575,-0.324,0.37,0.209,2.632,-0.039,0.111,0.419,0.253,12.67,Fri
rsi2_reversion,AMD,2026-07-10,2026-07-10 13:05:00-04:00,552.1726,2026-07-10 13:15:00-04:00,553.688,18,long,27.28,0.2745,10.0,RSI(2)=3 dip above VWAP,signal,-0.724,1.745,0.394,0.38,0.211,3.278,0.0206,0.071,0.49,0.746,13.08,Fri
rsi2_reversion,TSLA,2026-07-10,2026-07-10 13:10:00-04:00,410.6053,2026-07-10 13:25:00-04:00,409.9399,24,long,-15.97,-0.162,15.0,RSI(2)=7 dip above VWAP,signal,0.972,0.028,0.353,0.69,0.233,2.725,0.0177,-0.119,0.401,0.753,13.17,Fri
vwap_pullback,AMD,2026-07-10,2026-07-10 12:00:00-04:00,551.195,2026-07-10 13:25:00-04:00,558.0554,18,long,123.49,1.2447,85.0,bounce off session VWAP 549.27,target,-0.724,1.565,0.345,0.33,0.148,3.825,-0.0029,0.071,0.773,0.7,12.0,Fri
ema_crossover,TSLA,2026-07-10,2026-07-10 11:55:00-04:00,409.9849,2026-07-10 13:35:00-04:00,408.9154,24,long,-25.67,-0.2609,100.0,EMA9/20 cross up above VWAP,signal,0.972,-0.123,0.35,0.79,0.102,3.065,-0.0047,-0.114,0.555,0.734,11.92,Fri
vwap_pullback,PLTR,2026-07-10,2026-07-10 13:10:00-04:00,127.4962,2026-07-10 13:40:00-04:00,126.1354,78,short,106.14,1.0673,30.0,rejection at session VWAP 127.82,target,2.394,-3.514,-0.243,0.54,0.233,2.52,-0.0214,0.129,0.367,0.266,13.17,Fri
rsi2_reversion,PLTR,2026-07-10,2026-07-10 14:10:00-04:00,126.3968,2026-07-10 14:15:00-04:00,126.153,79,short,19.25,0.1928,5.0,RSI(2)=90 rip below VWAP,signal,2.394,-4.346,-0.896,0.73,0.298,2.331,-0.0237,0.121,0.317,0.096,14.17,Fri
rsi2_reversion,NVDA,2026-07-10,2026-07-10 14:15:00-04:00,210.18,2026-07-10 14:20:00-04:00,210.2048,47,long,1.17,0.0118,5.0,RSI(2)=10 dip above VWAP,signal,-0.4,4.091,1.124,0.53,0.289,2.342,0.0455,-0.238,0.243,0.922,14.25,Fri
high_break_trail,AMD,2026-07-10,2026-07-10 13:25:00-04:00,556.7582,2026-07-10 14:20:00-04:00,554.8682,17,long,-32.13,-0.3395,55.0,"break of first-hour high 555.97, 2.0xATR trail",stop,-0.724,2.59,1.17,0.55,0.261,3.262,0.025,0.103,0.46,0.875,13.42,Fri
ema_crossover,COIN,2026-07-10,2026-07-10 13:15:00-04:00,158.9205,2026-07-10 14:35:00-04:00,160.2001,62,short,-79.33,-0.8052,80.0,EMA9/20 cross down below VWAP,signal,5.007,-4.503,-2.186,0.53,0.241,3.544,-0.0558,0.05,0.548,0.027,13.25,Fri
rsi2_reversion,AMD,2026-07-10,2026-07-10 14:00:00-04:00,557.9088,2026-07-10 14:35:00-04:00,555.9419,17,long,-33.44,-0.3526,35.0,RSI(2)=9 dip above VWAP,signal,-0.724,2.802,1.242,0.78,0.267,3.061,0.0335,0.102,0.374,0.884,14.0,Fri
squeeze_breakout,NVDA,2026-07-10,2026-07-10 13:45:00-04:00,210.8414,2026-07-10 14:35:00-04:00,209.8121,47,long,-48.38,-0.4882,50.0,squeeze breakout above upper band 210.72,stop,-0.4,4.418,1.541,0.58,0.298,2.451,0.0506,-0.258,0.265,0.996,13.75,Fri
rsi2_reversion,COIN,2026-07-10,2026-07-10 14:35:00-04:00,160.0399,2026-07-10 14:45:00-04:00,159.7198,62,short,19.85,0.2,10.0,RSI(2)=93 rip below VWAP,signal,5.007,-3.831,-1.248,0.51,0.314,3.213,-0.0378,0.031,0.39,0.147,14.58,Fri
rsi2_reversion,MSTR,2026-07-10,2026-07-10 14:35:00-04:00,94.7726,2026-07-10 14:45:00-04:00,94.4472,105,short,34.17,0.3433,10.0,RSI(2)=94 rip below VWAP,signal,5.215,-4.033,-1.635,0.52,0.314,3.493,-0.0616,-0.007,0.462,0.182,14.58,Fri
rsi2_reversion,NVDA,2026-07-10,2026-07-10 14:40:00-04:00,209.9699,2026-07-10 14:55:00-04:00,209.94,47,long,-1.41,-0.0143,15.0,RSI(2)=9 dip above VWAP,signal,-0.4,3.987,0.983,0.55,0.327,2.271,0.041,-0.23,0.222,0.898,14.67,Fri
rsi2_reversion,AMD,2026-07-10,2026-07-10 14:55:00-04:00,555.0674,2026-07-10 15:05:00-04:00,555.9919,18,long,16.64,0.1666,10.0,RSI(2)=8 dip above VWAP,signal,-0.724,2.279,0.651,0.44,0.325,2.818,0.0274,0.099,0.306,0.743,14.92,Fri
news_momentum,AMD,2026-07-10,2026-07-10 15:05:00-04:00,556.5482,2026-07-10 15:05:00-04:00,554.2727,17,long,-38.68,-0.4088,0.0,fresh headline <45m + breakout on volume,stop,-0.724,2.552,0.799,9.9,0.382,2.817,0.0262,0.08,0.315,0.817,15.08,Fri
squeeze_breakout,AMD,2026-07-10,2026-07-10 13:30:00-04:00,559.4696,2026-07-10 15:10:00-04:00,553.3122,17,long,-104.68,-1.1006,100.0,squeeze breakout above upper band 557.68,stop,-0.724,3.09,1.629,1.09,0.262,3.227,0.0271,0.096,0.447,0.979,13.5,Fri
ema_crossover,PLTR,2026-07-10,2026-07-10 13:25:00-04:00,126.6766,2026-07-10 15:15:00-04:00,126.8634,78,short,-14.57,-0.1474,110.0,EMA9/20 cross down below VWAP,signal,2.394,-4.135,-0.843,0.82,0.261,2.482,-0.0217,0.131,0.361,0.139,13.42,Fri
ema_crossover,COIN,2026-07-10,2026-07-10 14:55:00-04:00,159.1404,2026-07-10 15:15:00-04:00,159.9199,62,short,-48.33,-0.4898,20.0,EMA9/20 cross down below VWAP,signal,5.007,-4.371,-1.749,0.32,0.325,3.119,-0.0346,0.029,0.365,0.051,14.92,Fri
rsi2_reversion,COIN,2026-07-10,2026-07-10 15:15:00-04:00,159.7601,2026-07-10 15:20:00-04:00,159.5047,62,short,15.83,0.1598,5.0,RSI(2)=90 rip below VWAP,signal,5.007,-3.999,-1.332,0.44,0.395,3.062,-0.0311,0.033,0.343,0.117,15.25,Fri
ema_crossover,MSTR,2026-07-10,2026-07-10 14:50:00-04:00,93.873,2026-07-10 15:45:00-04:00,94.6373,106,short,-81.01,-0.8141,55.0,EMA9/20 cross down below VWAP,signal,5.215,-4.944,-2.499,0.92,0.335,3.451,-0.0584,0.006,0.456,0.045,14.83,Fri
squeeze_breakout,PLTR,2026-07-10,2026-07-10 13:30:00-04:00,126.3468,2026-07-10 15:50:00-04:00,127.2911,79,short,-74.6,-0.7474,140.0,squeeze breakdown below lower band 126.46,stop,2.394,-4.384,-1.062,0.68,0.262,2.461,-0.0218,0.123,0.348,0.089,13.5,Fri
high_break_trail,NVDA,2026-07-10,2026-07-10 11:25:00-04:00,208.3841,2026-07-10 15:55:00-04:00,210.8445,47,long,115.64,1.1807,270.0,"break of first-hour high 208.14, 2.0xATR trail",eod,-0.4,3.201,1.001,0.89,0.16,2.962,0.0524,-0.122,0.569,0.94,11.42,Fri
high_break_trail,COIN,2026-07-10,2026-07-10 10:35:00-04:00,160.4497,2026-07-10 15:55:00-04:00,159.1395,62,short,81.23,0.8166,320.0,"break of first-hour low 160.79, 2.0xATR trail",eod,5.007,-3.585,-2.127,0.75,-0.048,4.407,-0.2161,-0.169,1.262,0.16,10.58,Fri
orb,PLTR,2026-07-10,2026-07-10 09:55:00-04:00,127.891,2026-07-10 15:55:00-04:00,126.8434,78,short,81.72,0.8192,360.0,break of opening range low 129.10,eod,2.394,-3.216,-1.423,0.74,0.115,2.767,-0.454,-0.243,1.336,0.066,9.92,Fri
high_break_trail,MSTR,2026-07-10,2026-07-10 10:35:00-04:00,95.3823,2026-07-10 15:55:00-04:00,94.6673,104,short,74.36,0.7496,320.0,"break of first-hour low 95.81, 2.0xATR trail",eod,5.215,-3.415,-2.708,0.96,-0.048,3.956,-0.3004,-0.376,1.225,0.108,10.58,Fri
orb,NVDA,2026-07-10,2026-07-10 09:50:00-04:00,206.5182,2026-07-10 15:55:00-04:00,210.8445,48,long,207.66,2.0949,365.0,break of opening range high 204.99,eod,-0.4,2.277,0.934,1.03,0.111,4.609,0.3529,-0.415,1.096,0.954,9.83,Fri
orb,COIN,2026-07-10,2026-07-10 10:00:00-04:00,161.5392,2026-07-10 15:55:00-04:00,159.1395,61,short,146.38,1.4855,355.0,break of opening range low 162.83,eod,5.007,-2.93,-2.13,0.52,0.142,4.254,-0.4792,-0.539,1.462,0.039,10.0,Fri
orb,MSTR,2026-07-10,2026-07-10 10:00:00-04:00,97.3513,2026-07-10 15:55:00-04:00,94.6673,102,short,273.77,2.757,355.0,break of opening range low 97.86,eod,5.215,-1.421,-1.285,0.51,0.142,3.367,-0.3653,0.259,1.355,0.135,10.0,Fri
vwap_pullback,AMD,2026-07-10,2026-07-10 15:30:00-04:00,553.9168,2026-07-10 15:55:00-04:00,557.711,18,long,68.29,0.685,25.0,bounce off session VWAP 552.17,eod,-0.724,2.067,0.314,0.4,0.384,2.731,0.0217,0.092,0.3,0.686,15.5,Fri
high_break_trail,PLTR,2026-07-10,2026-07-10 10:35:00-04:00,126.4667,2026-07-10 15:55:00-04:00,126.8434,79,short,-29.76,-0.2978,320.0,"break of first-hour low 126.65, 2.0xATR trail",eod,2.394,-4.293,-1.707,1.16,-0.048,3.123,-0.2053,0.016,1.05,0.107,10.58,Fri
vwap_pullback,NVDA,2026-07-10,2026-07-10 11:10:00-04:00,207.2736,2026-07-10 15:55:00-04:00,210.7898,48,long,168.78,1.6964,285.0,bounce off session VWAP 206.08,target,-0.4,2.651,0.565,0.58,-0.015,3.146,0.0443,-0.134,0.638,0.861,11.17,Fri
vwap_pullback,NVDA,2026-07-13,2026-07-13 10:10:00-04:00,209.6248,2026-07-13 10:15:00-04:00,208.2097,47,long,-66.51,-0.6751,5.0,bounce off session VWAP 208.94,stop,-1.142,0.52,0.322,0.57,0.106,4.253,-0.0008,-0.41,0.737,0.734,10.17,Mon
vwap_pullback,PLTR,2026-07-13,2026-07-13 10:15:00-04:00,128.5242,2026-07-13 10:15:00-04:00,127.2461,77,long,-98.42,-0.9945,0.0,bounce off session VWAP 127.69,stop,0.488,0.883,0.629,0.84,-0.072,5.182,0.0216,0.124,1.575,0.692,10.25,Mon
vwap_pullback,MSTR,2026-07-13,2026-07-13 10:10:00-04:00,90.8495,2026-07-13 10:25:00-04:00,91.8356,110,short,-108.47,-1.0854,15.0,rejection at session VWAP 91.51,stop,-3.308,-0.7,-0.695,0.31,0.106,3.627,-0.1256,0.049,1.171,0.217,10.17,Mon
ar_forecast,COIN,2026-07-13,2026-07-13 10:35:00-04:00,159.2403,2026-07-13 10:40:00-04:00,158.8794,62,short,22.38,0.2267,5.0,AR(12) forecasts -0.26% over 6 bars,signal,-1.877,2.028,0.52,1.04,-0.037,5.413,0.0405,0.084,1.879,0.665,10.58,Mon
vwap_pullback,COIN,2026-07-13,2026-07-13 10:30:00-04:00,159.3096,2026-07-13 10:40:00-04:00,157.7329,62,long,-97.76,-0.9897,10.0,bounce off session VWAP 158.29,stop,-1.877,2.072,0.569,2.12,0.023,5.607,0.0306,0.104,1.946,0.677,10.5,Mon
ar_forecast,TSLA,2026-07-13,2026-07-13 10:35:00-04:00,398.3557,2026-07-13 10:40:00-04:00,399.2695,25,short,-22.85,-0.2294,5.0,AR(12) forecasts -0.25% over 6 bars,signal,-0.769,-1.546,0.357,0.97,-0.037,3.624,-0.0002,0.111,0.879,0.444,10.58,Mon
ar_forecast,PLTR,2026-07-13,2026-07-13 10:35:00-04:00,128.6843,2026-07-13 10:50:00-04:00,128.6906,77,long,0.49,0.0049,15.0,AR(12) forecasts +0.28% over 6 bars,signal,0.488,1.009,0.593,0.78,-0.037,5.112,0.0753,-0.09,1.369,0.74,10.58,Mon
ar_forecast,AMD,2026-07-13,2026-07-13 10:35:00-04:00,547.3286,2026-07-13 10:50:00-04:00,541.5844,18,long,-103.4,-1.0495,15.0,AR(12) forecasts +0.32% over 6 bars,stop,-3.66,1.815,2.098,0.65,-0.037,4.661,0.2497,-0.228,0.962,0.946,10.58,Mon
ar_forecast,PLTR,2026-07-13,2026-07-13 10:55:00-04:00,128.5257,2026-07-13 11:00:00-04:00,128.5442,77,short,-1.43,-0.0144,5.0,AR(12) forecasts -0.18% over 6 bars,signal,0.488,0.884,0.436,0.5,0.036,4.99,0.0565,-0.191,1.175,0.693,10.92,Mon
ar_forecast,MSTR,2026-07-13,2026-07-13 11:10:00-04:00,92.3962,2026-07-13 11:15:00-04:00,92.5137,108,long,12.69,0.1272,5.0,AR(12) forecasts +0.17% over 6 bars,signal,-3.308,0.99,0.946,0.28,-0.051,3.288,0.0642,0.002,0.86,0.891,11.17,Mon
ar_forecast,COIN,2026-07-13,2026-07-13 10:45:00-04:00,157.8889,2026-07-13 11:15:00-04:00,157.0314,63,long,-54.02,-0.5431,30.0,AR(12) forecasts +0.28% over 6 bars,signal,-1.877,1.162,-0.326,0.34,-0.012,5.152,0.0254,0.106,1.718,0.433,10.75,Mon
vwap_pullback,MSTR,2026-07-13,2026-07-13 10:40:00-04:00,91.9359,2026-07-13 11:15:00-04:00,93.4823,108,long,167.01,1.682,35.0,bounce off session VWAP 91.41,target,-3.308,0.487,0.564,0.41,-0.129,3.258,0.0124,0.247,1.066,0.718,10.67,Mon
rsi2_reversion,TSLA,2026-07-13,2026-07-13 11:05:00-04:00,397.4887,2026-07-13 11:20:00-04:00,398.1207,25,long,15.8,0.159,15.0,RSI(2)=9 dip above VWAP,signal,-0.769,-1.76,0.097,0.41,-0.029,3.011,0.0233,0.078,0.694,0.375,11.08,Mon
ar_forecast,AMD,2026-07-13,2026-07-13 11:05:00-04:00,547.8959,2026-07-13 11:25:00-04:00,550.4801,18,short,-46.52,-0.4717,20.0,AR(12) forecasts -0.25% over 6 bars,signal,-3.66,1.921,1.94,0.5,-0.029,4.787,0.1819,-0.263,0.885,0.926,11.08,Mon
ema_crossover,TSLA,2026-07-13,2026-07-13 11:25:00-04:00,398.4892,2026-07-13 11:25:00-04:00,396.6816,25,long,-45.19,-0.4536,0.0,EMA9/20 cross up above VWAP,stop,-0.769,-1.513,0.334,0.57,-0.012,2.82,0.0215,0.052,0.607,0.454,11.42,Mon
ar_forecast,TSLA,2026-07-13,2026-07-13 10:55:00-04:00,398.5792,2026-07-13 11:25:00-04:00,398.0909,25,long,-12.21,-0.1225,30.0,AR(12) forecasts +0.20% over 6 bars,signal,-0.769,-1.491,0.377,0.46,0.036,3.182,0.0261,0.069,0.757,0.461,10.92,Mon
ar_forecast,NVDA,2026-07-13,2026-07-13 10:55:00-04:00,206.8741,2026-07-13 11:25:00-04:00,207.6861,48,long,38.98,0.3925,30.0,AR(12) forecasts +0.21% over 6 bars,signal,-1.142,-0.799,-0.84,0.64,0.036,3.193,-0.0459,-0.432,0.603,0.06,10.92,Mon
rsi2_reversion,NVDA,2026-07-13,2026-07-13 11:25:00-04:00,207.6861,2026-07-13 11:35:00-04:00,207.5437,48,short,6.83,0.0686,10.0,RSI(2)=95 rip below VWAP,signal,-1.142,-0.409,-0.373,0.59,-0.012,2.766,-0.0376,-0.387,0.474,0.266,11.42,Mon
ar_forecast,MSTR,2026-07-13,2026-07-13 11:30:00-04:00,93.4417,2026-07-13 11:40:00-04:00,92.461,107,long,-104.93,-1.0495,10.0,AR(12) forecasts +0.23% over 6 bars,stop,-3.308,2.133,1.871,0.76,-0.043,3.71,0.0962,-0.07,0.836,0.945,11.5,Mon
rsi2_reversion,AMD,2026-07-13,2026-07-13 11:45:00-04:00,546.7869,2026-07-13 11:55:00-04:00,541.0484,18,long,-103.29,-1.0495,10.0,RSI(2)=6 dip above VWAP,stop,-3.66,1.715,1.465,0.34,-0.1,4.225,0.1309,-0.16,0.711,0.796,11.75,Mon
ar_forecast,NVDA,2026-07-13,2026-07-13 11:30:00-04:00,207.9139,2026-07-13 12:00:00-04:00,206.6466,48,long,-60.83,-0.6095,30.0,AR(12) forecasts +0.18% over 6 bars,signal,-1.142,-0.3,-0.256,0.56,-0.043,2.715,-0.0363,-0.388,0.461,0.324,11.5,Mon
rsi2_reversion,AMD,2026-07-13,2026-07-13 12:00:00-04:00,542.321,2026-07-13 12:10:00-04:00,543.4781,18,long,20.83,0.2134,10.0,RSI(2)=1 dip above VWAP,signal,-3.66,0.884,0.606,0.44,-0.173,4.042,0.0972,-0.112,0.647,0.617,12.0,Mon
high_break_trail,MSTR,2026-07-13,2026-07-13 11:20:00-04:00,93.5768,2026-07-13 12:15:00-04:00,91.8538,106,long,-182.63,-1.8412,55.0,"break of first-hour high 92.69, 2.0xATR trail",stop,-3.308,2.281,2.097,1.05,-0.003,3.743,0.0896,-0.064,0.869,0.983,11.33,Mon
high_break_trail,AMD,2026-07-13,2026-07-13 10:35:00-04:00,547.3286,2026-07-13 12:15:00-04:00,540.7461,18,long,-118.49,-1.2027,100.0,"break of first-hour high 545.66, 2.0xATR trail",stop,-3.66,1.815,2.098,0.65,-0.037,4.661,0.2497,-0.228,0.962,0.946,10.58,Mon
rsi2_reversion,PLTR,2026-07-13,2026-07-13 12:00:00-04:00,129.7298,2026-07-13 12:20:00-04:00,129.5752,77,long,-11.91,-0.1192,20.0,RSI(2)=6 dip above VWAP,signal,0.488,1.83,0.985,0.43,-0.173,3.95,0.0763,-0.134,0.679,0.823,12.0,Mon
rsi2_reversion,MSTR,2026-07-13,2026-07-13 12:05:00-04:00,92.3962,2026-07-13 12:20:00-04:00,91.4265,108,long,-104.73,-1.0495,15.0,RSI(2)=9 dip above VWAP,stop,-3.308,0.99,0.652,0.25,-0.132,3.373,0.0711,-0.009,0.674,0.656,12.08,Mon
vwap_pullback,NVDA,2026-07-13,2026-07-13 10:35:00-04:00,208.1659,2026-07-13 12:30:00-04:00,205.5491,48,short,125.61,1.2571,115.0,rejection at session VWAP 208.90,target,-1.142,-0.179,-0.334,0.47,-0.037,3.356,-0.0122,-0.389,0.658,0.323,10.58,Mon
rsi2_reversion,PLTR,2026-07-13,2026-07-13 13:30:00-04:00,129.4047,2026-07-13 13:55:00-04:00,128.8256,77,long,-44.59,-0.4475,25.0,RSI(2)=4 dip above VWAP,signal,0.488,1.574,0.5,0.9,-0.335,3.427,0.0415,-0.136,0.47,0.709,13.5,Mon
high_break_trail,COIN,2026-07-13,2026-07-13 13:50:00-04:00,154.5727,2026-07-13 14:05:00-04:00,155.6153,64,short,-66.73,-0.6745,15.0,"break of first-hour low 155.37, 2.0xATR trail",stop,-1.877,-0.963,-2.036,0.92,-0.4,3.239,-0.0372,0.018,0.488,0.068,13.83,Mon
ema_crossover,MSTR,2026-07-13,2026-07-13 12:20:00-04:00,91.4543,2026-07-13 14:10:00-04:00,92.3436,109,short,-96.94,-0.9725,110.0,EMA9/20 cross down below VWAP,signal,-3.308,-0.039,-0.374,0.62,-0.243,3.473,0.0497,0.046,0.646,0.396,12.33,Mon
rsi2_reversion,AMD,2026-07-13,2026-07-13 14:15:00-04:00,538.3107,2026-07-13 14:20:00-04:00,537.5586,18,short,13.54,0.1397,5.0,RSI(2)=93 rip below VWAP,signal,-3.66,0.138,-0.127,0.33,-0.433,3.297,-0.0053,-0.107,0.458,0.455,14.25,Mon
rsi2_reversion,NVDA,2026-07-13,2026-07-13 14:15:00-04:00,204.0482,2026-07-13 14:20:00-04:00,203.9619,49,short,4.23,0.0423,5.0,RSI(2)=91 rip below VWAP,signal,-1.142,-2.154,-1.411,0.92,-0.433,1.924,-0.0507,-0.331,0.251,0.081,14.25,Mon
ema_crossover,PLTR,2026-07-13,2026-07-13 13:40:00-04:00,128.6556,2026-07-13 14:40:00-04:00,129.7648,77,short,-85.41,-0.8622,60.0,EMA9/20 cross down below VWAP,signal,0.488,0.986,-0.082,0.64,-0.33,3.376,0.0358,-0.128,0.452,0.544,13.67,Mon
ema_crossover,MSTR,2026-07-13,2026-07-13 14:15:00-04:00,91.5728,2026-07-13 14:50:00-04:00,92.2761,109,short,-76.66,-0.7681,35.0,EMA9/20 cross down below VWAP,signal,-3.308,0.09,-0.201,1.09,-0.433,3.264,0.0018,0.052,0.529,0.429,14.25,Mon
rsi2_reversion,COIN,2026-07-13,2026-07-13 14:50:00-04:00,156.4618,2026-07-13 15:00:00-04:00,156.3982,63,short,4.01,0.0407,10.0,RSI(2)=97 rip below VWAP,signal,-1.877,0.248,-0.659,0.66,-0.356,3.19,-0.0358,0.036,0.454,0.341,14.83,Mon
vwap_pullback,AMD,2026-07-13,2026-07-13 10:15:00-04:00,540.5402,2026-07-13 15:20:00-04:00,532.1515,18,long,-151.0,-1.5519,305.0,bounce off session VWAP 534.02,stop,-3.66,0.553,1.152,0.63,-0.072,5.371,0.1436,-0.287,1.076,0.923,10.25,Mon
rsi2_reversion,PLTR,2026-07-13,2026-07-13 15:10:00-04:00,129.5247,2026-07-13 15:30:00-04:00,128.1654,77,long,-104.67,-1.0495,20.0,RSI(2)=6 dip above VWAP,stop,0.488,1.669,0.477,0.88,-0.423,2.988,0.0191,-0.122,0.401,0.736,15.17,Mon
high_break_trail,PLTR,2026-07-13,2026-07-13 11:25:00-04:00,129.7849,2026-07-13 15:30:00-04:00,128.1802,77,long,-123.56,-1.2364,245.0,"break of first-hour high 129.56, 2.0xATR trail",stop,0.488,1.873,1.257,1.08,-0.012,4.419,0.0693,-0.18,0.912,0.926,11.42,Mon
rsi2_reversion,MSTR,2026-07-13,2026-07-13 15:25:00-04:00,91.8059,2026-07-13 15:35:00-04:00,92.1539,108,long,37.59,0.3791,10.0,RSI(2)=5 dip above VWAP,signal,-3.308,0.345,0.025,0.59,-0.544,3.088,0.0029,0.041,0.465,0.493,15.42,Mon
squeeze_breakout,TSLA,2026-07-13,2026-07-13 15:10:00-04:00,391.9189,2026-07-13 15:45:00-04:00,393.2359,25,short,-32.93,-0.336,35.0,squeeze breakdown below lower band 392.16,stop,-0.769,-3.137,-0.953,0.65,-0.423,1.901,-0.0206,-0.117,0.211,0.028,15.17,Mon
high_break_trail,TSLA,2026-07-13,2026-07-13 14:30:00-04:00,392.4487,2026-07-13 15:50:00-04:00,393.518,25,short,-26.73,-0.2725,80.0,"break of first-hour low 392.74, 2.0xATR trail",stop,-0.769,-3.006,-0.884,0.52,-0.432,2.013,-0.021,-0.114,0.255,0.021,14.5,Mon
squeeze_breakout,PLTR,2026-07-13,2026-07-13 15:30:00-04:00,128.2059,2026-07-13 15:50:00-04:00,129.3752,77,short,-90.04,-0.912,20.0,squeeze breakdown below lower band 128.44,stop,0.488,0.633,-0.529,0.98,-0.507,2.971,0.014,-0.085,0.413,0.444,15.5,Mon
orb,AMD,2026-07-13,2026-07-13 10:25:00-04:00,542.4911,2026-07-13 15:55:00-04:00,534.1528,18,long,-150.09,-1.537,330.0,break of opening range high 540.29,eod,-3.66,0.915,1.383,0.42,0.082,5.093,0.2132,-0.235,1.027,0.83,10.42,Mon
squeeze_breakout,COIN,2026-07-13,2026-07-13 12:20:00-04:00,156.5917,2026-07-13 15:55:00-04:00,157.4787,63,short,-55.88,-0.5665,215.0,squeeze breakdown below lower band 157.11,eod,-1.877,0.331,-1.053,0.81,-0.243,3.783,-0.012,0.035,0.751,0.21,12.33,Mon
high_break_trail,NVDA,2026-07-13,2026-07-13 10:55:00-04:00,206.6673,2026-07-13 15:55:00-04:00,203.5817,48,short,148.11,1.493,300.0,"break of first-hour low 207.02, 2.0xATR trail",eod,-1.142,-0.898,-0.939,0.64,0.036,3.193,-0.0459,-0.432,0.603,0.007,10.92,Mon
orb,NVDA,2026-07-13,2026-07-13 09:55:00-04:00,207.0064,2026-07-13 15:55:00-04:00,203.5817,48,short,164.39,1.6544,360.0,break of opening range low 207.66,eod,-1.142,-0.735,-0.922,0.63,0.153,5.259,-0.1509,-0.827,0.827,-0.004,9.92,Mon
orb,MSTR,2026-07-13,2026-07-13 11:20:00-04:00,93.5768,2026-07-13 15:55:00-04:00,92.0639,106,long,-160.36,-1.6167,275.0,break of opening range high 92.69,eod,-3.308,2.281,2.097,1.05,-0.003,3.743,0.0896,-0.064,0.869,0.983,11.33,Mon
orb,TSLA,2026-07-13,2026-07-13 09:55:00-04:00,394.5132,2026-07-13 15:55:00-04:00,394.9474,25,short,-10.86,-0.1101,360.0,break of opening range low 394.85,eod,-0.769,-2.495,-0.831,0.69,0.153,4.302,-0.2247,-0.662,1.188,0.038,9.92,Mon
orb,PLTR,2026-07-13,2026-07-13 11:25:00-04:00,129.7849,2026-07-13 15:55:00-04:00,129.985,77,long,15.41,0.1542,270.0,break of opening range high 129.56,eod,0.488,1.873,1.257,1.08,-0.012,4.419,0.0693,-0.18,0.912,0.926,11.42,Mon
vwap_pullback,PLTR,2026-07-13,2026-07-13 10:30:00-04:00,129.3446,2026-07-13 15:55:00-04:00,129.985,77,long,49.31,0.4951,325.0,bounce off session VWAP 127.83,eod,0.488,1.527,1.138,1.11,0.023,5.332,0.0735,-0.1,1.412,0.936,10.5,Mon
vwap_pullback,TSLA,2026-07-13,2026-07-13 11:55:00-04:00,395.3722,2026-07-13 15:55:00-04:00,394.9474,25,short,10.62,0.1075,240.0,rejection at session VWAP 397.12,eod,-0.769,-2.283,-0.433,0.76,-0.164,2.619,0.0071,0.008,0.497,0.208,11.92,Mon
vwap_pullback,TSLA,2026-07-14,2026-07-14 10:30:00-04:00,397.3712,2026-07-14 10:30:00-04:00,399.5532,25,short,-54.55,-0.5491,0.0,rejection at session VWAP 398.16,stop,1.102,-0.433,-0.196,0.57,0.148,1.959,0.0076,-0.584,0.707,0.386,10.5,Tue
ar_forecast,PLTR,2026-07-14,2026-07-14 10:35:00-04:00,132.3438,2026-07-14 10:40:00-04:00,132.146,75,short,14.83,0.1494,5.0,AR(12) forecasts -0.19% over 6 bars,signal,-4.95,7.064,3.21,0.77,0.136,5.171,0.4483,0.519,1.187,0.948,10.58,Tue
ar_forecast,AMD,2026-07-14,2026-07-14 10:40:00-04:00,553.643,2026-07-14 10:50:00-04:00,549.5746,18,short,73.23,0.7348,10.0,AR(12) forecasts -0.18% over 6 bars,signal,6.234,-2.482,-0.946,0.35,0.025,4.377,-0.1279,-0.46,1.392,0.22,10.67,Tue
ar_forecast,COIN,2026-07-14,2026-07-14 10:40:00-04:00,158.099,2026-07-14 10:55:00-04:00,158.9205,63,long,51.75,0.5196,15.0,AR(12) forecasts +0.19% over 6 bars,signal,2.039,-1.563,-0.517,0.52,0.025,4.322,-0.0074,-0.14,1.478,0.174,10.67,Tue
rsi2_reversion,MSTR,2026-07-14,2026-07-14 10:50:00-04:00,96.4582,2026-07-14 10:55:00-04:00,96.9315,103,long,48.75,0.4907,5.0,RSI(2)=7 dip above VWAP,signal,2.899,1.771,0.884,0.51,0.091,5.26,0.1788,-0.195,1.288,0.736,10.83,Tue
vwap_pullback,TSLA,2026-07-14,2026-07-14 10:50:00-04:00,396.9514,2026-07-14 11:00:00-04:00,399.527,25,short,-64.39,-0.6488,10.0,rejection at session VWAP 398.13,stop,1.102,-0.538,-0.296,0.41,0.091,1.959,0.0003,-0.521,0.616,0.311,10.83,Tue
ar_forecast,COIN,2026-07-14,2026-07-14 11:00:00-04:00,160.01,2026-07-14 11:05:00-04:00,158.7994,62,short,75.06,0.7566,5.0,AR(12) forecasts -0.35% over 6 bars,signal,2.039,-0.374,0.673,0.99,0.188,4.575,0.0056,-0.153,1.299,0.589,11.0,Tue
ar_forecast,NVDA,2026-07-14,2026-07-14 10:35:00-04:00,207.0785,2026-07-14 11:05:00-04:00,207.3963,48,long,15.25,0.1534,30.0,AR(12) forecasts +0.15% over 6 bars,signal,2.32,-0.539,0.833,0.87,0.136,2.573,0.0703,-0.072,0.94,0.722,10.58,Tue
ar_forecast,MSTR,2026-07-14,2026-07-14 10:55:00-04:00,96.9315,2026-07-14 11:15:00-04:00,96.7083,103,short,22.99,0.2302,20.0,AR(12) forecasts -0.24% over 6 bars,signal,2.899,2.27,1.331,0.51,0.107,5.099,0.1736,-0.179,1.235,0.856,10.92,Tue
ar_forecast,PLTR,2026-07-14,2026-07-14 10:45:00-04:00,132.1961,2026-07-14 11:15:00-04:00,132.6936,75,long,37.32,0.3764,30.0,AR(12) forecasts +0.23% over 6 bars,signal,-4.95,6.944,2.888,0.4,-0.003,4.891,0.3829,0.528,1.092,0.929,10.75,Tue
ar_forecast,MSTR,2026-07-14,2026-07-14 11:30:00-04:00,96.4268,2026-07-14 11:30:00-04:00,97.4397,103,short,-104.34,-1.0505,0.0,AR(12) forecasts -0.15% over 6 bars,stop,2.899,1.737,0.578,0.47,0.142,4.946,0.0983,-0.112,1.069,0.71,11.5,Tue
ar_forecast,NVDA,2026-07-14,2026-07-14 11:10:00-04:00,208.2691,2026-07-14 11:40:00-04:00,208.8155,48,long,26.23,0.2624,30.0,AR(12) forecasts +0.28% over 6 bars,signal,2.32,0.033,1.202,0.83,0.218,2.305,0.0929,-0.106,0.683,0.984,11.17,Tue
high_break_trail,PLTR,2026-07-14,2026-07-14 10:50:00-04:00,132.8264,2026-07-14 11:40:00-04:00,131.0945,75,long,-129.89,-1.3039,50.0,"break of first-hour high 132.49, 2.0xATR trail",stop,-4.95,7.454,3.212,0.59,0.091,4.725,0.3666,0.528,1.069,0.926,10.83,Tue
ar_forecast,AMD,2026-07-14,2026-07-14 11:15:00-04:00,562.4511,2026-07-14 11:45:00-04:00,563.668,17,long,20.69,0.2164,30.0,AR(12) forecasts +0.25% over 6 bars,signal,6.234,-0.931,0.623,0.73,0.139,4.761,0.0078,-0.127,1.091,0.554,11.25,Tue
vwap_pullback,COIN,2026-07-14,2026-07-14 11:15:00-04:00,157.7811,2026-07-14 11:45:00-04:00,159.4379,63,short,-104.38,-1.0501,30.0,rejection at session VWAP 158.88,stop,2.039,-1.761,-0.672,1.01,0.139,4.349,-0.0109,-0.097,1.161,0.105,11.25,Tue
rsi2_reversion,PLTR,2026-07-14,2026-07-14 11:35:00-04:00,131.7558,2026-07-14 11:50:00-04:00,131.894,75,long,10.36,0.1049,15.0,RSI(2)=5 dip above VWAP,signal,-4.95,6.588,1.787,0.52,0.127,4.78,0.1862,0.614,0.784,0.798,11.58,Tue
ema_crossover,COIN,2026-07-14,2026-07-14 11:20:00-04:00,157.6811,2026-07-14 11:50:00-04:00,159.3696,63,short,-106.38,-1.0708,30.0,EMA9/20 cross down below VWAP,signal,2.039,-1.824,-0.711,0.77,0.214,4.248,-0.016,-0.099,1.127,0.083,11.33,Tue
ema_crossover,COIN,2026-07-14,2026-07-14 11:55:00-04:00,158.2108,2026-07-14 12:00:00-04:00,158.6593,63,short,-28.25,-0.2834,5.0,EMA9/20 cross down below VWAP,signal,2.039,-1.494,-0.328,0.67,0.009,4.15,-0.0115,-0.178,0.931,0.207,11.92,Tue
rsi2_reversion,AMD,2026-07-14,2026-07-14 11:55:00-04:00,560.8053,2026-07-14 12:05:00-04:00,554.9196,17,long,-100.06,-1.0495,10.0,RSI(2)=3 dip above VWAP,stop,6.234,-1.221,0.18,0.75,0.009,4.264,0.0572,-0.082,0.809,0.492,11.92,Tue
rsi2_reversion,TSLA,2026-07-14,2026-07-14 12:35:00-04:00,397.1713,2026-07-14 12:50:00-04:00,396.8398,25,short,8.29,0.0835,15.0,RSI(2)=92 rip below VWAP,signal,1.102,-0.483,-0.245,0.6,0.043,1.784,-0.0104,-0.285,0.331,0.281,12.58,Tue
high_break_trail,MSTR,2026-07-14,2026-07-14 11:05:00-04:00,97.3286,2026-07-14 13:05:00-04:00,95.6504,102,long,-171.18,-1.7243,120.0,"break of first-hour high 97.33, 2.0xATR trail",stop,2.899,2.689,1.635,0.84,0.248,4.947,0.1564,-0.161,1.173,0.933,11.08,Tue
rsi2_reversion,MSTR,2026-07-14,2026-07-14 12:50:00-04:00,96.4182,2026-07-14 13:10:00-04:00,95.4063,103,long,-104.23,-1.0495,20.0,RSI(2)=8 dip above VWAP,stop,2.899,1.728,0.322,0.47,0.075,4.351,0.0412,-0.115,0.722,0.639,12.83,Tue
rsi2_reversion,PLTR,2026-07-14,2026-07-14 13:05:00-04:00,133.5417,2026-07-14 13:20:00-04:00,133.4282,74,long,-8.4,-0.085,15.0,RSI(2)=7 dip above VWAP,signal,-4.95,8.033,2.65,0.33,0.161,3.899,0.0901,0.573,0.439,0.944,13.08,Tue
rsi2_reversion,COIN,2026-07-14,2026-07-14 13:15:00-04:00,160.5402,2026-07-14 13:25:00-04:00,160.9885,62,long,27.79,0.2792,10.0,RSI(2)=9 dip above VWAP,signal,2.039,-0.043,0.843,0.51,0.154,3.642,0.0357,-0.088,0.616,0.677,13.25,Tue
rsi2_reversion,NVDA,2026-07-14,2026-07-14 13:35:00-04:00,210.8053,2026-07-14 13:50:00-04:00,210.95,47,long,6.8,0.0686,15.0,RSI(2)=5 dip above VWAP,signal,2.32,1.251,1.505,0.67,0.161,1.706,0.0717,-0.021,0.293,0.907,13.58,Tue
rsi2_reversion,MSTR,2026-07-14,2026-07-14 13:40:00-04:00,96.002,2026-07-14 13:50:00-04:00,97.0105,104,short,-104.88,-1.0505,10.0,RSI(2)=93 rip below VWAP,stop,2.899,1.289,-0.08,0.41,0.15,4.049,0.007,-0.079,0.596,0.546,13.67,Tue
ema_crossover,TSLA,2026-07-14,2026-07-14 11:50:00-04:00,397.1713,2026-07-14 14:30:00-04:00,396.6132,25,short,13.95,0.1405,160.0,EMA9/20 cross down below VWAP,signal,1.102,-0.483,-0.307,0.64,0.012,1.959,0.0028,-0.265,0.445,0.281,11.83,Tue
squeeze_breakout,AMD,2026-07-14,2026-07-14 14:25:00-04:00,553.2032,2026-07-14 14:35:00-04:00,555.3721,18,short,-39.04,-0.3921,10.0,squeeze breakdown below lower band 553.55,stop,6.234,-2.56,-0.999,0.37,0.212,3.225,-0.0067,-0.082,0.336,0.203,14.42,Tue
rsi2_reversion,TSLA,2026-07-14,2026-07-14 13:55:00-04:00,395.9269,2026-07-14 14:40:00-04:00,396.3781,25,short,-11.28,-0.1139,45.0,RSI(2)=93 rip below VWAP,signal,1.102,-0.795,-0.469,0.45,0.182,1.565,-0.0166,-0.243,0.22,0.156,13.92,Tue
rsi2_reversion,COIN,2026-07-14,2026-07-14 14:40:00-04:00,161.1005,2026-07-14 14:55:00-04:00,160.8895,62,long,-13.08,-0.131,15.0,RSI(2)=4 dip above VWAP,signal,2.039,0.305,0.91,0.85,0.146,3.331,0.0412,-0.084,0.471,0.768,14.67,Tue
ema_crossover,TSLA,2026-07-14,2026-07-14 14:45:00-04:00,395.742,2026-07-14 14:55:00-04:00,396.9984,25,short,-31.41,-0.3175,10.0,EMA9/20 cross down below VWAP,signal,1.102,-0.841,-0.481,0.7,0.139,1.452,-0.0132,-0.247,0.19,0.132,14.75,Tue
rsi2_reversion,TSLA,2026-07-14,2026-07-14 14:55:00-04:00,396.6016,2026-07-14 15:20:00-04:00,396.7233,25,short,-3.04,-0.0307,25.0,RSI(2)=90 rip below VWAP,signal,1.102,-0.626,-0.26,0.54,0.168,1.446,-0.0123,-0.239,0.189,0.247,14.92,Tue
rsi2_reversion,NVDA,2026-07-14,2026-07-14 15:10:00-04:00,211.7458,2026-07-14 15:20:00-04:00,211.844,47,long,4.62,0.0464,10.0,RSI(2)=9 dip above VWAP,signal,2.32,1.703,1.547,0.6,0.153,1.537,0.0579,0.004,0.21,0.909,15.17,Tue
high_break_trail,COIN,2026-07-14,2026-07-14 13:40:00-04:00,162.0215,2026-07-14 15:30:00-04:00,160.2564,61,long,-107.67,-1.0894,110.0,"break of first-hour high 161.90, 2.0xATR trail",stop,2.039,0.879,1.675,0.89,0.15,3.511,0.042,-0.087,0.578,0.951,13.67,Tue
squeeze_breakout,PLTR,2026-07-14,2026-07-14 13:55:00-04:00,135.5177,2026-07-14 15:30:00-04:00,133.8033,73,long,-125.15,-1.2651,95.0,squeeze breakout above upper band 135.25,stop,-4.95,9.632,3.78,0.9,0.182,3.552,0.0819,0.554,0.392,0.997,13.92,Tue
ema_crossover,MSTR,2026-07-14,2026-07-14 14:00:00-04:00,96.949,2026-07-14 15:45:00-04:00,96.7416,103,long,-21.37,-0.214,105.0,EMA9/20 cross up above VWAP,signal,2.899,2.289,0.873,0.68,0.204,3.994,0.0089,-0.086,0.563,0.758,14.0,Tue
rsi2_reversion,PLTR,2026-07-14,2026-07-14 15:10:00-04:00,134.4324,2026-07-14 15:50:00-04:00,133.973,74,long,-34.0,-0.3417,40.0,RSI(2)=5 dip above VWAP,signal,-4.95,8.754,2.522,0.49,0.153,3.311,0.0687,0.524,0.356,0.897,15.17,Tue
vwap_pullback,MSTR,2026-07-14,2026-07-14 10:15:00-04:00,96.4882,2026-07-14 15:55:00-04:00,97.4912,103,long,103.31,1.0395,340.0,bounce off session VWAP 95.01,eod,2.899,1.802,1.499,0.45,-0.14,6.443,0.2537,-0.233,1.56,0.933,10.25,Tue
orb,MSTR,2026-07-14,2026-07-14 09:55:00-04:00,95.958,2026-07-14 15:55:00-04:00,97.4912,104,long,159.46,1.5979,360.0,break of opening range high 95.60,eod,2.899,1.243,1.188,0.68,0.053,4.31,0.4958,-0.359,1.697,0.789,9.92,Tue
squeeze_breakout,NVDA,2026-07-14,2026-07-14 13:00:00-04:00,210.9754,2026-07-14 15:55:00-04:00,211.6941,47,long,33.78,0.3406,175.0,squeeze breakout above upper band 210.56,eod,2.32,1.333,1.788,0.9,0.107,1.796,0.076,-0.064,0.346,0.95,13.0,Tue
orb,NVDA,2026-07-14,2026-07-14 11:25:00-04:00,208.7944,2026-07-14 15:55:00-04:00,211.6941,47,long,136.28,1.3888,270.0,break of opening range high 208.34,eod,2.32,0.286,1.329,0.94,0.233,2.2,0.0989,-0.079,0.608,0.935,11.42,Tue
orb,AMD,2026-07-14,2026-07-14 10:10:00-04:00,551.1143,2026-07-14 15:55:00-04:00,547.9138,18,short,57.61,0.5807,345.0,break of opening range low 552.88,eod,6.234,-2.928,-1.767,0.56,-0.064,4.864,-0.2222,-0.777,1.706,0.073,10.17,Tue
ema_crossover,AMD,2026-07-14,2026-07-14 12:15:00-04:00,553.5431,2026-07-14 15:55:00-04:00,547.9138,18,short,101.33,1.017,220.0,EMA9/20 cross down below VWAP,eod,6.234,-2.5,-1.066,0.64,-0.064,4.178,0.0297,-0.058,0.759,0.216,12.25,Tue
vwap_pullback,AMD,2026-07-14,2026-07-14 12:10:00-04:00,554.8945,2026-07-14 15:55:00-04:00,547.9138,18,short,125.65,1.258,225.0,rejection at session VWAP 559.68,eod,6.234,-2.262,-0.837,0.67,-0.049,4.222,0.0353,-0.049,0.781,0.268,12.17,Tue
high_break_trail,NVDA,2026-07-14,2026-07-14 11:25:00-04:00,208.7944,2026-07-14 15:55:00-04:00,211.6941,47,long,136.28,1.3888,270.0,"break of first-hour high 208.34, 2.0xATR trail",eod,2.32,0.286,1.329,0.94,0.233,2.2,0.0989,-0.079,0.608,0.935,11.42,Tue
orb,PLTR,2026-07-14,2026-07-14 09:50:00-04:00,128.6562,2026-07-14 15:55:00-04:00,133.6731,77,long,386.3,3.8995,365.0,break of opening range high 126.93,eod,-4.95,4.081,2.514,0.59,0.024,2.561,1.2067,-0.531,1.646,0.819,9.83,Tue
orb,AMD,2026-07-15,2026-07-15 09:55:00-04:00,546.3767,2026-07-15 10:35:00-04:00,521.7709,18,short,442.91,4.5035,40.0,break of opening range low 548.28,target,1.53,-1.734,-1.087,0.81,0.028,4.056,-0.3619,-0.747,1.328,0.228,9.92,Wed
ar_forecast,AMD,2026-07-15,2026-07-15 10:35:00-04:00,527.7797,2026-07-15 10:35:00-04:00,522.2407,18,long,-99.7,-1.0495,0.0,AR(12) forecasts +0.26% over 6 bars,stop,1.53,-5.079,-2.887,0.99,-0.076,5.952,-0.4586,-0.336,1.343,0.227,10.58,Wed
ar_forecast,TSLA,2026-07-15,2026-07-15 10:40:00-04:00,396.0719,2026-07-15 10:50:00-04:00,396.108,25,short,-0.9,-0.0091,10.0,AR(12) forecasts -0.24% over 6 bars,signal,1.295,-1.276,-1.04,0.46,-0.094,3.692,-0.151,-0.212,0.796,0.212,10.67,Wed
ar_forecast,COIN,2026-07-15,2026-07-15 10:35:00-04:00,164.5777,2026-07-15 10:50:00-04:00,163.3116,60,short,75.96,0.7693,15.0,AR(12) forecasts -0.72% over 6 bars,signal,2.501,-0.605,0.364,0.78,-0.076,5.839,-0.0029,0.423,1.182,0.594,10.58,Wed
ar_forecast,MSTR,2026-07-15,2026-07-15 10:40:00-04:00,98.7293,2026-07-15 10:55:00-04:00,98.4158,101,long,-31.67,-0.3176,15.0,AR(12) forecasts +0.18% over 6 bars,signal,2.296,-1.053,-0.563,0.54,-0.094,7.672,-0.0838,0.318,1.355,0.366,10.67,Wed
ar_forecast,AMD,2026-07-15,2026-07-15 10:50:00-04:00,523.7818,2026-07-15 11:00:00-04:00,522.0388,19,long,-33.12,-0.3328,10.0,AR(12) forecasts +0.53% over 6 bars,signal,1.53,-5.798,-2.857,0.97,-0.158,6.102,-0.4556,-0.243,1.266,0.209,10.83,Wed
ar_forecast,COIN,2026-07-15,2026-07-15 10:55:00-04:00,163.0215,2026-07-15 11:10:00-04:00,163.943,61,long,56.21,0.5653,15.0,AR(12) forecasts +0.31% over 6 bars,signal,2.501,-1.545,-0.538,0.26,-0.103,5.195,-0.0026,0.349,1.01,0.376,10.92,Wed
rsi2_reversion,TSLA,2026-07-15,2026-07-15 11:10:00-04:00,397.5737,2026-07-15 11:15:00-04:00,396.5082,25,short,26.64,0.268,5.0,RSI(2)=94 rip below VWAP,signal,1.295,-0.901,-0.542,0.54,-0.146,3.396,-0.092,-0.182,0.633,0.325,11.17,Wed
ar_forecast,TSLA,2026-07-15,2026-07-15 11:05:00-04:00,395.9919,2026-07-15 11:15:00-04:00,396.5082,25,short,-12.91,-0.1304,10.0,AR(12) forecasts -0.15% over 6 bars,signal,1.295,-1.296,-0.954,0.39,-0.027,3.443,-0.0995,-0.139,0.649,0.206,11.08,Wed
ar_forecast,PLTR,2026-07-15,2026-07-15 10:50:00-04:00,133.9119,2026-07-15 11:20:00-04:00,134.4677,74,long,41.13,0.4151,30.0,AR(12) forecasts +0.20% over 6 bars,signal,0.322,-0.192,-0.454,0.4,-0.158,3.01,-0.0354,0.21,1.036,0.235,10.83,Wed
ar_forecast,NVDA,2026-07-15,2026-07-15 11:05:00-04:00,209.6047,2026-07-15 11:20:00-04:00,208.7856,47,long,-38.5,-0.3908,15.0,AR(12) forecasts +0.18% over 6 bars,signal,0.099,-1.134,-0.786,0.58,-0.027,3.164,-0.0688,-0.55,0.667,0.055,11.08,Wed
ar_forecast,MSTR,2026-07-15,2026-07-15 11:00:00-04:00,98.6007,2026-07-15 11:20:00-04:00,98.6993,101,short,-9.96,-0.1001,20.0,AR(12) forecasts -0.32% over 6 bars,signal,2.296,-1.182,-0.646,0.26,-0.137,6.8,-0.0447,0.304,1.138,0.34,11.0,Wed
rsi2_reversion,PLTR,2026-07-15,2026-07-15 11:10:00-04:00,134.2928,2026-07-15 11:25:00-04:00,134.007,74,short,21.15,0.2129,15.0,RSI(2)=91 rip below VWAP,signal,0.322,0.092,-0.119,0.62,-0.146,3.084,-0.0181,0.308,0.886,0.353,11.17,Wed
ema_crossover,COIN,2026-07-15,2026-07-15 11:30:00-04:00,164.5022,2026-07-15 11:40:00-04:00,162.7686,60,long,-104.02,-1.0539,10.0,EMA9/20 cross up above VWAP,stop,2.501,-0.651,0.383,0.41,-0.089,5.076,0.027,0.08,0.92,0.584,11.5,Wed
vwap_pullback,PLTR,2026-07-15,2026-07-15 10:40:00-04:00,133.873,2026-07-15 11:50:00-04:00,135.0689,74,short,-88.49,-0.8933,70.0,rejection at session VWAP 134.60,stop,0.322,-0.221,-0.514,0.68,-0.094,3.137,-0.0285,0.244,1.12,0.225,10.67,Wed
vwap_pullback,PLTR,2026-07-15,2026-07-15 11:55:00-04:00,135.2976,2026-07-15 12:05:00-04:00,133.9723,73,long,-96.75,-0.9796,10.0,bounce off session VWAP 134.44,stop,0.322,0.84,0.629,1.25,-0.208,3.041,0.0059,0.24,0.698,0.604,11.92,Wed
ar_forecast,PLTR,2026-07-15,2026-07-15 11:55:00-04:00,135.2976,2026-07-15 12:05:00-04:00,133.8777,73,long,-103.66,-1.0495,10.0,AR(12) forecasts +0.16% over 6 bars,stop,0.322,0.84,0.629,1.25,-0.208,3.041,0.0059,0.24,0.698,0.604,11.92,Wed
ema_crossover,PLTR,2026-07-15,2026-07-15 11:50:00-04:00,134.8174,2026-07-15 12:15:00-04:00,133.6182,74,long,-88.74,-0.8895,25.0,EMA9/20 cross up above VWAP,signal,0.322,0.483,0.279,0.67,-0.203,2.988,0.0044,0.322,0.692,0.484,11.83,Wed
squeeze_breakout,AMD,2026-07-15,2026-07-15 12:15:00-04:00,512.3137,2026-07-15 12:50:00-04:00,519.1182,19,short,-129.28,-1.3282,35.0,squeeze breakdown below lower band 513.82,stop,1.53,-7.861,-3.53,0.56,-0.424,5.512,-0.2345,-0.376,0.841,0.003,12.25,Wed
vwap_pullback,COIN,2026-07-15,2026-07-15 11:45:00-04:00,162.7885,2026-07-15 12:55:00-04:00,164.4421,61,short,-100.87,-1.0158,70.0,rejection at session VWAP 163.87,stop,2.501,-1.686,-0.646,0.43,-0.188,4.946,0.0175,0.085,0.877,0.343,11.75,Wed
ema_crossover,COIN,2026-07-15,2026-07-15 11:45:00-04:00,162.7885,2026-07-15 12:55:00-04:00,164.9824,61,short,-133.83,-1.3477,70.0,EMA9/20 cross down below VWAP,stop,2.501,-1.686,-0.646,0.43,-0.188,4.946,0.0175,0.085,0.877,0.343,11.75,Wed
rsi2_reversion,PLTR,2026-07-15,2026-07-15 13:00:00-04:00,133.7781,2026-07-15 13:05:00-04:00,133.5417,74,short,17.49,0.1767,5.0,RSI(2)=93 rip below VWAP,signal,0.322,-0.292,-0.401,0.57,-0.308,2.74,-0.0093,0.143,0.504,0.225,13.0,Wed
high_break_trail,TSLA,2026-07-15,2026-07-15 12:15:00-04:00,392.7435,2026-07-15 13:05:00-04:00,394.3616,25,short,-40.45,-0.412,50.0,"break of first-hour low 393.24, 2.0xATR trail",stop,1.295,-2.105,-1.537,0.86,-0.424,2.767,-0.0525,-0.211,0.431,0.014,12.25,Wed
ar_forecast,NVDA,2026-07-15,2026-07-15 12:35:00-04:00,206.2768,2026-07-15 13:05:00-04:00,207.8239,48,short,-74.26,-0.75,30.0,AR(12) forecasts -0.19% over 6 bars,signal,0.099,-2.704,-1.762,1.09,-0.504,2.469,-0.0732,-0.486,0.398,0.019,12.58,Wed
high_break_trail,AMD,2026-07-15,2026-07-15 10:35:00-04:00,527.2522,2026-07-15 13:15:00-04:00,523.2917,18,short,71.29,0.7512,160.0,"break of first-hour low 528.61, 2.0xATR trail",stop,1.53,-5.174,-2.984,0.99,-0.076,5.952,-0.4586,-0.336,1.343,0.214,10.58,Wed
high_break_trail,NVDA,2026-07-15,2026-07-15 11:15:00-04:00,209.0085,2026-07-15 13:15:00-04:00,208.8691,47,short,6.55,0.0667,120.0,"break of first-hour low 209.36, 2.0xATR trail",stop,0.099,-1.416,-0.994,0.6,-0.127,3.06,-0.072,-0.556,0.634,0.117,11.25,Wed
rsi2_reversion,AMD,2026-07-15,2026-07-15 12:55:00-04:00,517.691,2026-07-15 13:15:00-04:00,523.1294,19,short,-103.33,-1.0505,20.0,RSI(2)=94 rip below VWAP,stop,1.53,-6.893,-2.159,0.59,-0.341,5.264,-0.1809,-0.261,0.724,0.165,12.92,Wed
squeeze_breakout,TSLA,2026-07-15,2026-07-15 12:15:00-04:00,392.7435,2026-07-15 13:25:00-04:00,396.2346,25,short,-87.28,-0.8889,70.0,squeeze breakdown below lower band 393.75,stop,1.295,-2.105,-1.537,0.86,-0.424,2.767,-0.0525,-0.211,0.431,0.014,12.25,Wed
rsi2_reversion,MSTR,2026-07-15,2026-07-15 13:00:00-04:00,98.4857,2026-07-15 13:30:00-04:00,98.7694,101,short,-28.65,-0.288,30.0,RSI(2)=94 rip below VWAP,signal,2.296,-1.297,-0.364,0.47,-0.308,5.242,-0.0318,0.209,0.749,0.331,13.0,Wed
rsi2_reversion,TSLA,2026-07-15,2026-07-15 13:00:00-04:00,393.3033,2026-07-15 13:30:00-04:00,397.4349,25,short,-103.29,-1.0505,30.0,RSI(2)=94 rip below VWAP,stop,1.295,-1.966,-1.145,0.45,-0.308,2.593,-0.0535,-0.169,0.369,0.166,13.0,Wed
rsi2_reversion,NVDA,2026-07-15,2026-07-15 12:55:00-04:00,207.3262,2026-07-15 13:30:00-04:00,209.5041,48,short,-104.54,-1.0505,35.0,RSI(2)=94 rip below VWAP,stop,0.099,-2.209,-1.155,0.7,-0.341,2.419,-0.0686,-0.405,0.396,0.166,12.92,Wed
rsi2_reversion,AMD,2026-07-15,2026-07-15 13:20:00-04:00,523.6381,2026-07-15 13:45:00-04:00,529.1389,19,short,-104.52,-1.0505,25.0,RSI(2)=99 rip below VWAP,stop,1.53,-5.824,-0.955,0.55,-0.237,5.159,-0.1363,-0.191,0.66,0.286,13.33,Wed
rsi2_reversion,COIN,2026-07-15,2026-07-15 13:45:00-04:00,165.4627,2026-07-15 14:10:00-04:00,165.2423,60,long,-13.22,-0.1332,25.0,RSI(2)=7 dip above VWAP,signal,2.501,-0.071,0.832,0.62,-0.027,4.176,0.0309,0.113,0.599,0.718,13.75,Wed
ema_crossover,PLTR,2026-07-15,2026-07-15 14:05:00-04:00,133.4882,2026-07-15 14:10:00-04:00,134.157,74,short,-49.49,-0.501,5.0,EMA9/20 cross down below VWAP,stop,0.322,-0.508,-0.559,0.5,0.041,2.488,-0.0086,0.111,0.387,0.152,14.08,Wed
rsi2_reversion,NVDA,2026-07-15,2026-07-15 13:35:00-04:00,209.1205,2026-07-15 14:20:00-04:00,210.2051,47,short,-50.97,-0.5186,45.0,RSI(2)=95 rip below VWAP,signal,0.099,-1.363,-0.237,0.7,-0.113,2.383,-0.0454,-0.332,0.331,0.396,13.58,Wed
orb,COIN,2026-07-15,2026-07-15 09:50:00-04:00,161.0944,2026-07-15 14:25:00-04:00,167.5537,62,short,-400.48,-4.0096,275.0,break of opening range low 162.32,stop,2.501,-2.709,-2.107,0.67,-0.021,3.421,-0.8245,-0.043,1.436,0.106,9.83,Wed
ema_crossover,MSTR,2026-07-15,2026-07-15 14:10:00-04:00,97.8511,2026-07-15 14:35:00-04:00,98.6743,102,short,-83.97,-0.8413,25.0,EMA9/20 cross down below VWAP,signal,2.296,-1.933,-0.974,0.35,0.041,4.587,-0.0122,0.199,0.545,0.206,14.17,Wed
rsi2_reversion,MSTR,2026-07-15,2026-07-15 14:35:00-04:00,98.5757,2026-07-15 14:40:00-04:00,98.2841,101,short,29.45,0.2958,5.0,RSI(2)=94 rip below VWAP,signal,2.296,-1.207,-0.223,0.41,0.033,4.447,-0.0097,0.198,0.494,0.348,14.58,Wed
high_break_trail,COIN,2026-07-15,2026-07-15 14:30:00-04:00,167.8114,2026-07-15 14:45:00-04:00,166.5677,59,long,-73.38,-0.7411,15.0,"break of first-hour high 167.47, 2.0xATR trail",stop,2.501,1.348,2.04,2.6,0.077,3.994,0.0375,0.147,0.538,0.939,14.5,Wed
squeeze_breakout,COIN,2026-07-15,2026-07-15 14:30:00-04:00,167.8114,2026-07-15 14:55:00-04:00,165.7255,59,long,-123.07,-1.243,25.0,squeeze breakout above upper band 167.43,stop,2.501,1.348,2.04,2.6,0.077,3.994,0.0375,0.147,0.538,0.939,14.5,Wed
vwap_pullback,AMD,2026-07-15,2026-07-15 14:45:00-04:00,528.6455,2026-07-15 14:55:00-04:00,525.4152,18,short,58.14,0.611,10.0,rejection at session VWAP 528.80,target,1.53,-4.923,-0.029,0.35,-0.081,4.539,-0.0371,-0.158,0.451,0.387,14.75,Wed
rsi2_reversion,AMD,2026-07-15,2026-07-15 14:45:00-04:00,529.1744,2026-07-15 15:05:00-04:00,527.2463,18,long,-34.71,-0.3644,20.0,RSI(2)=10 dip above VWAP,signal,1.53,-4.828,0.071,0.35,-0.081,4.539,-0.0371,-0.158,0.451,0.398,14.75,Wed
rsi2_reversion,COIN,2026-07-15,2026-07-15 15:00:00-04:00,166.098,2026-07-15 15:10:00-04:00,166.9765,60,long,52.71,0.5289,10.0,RSI(2)=9 dip above VWAP,signal,2.501,0.313,0.834,1.12,-0.077,3.954,0.0402,0.127,0.536,0.706,15.0,Wed
vwap_pullback,MSTR,2026-07-15,2026-07-15 14:40:00-04:00,98.1859,2026-07-15 15:25:00-04:00,96.4187,101,short,178.49,1.7999,45.0,rejection at session VWAP 98.80,target,2.296,-1.598,-0.604,0.36,-0.029,4.455,-0.0103,0.207,0.509,0.272,14.67,Wed
ema_crossover,AMD,2026-07-15,2026-07-15 15:25:00-04:00,524.8824,2026-07-15 15:30:00-04:00,529.5246,19,short,-88.2,-0.8844,5.0,EMA9/20 cross down below VWAP,stop,1.53,-5.6,-0.716,0.6,-0.081,4.389,-0.0251,-0.17,0.5,0.311,15.42,Wed
high_break_trail,MSTR,2026-07-15,2026-07-15 15:00:00-04:00,96.8396,2026-07-15 15:40:00-04:00,97.4231,103,short,-60.11,-0.6026,40.0,"break of first-hour low 96.90, 2.0xATR trail",stop,2.296,-2.947,-1.897,1.01,-0.077,4.381,-0.0144,0.196,0.519,0.027,15.0,Wed
rsi2_reversion,COIN,2026-07-15,2026-07-15 15:30:00-04:00,166.013,2026-07-15 15:40:00-04:00,166.9968,60,long,59.03,0.5926,10.0,RSI(2)=7 dip above VWAP,signal,2.501,0.261,0.708,0.51,-0.13,3.842,0.0389,0.134,0.507,0.695,15.5,Wed
rsi2_reversion,PLTR,2026-07-15,2026-07-15 15:30:00-04:00,133.6831,2026-07-15 15:50:00-04:00,133.6568,74,short,1.95,0.0197,20.0,RSI(2)=92 rip below VWAP,signal,0.322,-0.363,-0.344,0.53,-0.13,2.241,-0.0073,0.088,0.27,0.201,15.5,Wed
orb,NVDA,2026-07-15,2026-07-15 09:55:00-04:00,210.9295,2026-07-15 15:55:00-04:00,212.5963,47,short,-78.34,-0.7902,360.0,break of opening range low 211.16,eod,0.099,-0.51,-0.609,0.54,0.028,3.403,-0.1418,0.001,1.035,0.071,9.92,Wed
ema_crossover,MSTR,2026-07-15,2026-07-15 14:45:00-04:00,97.6711,2026-07-15 15:55:00-04:00,97.5087,102,short,16.57,0.1663,70.0,EMA9/20 cross down below VWAP,eod,2.296,-2.114,-1.109,1.0,-0.081,4.423,-0.0111,0.211,0.507,0.171,14.75,Wed
orb,PLTR,2026-07-15,2026-07-15 09:50:00-04:00,133.1834,2026-07-15 15:55:00-04:00,133.8169,75,short,-47.51,-0.4757,365.0,break of opening range low 134.17,eod,0.322,-0.735,-1.301,0.66,-0.021,3.125,-0.4708,-0.981,1.737,0.045,9.83,Wed
orb,MSTR,2026-07-15,2026-07-15 09:50:00-04:00,97.4762,2026-07-15 15:55:00-04:00,97.5087,102,short,-3.31,-0.0333,365.0,break of opening range low 99.13,eod,2.296,-2.309,-2.489,0.67,-0.021,8.879,-1.1635,-0.49,1.703,0.115,9.83,Wed
vwap_pullback,NVDA,2026-07-15,2026-07-15 10:25:00-04:00,209.835,2026-07-15 15:55:00-04:00,212.6218,47,short,-130.98,-1.3281,330.0,rejection at session VWAP 211.88,stop,0.099,-1.026,-0.911,0.81,0.05,3.855,-0.0843,-0.644,0.883,0.107,10.42,Wed
squeeze_breakout,TSLA,2026-07-15,2026-07-15 13:35:00-04:00,398.154,2026-07-15 15:55:00-04:00,393.9929,25,long,-104.03,-1.0451,140.0,squeeze breakout above upper band 397.22,eod,1.295,-0.757,0.116,1.13,-0.113,2.573,-0.0343,-0.118,0.352,0.47,13.58,Wed
vwap_pullback,TSLA,2026-07-15,2026-07-15 14:20:00-04:00,397.1463,2026-07-15 15:55:00-04:00,394.3871,25,short,68.98,0.6948,95.0,rejection at session VWAP 397.75,eod,1.295,-1.008,-0.15,0.57,0.061,2.409,-0.0146,-0.112,0.285,0.407,14.33,Wed
squeeze_breakout,NVDA,2026-07-15,2026-07-15 15:05:00-04:00,211.4957,2026-07-15 15:55:00-04:00,212.3838,47,long,41.74,0.4199,50.0,squeeze breakout above upper band 211.24,eod,0.099,-0.243,0.831,1.01,-0.089,2.209,-0.0085,-0.259,0.285,0.702,15.08,Wed
ema_crossover,TSLA,2026-07-15,2026-07-15 14:55:00-04:00,395.1373,2026-07-15 15:55:00-04:00,394.3871,25,short,18.76,0.1899,60.0,EMA9/20 cross down below VWAP,eod,1.295,-1.509,-0.632,0.62,-0.139,2.305,-0.011,-0.105,0.266,0.281,14.92,Wed
orb,TSLA,2026-07-15,2026-07-15 09:55:00-04:00,397.9208,2026-07-15 15:55:00-04:00,394.3871,25,short,88.34,0.8881,360.0,break of opening range low 400.48,eod,1.295,-0.815,-1.114,0.75,0.028,2.803,-0.361,-0.312,0.956,0.053,9.92,Wed
squeeze_breakout,MSTR,2026-07-15,2026-07-15 14:45:00-04:00,97.6711,2026-07-15 15:55:00-04:00,97.5087,102,short,16.57,0.1663,70.0,squeeze breakdown below lower band 97.77,eod,2.296,-2.114,-1.109,1.0,-0.081,4.423,-0.0111,0.211,0.507,0.171,14.75,Wed
orb,TSLA,2026-07-16,2026-07-16 09:50:00-04:00,386.1868,2026-07-16 10:10:00-04:00,392.6962,25,short,-162.74,-1.6856,20.0,break of opening range low 386.56,stop,-0.467,-1.571,-0.51,0.56,-0.17,0.91,-0.1985,-0.187,1.147,0.072,9.83,Thu
vwap_pullback,NVDA,2026-07-16,2026-07-16 10:25:00-04:00,208.2306,2026-07-16 10:50:00-04:00,206.2395,48,short,95.57,0.9562,25.0,rejection at session VWAP 208.65,target,-1.047,-0.968,-0.201,0.56,0.211,2.333,0.0147,0.235,0.631,0.269,10.42,Thu
ar_forecast,COIN,2026-07-16,2026-07-16 10:35:00-04:00,163.4582,2026-07-16 10:55:00-04:00,163.5017,61,short,-2.65,-0.0266,20.0,AR(12) forecasts -0.56% over 6 bars,signal,-1.058,-1.222,0.528,0.45,0.157,5.451,0.1548,0.098,1.602,0.56,10.58,Thu
ar_forecast,MSTR,2026-07-16,2026-07-16 10:40:00-04:00,94.7276,2026-07-16 11:00:00-04:00,94.4572,105,short,28.39,0.2855,20.0,AR(12) forecasts -0.28% over 6 bars,signal,-1.621,-1.202,-0.258,0.76,0.214,4.59,0.0321,-0.083,1.004,0.353,10.67,Thu
ar_forecast,PLTR,2026-07-16,2026-07-16 10:35:00-04:00,131.6741,2026-07-16 11:05:00-04:00,132.2761,75,short,-45.15,-0.4572,30.0,AR(12) forecasts -0.29% over 6 bars,signal,-0.351,-1.205,0.666,0.46,0.157,3.426,0.1701,0.324,1.427,0.574,10.58,Thu
ar_forecast,AMD,2026-07-16,2026-07-16 10:50:00-04:00,510.0149,2026-07-16 11:05:00-04:00,511.0854,19,short,-20.34,-0.2099,15.0,AR(12) forecasts -0.19% over 6 bars,signal,-3.68,0.134,-0.391,0.33,0.122,4.829,-0.0196,0.166,1.261,0.359,10.83,Thu
rsi2_reversion,COIN,2026-07-16,2026-07-16 11:15:00-04:00,162.9114,2026-07-16 11:25:00-04:00,163.6282,61,long,43.72,0.44,10.0,RSI(2)=8 dip above VWAP,signal,-1.058,-1.552,0.084,0.29,0.116,4.421,0.074,0.052,1.138,0.48,11.25,Thu
high_break_trail,MSTR,2026-07-16,2026-07-16 11:15:00-04:00,93.5182,2026-07-16 11:25:00-04:00,95.2601,106,short,-184.64,-1.8626,10.0,"break of first-hour low 93.70, 2.0xATR trail",stop,-1.621,-2.463,-1.375,0.35,0.116,4.291,-0.0397,-0.182,0.882,0.022,11.25,Thu
vwap_pullback,MSTR,2026-07-16,2026-07-16 10:55:00-04:00,94.1879,2026-07-16 11:25:00-04:00,95.286,106,short,-116.4,-1.1658,30.0,rejection at session VWAP 94.95,stop,-1.621,-1.765,-0.768,0.55,0.187,4.468,-0.0006,-0.12,0.958,0.198,10.92,Thu
ar_forecast,COIN,2026-07-16,2026-07-16 11:05:00-04:00,163.2816,2026-07-16 11:35:00-04:00,163.7181,61,long,26.63,0.2673,30.0,AR(12) forecasts +0.26% over 6 bars,signal,-1.058,-1.328,0.314,0.44,0.102,4.615,0.0957,0.062,1.251,0.534,11.08,Thu
ar_forecast,MSTR,2026-07-16,2026-07-16 11:25:00-04:00,94.7925,2026-07-16 11:35:00-04:00,94.8824,105,short,-9.44,-0.0949,10.0,AR(12) forecasts -0.15% over 6 bars,signal,-1.621,-1.134,-0.029,0.4,0.138,4.357,-0.0269,-0.05,0.87,0.425,11.42,Thu
rsi2_reversion,COIN,2026-07-16,2026-07-16 11:50:00-04:00,163.0365,2026-07-16 11:55:00-04:00,163.828,61,long,48.29,0.4855,5.0,RSI(2)=8 dip above VWAP,signal,-1.058,-1.477,0.099,0.34,0.137,4.081,0.0496,0.057,0.906,0.498,11.83,Thu
rsi2_reversion,NVDA,2026-07-16,2026-07-16 11:30:00-04:00,206.9265,2026-07-16 12:05:00-04:00,207.6338,48,short,-33.95,-0.3418,35.0,RSI(2)=90 rip below VWAP,signal,-1.047,-1.588,-0.455,0.7,0.191,2.037,-0.0414,0.203,0.464,0.206,11.5,Thu
vwap_pullback,MSTR,2026-07-16,2026-07-16 11:45:00-04:00,94.0879,2026-07-16 12:25:00-04:00,95.1417,106,short,-111.7,-1.12,40.0,rejection at session VWAP 94.81,stop,-1.621,-1.869,-0.738,0.5,0.104,4.129,-0.0237,-0.03,0.787,0.202,11.75,Thu
vwap_pullback,AMD,2026-07-16,2026-07-16 10:55:00-04:00,507.2962,2026-07-16 12:25:00-04:00,513.8148,19,short,-123.85,-1.285,90.0,rejection at session VWAP 512.02,stop,-3.68,-0.399,-0.904,0.69,0.187,4.849,-0.0211,0.116,1.22,0.159,10.92,Thu
orb,MSTR,2026-07-16,2026-07-16 11:15:00-04:00,93.5182,2026-07-16 12:25:00-04:00,96.6583,106,short,-332.85,-3.3577,70.0,break of opening range low 93.70,stop,-1.621,-2.463,-1.375,0.35,0.116,4.291,-0.0397,-0.182,0.882,0.022,11.25,Thu
high_break_trail,NVDA,2026-07-16,2026-07-16 10:55:00-04:00,206.4067,2026-07-16 12:25:00-04:00,208.3234,48,short,-92.0,-0.9286,90.0,"break of first-hour low 207.18, 2.0xATR trail",stop,-1.047,-1.835,-0.92,1.44,0.187,2.178,-0.0281,0.21,0.556,0.08,10.92,Thu
ar_forecast,AMD,2026-07-16,2026-07-16 12:10:00-04:00,503.8579,2026-07-16 12:25:00-04:00,509.151,19,short,-100.57,-1.0505,15.0,AR(12) forecasts -0.16% over 6 bars,stop,-3.68,-1.074,-1.25,0.67,-0.096,3.948,-0.0465,0.09,0.77,0.156,12.17,Thu
orb,AMD,2026-07-16,2026-07-16 11:15:00-04:00,506.5666,2026-07-16 12:25:00-04:00,518.9994,19,short,-236.22,-2.4543,70.0,break of opening range low 507.36,stop,-3.68,-0.543,-0.948,0.72,0.116,4.534,-0.0355,0.108,1.076,0.106,11.25,Thu
orb,NVDA,2026-07-16,2026-07-16 09:50:00-04:00,207.2324,2026-07-16 12:25:00-04:00,211.1855,48,short,-189.75,-1.9076,155.0,break of opening range low 207.48,stop,-1.047,-1.442,-0.81,0.56,-0.17,2.587,-0.2057,0.963,0.772,0.013,9.83,Thu
ema_crossover,TSLA,2026-07-16,2026-07-16 12:10:00-04:00,389.84,2026-07-16 12:25:00-04:00,393.4966,25,short,-91.42,-0.938,15.0,EMA9/20 cross down below VWAP,stop,-0.467,-0.64,-0.261,0.73,-0.096,2.834,0.0346,-0.118,0.492,0.452,12.17,Thu
high_break_trail,AMD,2026-07-16,2026-07-16 12:05:00-04:00,504.0478,2026-07-16 12:25:00-04:00,507.1215,19,short,-58.4,-0.6098,20.0,"break of first-hour low 505.13, 2.0xATR trail",stop,-3.68,-1.037,-1.258,0.91,0.017,3.924,-0.0409,0.096,0.777,0.067,12.08,Thu
vwap_pullback,NVDA,2026-07-16,2026-07-16 12:10:00-04:00,206.9365,2026-07-16 12:25:00-04:00,208.5547,48,short,-77.68,-0.782,15.0,rejection at session VWAP 207.83,stop,-1.047,-1.583,-0.419,0.65,-0.096,1.843,-0.0226,0.22,0.385,0.208,12.17,Thu
ar_forecast,PLTR,2026-07-16,2026-07-16 12:45:00-04:00,133.4567,2026-07-16 12:55:00-04:00,133.913,74,long,33.77,0.3419,10.0,AR(12) forecasts +0.16% over 6 bars,signal,-0.351,0.133,1.309,0.47,-0.1,2.808,0.064,-0.088,0.561,0.915,12.75,Thu
vwap_pullback,TSLA,2026-07-16,2026-07-16 10:15:00-04:00,392.5412,2026-07-16 13:10:00-04:00,387.25,25,long,-132.28,-1.3479,175.0,bounce off session VWAP 388.61,stop,-0.467,0.049,0.92,0.84,0.146,2.947,0.1665,0.786,0.979,0.819,10.25,Thu
rsi2_reversion,PLTR,2026-07-16,2026-07-16 13:15:00-04:00,133.3066,2026-07-16 13:20:00-04:00,133.6214,75,long,23.61,0.2362,5.0,RSI(2)=10 dip above VWAP,signal,-0.351,0.02,1.044,0.5,-0.045,2.735,0.0587,-0.069,0.487,0.826,13.25,Thu
vwap_pullback,COIN,2026-07-16,2026-07-16 13:15:00-04:00,162.3738,2026-07-16 13:30:00-04:00,163.7299,61,short,-82.72,-0.8352,15.0,rejection at session VWAP 163.16,stop,-1.058,-1.877,-0.476,0.47,-0.045,3.712,0.022,0.025,0.71,0.363,13.25,Thu
rsi2_reversion,MSTR,2026-07-16,2026-07-16 13:35:00-04:00,94.3728,2026-07-16 13:40:00-04:00,94.097,105,short,28.95,0.2922,5.0,RSI(2)=94 rip below VWAP,signal,-1.621,-1.572,-0.325,0.5,-0.147,3.547,-0.0153,-0.054,0.594,0.23,13.58,Thu
squeeze_breakout,NVDA,2026-07-16,2026-07-16 13:45:00-04:00,206.0968,2026-07-16 14:10:00-04:00,207.1829,48,short,-52.13,-0.527,25.0,squeeze breakdown below lower band 206.46,stop,-1.047,-1.982,-0.746,0.89,-0.143,1.718,-0.0129,0.005,0.348,0.037,13.75,Thu
rsi2_reversion,NVDA,2026-07-16,2026-07-16 14:25:00-04:00,207.1814,2026-07-16 14:30:00-04:00,206.9834,48,short,9.5,0.0955,5.0,RSI(2)=94 rip below VWAP,signal,-1.047,-1.467,-0.187,2.59,-0.246,1.646,-0.0114,-0.005,0.292,0.2,14.42,Thu
rsi2_reversion,AMD,2026-07-16,2026-07-16 14:10:00-04:00,494.8624,2026-07-16 14:35:00-04:00,495.5577,20,short,-13.9,-0.1405,25.0,RSI(2)=91 rip below VWAP,signal,-3.68,-2.841,-2.323,0.52,-0.27,3.28,-0.0758,0.046,0.595,0.082,14.17,Thu
rsi2_reversion,TSLA,2026-07-16,2026-07-16 14:10:00-04:00,389.6951,2026-07-16 14:40:00-04:00,389.7248,25,short,-0.74,-0.0076,30.0,RSI(2)=92 rip below VWAP,signal,-0.467,-0.677,-0.156,0.54,-0.27,2.384,-0.0137,-0.161,0.325,0.438,14.17,Thu
squeeze_breakout,PLTR,2026-07-16,2026-07-16 14:10:00-04:00,134.2571,2026-07-16 14:40:00-04:00,133.5692,74,long,-50.9,-0.5124,30.0,squeeze breakout above upper band 134.15,stop,-0.351,0.733,1.603,0.83,-0.27,2.52,0.049,-0.097,0.358,0.978,14.17,Thu
rsi2_reversion,PLTR,2026-07-16,2026-07-16 14:40:00-04:00,133.857,2026-07-16 14:50:00-04:00,133.8106,74,long,-3.44,-0.0347,10.0,RSI(2)=8 dip above VWAP,signal,-0.351,0.433,1.216,0.75,-0.298,2.406,0.0444,-0.083,0.314,0.908,14.67,Thu
ema_crossover,COIN,2026-07-16,2026-07-16 12:45:00-04:00,162.7736,2026-07-16 15:00:00-04:00,162.9264,61,short,-9.32,-0.0939,135.0,EMA9/20 cross down below VWAP,signal,-1.058,-1.636,-0.225,0.58,-0.1,3.799,0.0358,0.016,0.829,0.415,12.75,Thu
squeeze_breakout,NVDA,2026-07-16,2026-07-16 15:05:00-04:00,207.6538,2026-07-16 15:05:00-04:00,206.7896,48,long,-41.48,-0.4162,0.0,squeeze breakout above upper band 207.52,stop,-1.047,-1.242,0.059,0.88,-0.397,1.614,-0.009,-0.032,0.268,0.271,15.08,Thu
ar_forecast,NVDA,2026-07-16,2026-07-16 15:05:00-04:00,207.6538,2026-07-16 15:25:00-04:00,206.5167,48,long,-54.58,-0.5476,20.0,AR(12) forecasts +0.19% over 6 bars,signal,-1.047,-1.242,0.059,0.88,-0.397,1.614,-0.009,-0.032,0.268,0.271,15.08,Thu
vwap_pullback,TSLA,2026-07-16,2026-07-16 14:40:00-04:00,389.3352,2026-07-16 15:50:00-04:00,391.6713,25,short,-58.4,-0.6,70.0,rejection at session VWAP 390.30,stop,-0.467,-0.768,-0.246,0.72,-0.298,2.308,-0.0106,-0.161,0.298,0.402,14.67,Thu
rsi2_reversion,MSTR,2026-07-16,2026-07-16 15:25:00-04:00,94.9174,2026-07-16 15:50:00-04:00,93.9213,105,long,-104.6,-1.0495,25.0,RSI(2)=6 dip above VWAP,stop,-1.621,-1.004,0.22,0.57,-0.486,3.224,0.0024,-0.046,0.444,0.365,15.42,Thu
ema_crossover,MSTR,2026-07-16,2026-07-16 14:10:00-04:00,94.9675,2026-07-16 15:50:00-04:00,93.993,105,long,-102.32,-1.0261,100.0,EMA9/20 cross up above VWAP,signal,-1.621,-0.952,0.345,0.98,-0.27,3.534,-0.0133,-0.045,0.574,0.377,14.17,Thu
squeeze_breakout,AMD,2026-07-16,2026-07-16 13:40:00-04:00,493.9679,2026-07-16 15:55:00-04:00,500.0666,20,short,-121.97,-1.2346,135.0,squeeze breakdown below lower band 495.06,stop,-3.68,-3.016,-2.645,1.0,-0.178,3.411,-0.073,0.052,0.72,0.051,13.67,Thu
ema_crossover,NVDA,2026-07-16,2026-07-16 15:25:00-04:00,206.5167,2026-07-16 15:55:00-04:00,207.5737,48,short,-50.74,-0.5118,30.0,EMA9/20 cross down below VWAP,eod,-1.047,-1.783,-0.471,0.97,-0.486,1.572,-0.0088,-0.023,0.264,0.1,15.42,Thu
vwap_pullback,COIN,2026-07-16,2026-07-16 13:40:00-04:00,162.0589,2026-07-16 15:55:00-04:00,160.6103,61,short,88.37,0.8939,135.0,rejection at session VWAP 163.14,eod,-1.058,-2.067,-0.643,0.39,-0.178,3.641,0.0115,0.032,0.633,0.321,13.67,Thu
high_break_trail,PLTR,2026-07-16,2026-07-16 12:55:00-04:00,134.047,2026-07-16 15:55:00-04:00,134.3828,74,long,24.85,0.2505,180.0,"break of first-hour high 133.90, 2.0xATR trail",eod,-0.351,0.575,1.678,0.99,0.013,2.774,0.0643,-0.094,0.543,0.958,12.92,Thu
ema_crossover,COIN,2026-07-16,2026-07-16 15:25:00-04:00,161.6791,2026-07-16 15:55:00-04:00,160.6103,61,short,65.2,0.6611,30.0,EMA9/20 cross down below VWAP,eod,-1.058,-2.297,-0.561,0.45,-0.486,3.477,-0.0112,0.023,0.514,0.271,15.42,Thu
ar_forecast,AMD,2026-07-17,2026-07-17 10:35:00-04:00,485.2972,2026-07-17 10:35:00-04:00,490.3953,20,short,-101.96,-1.0505,0.0,AR(12) forecasts -0.51% over 6 bars,stop,-4.727,1.686,1.974,0.45,0.627,8.483,0.5078,0.303,1.93,0.756,10.58,Fri
ar_forecast,COIN,2026-07-17,2026-07-17 10:35:00-04:00,157.1214,2026-07-17 10:35:00-04:00,158.772,63,short,-103.99,-1.0505,0.0,AR(12) forecasts -0.36% over 6 bars,stop,-4.432,2.416,0.572,0.24,0.627,7.181,0.1766,-0.208,1.392,0.691,10.58,Fri
vwap_pullback,TSLA,2026-07-17,2026-07-17 10:35:00-04:00,379.9,2026-07-17 10:35:00-04:00,382.0499,26,short,-55.9,-0.5659,0.0,rejection at session VWAP 380.71,stop,-2.508,-0.365,-0.219,0.75,0.627,3.266,0.0468,0.204,0.758,0.444,10.58,Fri
ar_forecast,NVDA,2026-07-17,2026-07-17 10:35:00-04:00,203.4982,2026-07-17 10:40:00-04:00,204.5322,49,short,-50.67,-0.5081,5.0,AR(12) forecasts -0.17% over 6 bars,signal,-2.282,0.376,0.958,0.46,0.627,4.233,0.2416,0.384,0.985,0.672,10.58,Fri
ar_forecast,MSTR,2026-07-17,2026-07-17 10:35:00-04:00,92.9735,2026-07-17 11:05:00-04:00,93.1566,107,short,-19.59,-0.1969,30.0,AR(12) forecasts -0.47% over 6 bars,signal,-2.254,1.146,1.051,0.49,0.627,5.659,0.2432,-0.157,1.146,0.743,10.58,Fri
ar_forecast,PLTR,2026-07-17,2026-07-17 10:35:00-04:00,131.7741,2026-07-17 11:05:00-04:00,131.976,75,short,-15.14,-0.1532,30.0,AR(12) forecasts -0.21% over 6 bars,signal,-1.967,-0.023,0.658,0.51,0.627,2.951,0.1369,-0.182,1.076,0.793,10.58,Fri
ar_forecast,TSLA,2026-07-17,2026-07-17 10:40:00-04:00,381.58,2026-07-17 11:05:00-04:00,380.3801,26,short,31.2,0.3145,25.0,AR(12) forecasts -0.32% over 6 bars,signal,-2.508,0.076,0.222,0.56,0.512,3.331,0.0329,-0.026,0.742,0.723,10.67,Fri
ar_forecast,AMD,2026-07-17,2026-07-17 10:40:00-04:00,491.2992,2026-07-17 11:10:00-04:00,485.7428,20,short,111.13,1.131,30.0,AR(12) forecasts -0.21% over 6 bars,signal,-4.727,2.944,3.181,0.43,0.512,8.435,0.4606,0.185,1.873,0.937,10.67,Fri
ar_forecast,NVDA,2026-07-17,2026-07-17 10:45:00-04:00,203.3466,2026-07-17 11:10:00-04:00,203.0784,49,long,-13.14,-0.1319,25.0,AR(12) forecasts +0.31% over 6 bars,signal,-2.282,0.302,0.818,0.53,0.486,4.347,0.1874,0.18,0.95,0.653,10.75,Fri
ar_forecast,COIN,2026-07-17,2026-07-17 10:45:00-04:00,157.4237,2026-07-17 11:10:00-04:00,155.7715,63,long,-104.09,-1.0495,25.0,AR(12) forecasts +0.19% over 6 bars,stop,-4.432,2.613,0.729,0.3,0.486,7.027,0.1336,-0.264,1.332,0.737,10.75,Fri
rsi2_reversion,COIN,2026-07-17,2026-07-17 11:05:00-04:00,156.7233,2026-07-17 11:15:00-04:00,155.0785,63,long,-103.62,-1.0495,10.0,RSI(2)=9 dip above VWAP,stop,-4.432,2.156,0.234,0.69,0.376,6.301,0.0682,-0.232,1.159,0.63,11.08,Fri
rsi2_reversion,AMD,2026-07-17,2026-07-17 11:05:00-04:00,484.7523,2026-07-17 11:20:00-04:00,486.1268,20,long,27.49,0.2836,15.0,RSI(2)=6 dip above VWAP,signal,-4.727,1.572,1.562,0.35,0.376,7.441,0.2668,0.264,1.577,0.74,11.08,Fri
rsi2_reversion,MSTR,2026-07-17,2026-07-17 11:15:00-04:00,92.6263,2026-07-17 11:25:00-04:00,92.8885,107,long,28.06,0.2831,10.0,RSI(2)=4 dip above VWAP,signal,-2.254,0.768,0.441,0.59,0.331,4.985,0.0961,-0.118,0.93,0.655,11.25,Fri
ar_forecast,MSTR,2026-07-17,2026-07-17 11:25:00-04:00,92.8885,2026-07-17 11:35:00-04:00,93.8643,107,short,-104.41,-1.0505,10.0,AR(12) forecasts -0.20% over 6 bars,stop,-2.254,1.054,0.693,0.44,0.453,4.906,0.0866,-0.09,0.908,0.722,11.42,Fri
vwap_pullback,TSLA,2026-07-17,2026-07-17 10:50:00-04:00,379.0054,2026-07-17 11:50:00-04:00,382.0215,26,short,-78.42,-0.7958,60.0,rejection at session VWAP 380.69,stop,-2.508,-0.599,-0.433,0.59,0.45,3.182,0.011,0.029,0.694,0.296,10.83,Fri
rsi2_reversion,PLTR,2026-07-17,2026-07-17 11:50:00-04:00,131.2156,2026-07-17 11:55:00-04:00,131.5642,76,long,26.5,0.2657,5.0,RSI(2)=8 dip above VWAP,signal,-1.967,-0.447,0.049,0.37,0.54,2.736,0.0359,-0.092,0.651,0.567,11.83,Fri
ar_forecast,PLTR,2026-07-17,2026-07-17 11:25:00-04:00,131.3857,2026-07-17 11:55:00-04:00,131.5642,76,long,13.57,0.1359,30.0,AR(12) forecasts +0.15% over 6 bars,signal,-1.967,-0.318,0.188,0.39,0.453,2.929,0.0643,-0.087,0.785,0.611,11.42,Fri
ema_crossover,COIN,2026-07-17,2026-07-17 11:20:00-04:00,154.9125,2026-07-17 12:05:00-04:00,157.0985,64,short,-139.9,-1.4111,45.0,EMA9/20 cross down below VWAP,signal,-4.432,0.976,-0.87,0.87,0.298,6.065,0.0102,-0.182,1.073,0.355,11.33,Fri
ar_forecast,TSLA,2026-07-17,2026-07-17 12:30:00-04:00,382.3687,2026-07-17 13:00:00-04:00,384.2971,26,short,-50.14,-0.5043,30.0,AR(12) forecasts -0.17% over 6 bars,signal,-2.508,0.283,0.387,0.61,0.469,2.497,0.0162,-0.108,0.435,0.733,12.5,Fri
vwap_pullback,COIN,2026-07-17,2026-07-17 12:00:00-04:00,156.9784,2026-07-17 13:05:00-04:00,159.349,63,long,149.35,1.5101,65.0,bounce off session VWAP 156.22,target,-4.432,2.323,0.475,0.59,0.468,5.307,-0.0087,-0.179,0.777,0.669,12.0,Fri
orb,MSTR,2026-07-17,2026-07-17 09:50:00-04:00,92.056,2026-07-17 13:10:00-04:00,95.8401,108,long,408.68,4.1106,200.0,break of opening range high 92.00,target,-2.254,0.148,0.819,0.77,0.243,8.981,0.4745,-0.197,1.411,0.71,9.83,Fri
high_break_trail,NVDA,2026-07-17,2026-07-17 13:10:00-04:00,206.5982,2026-07-17 13:50:00-04:00,204.8615,48,long,-83.37,-0.8407,40.0,"break of first-hour high 206.20, 2.0xATR trail",stop,-2.282,1.906,1.953,0.48,0.585,2.92,0.0551,0.084,0.396,0.995,13.17,Fri
high_break_trail,TSLA,2026-07-17,2026-07-17 12:15:00-04:00,384.122,2026-07-17 13:50:00-04:00,381.9512,26,long,-56.44,-0.5651,95.0,"break of first-hour high 383.25, 2.0xATR trail",stop,-2.508,0.743,0.869,0.77,0.577,2.53,0.0141,-0.125,0.443,0.983,12.25,Fri
ema_crossover,TSLA,2026-07-17,2026-07-17 11:55:00-04:00,381.9909,2026-07-17 13:55:00-04:00,381.9539,26,long,-0.96,-0.0097,120.0,EMA9/20 cross up above VWAP,signal,-2.508,0.184,0.364,0.63,0.645,2.647,0.0019,-0.123,0.496,0.791,11.92,Fri
squeeze_breakout,NVDA,2026-07-17,2026-07-17 12:55:00-04:00,206.133,2026-07-17 13:55:00-04:00,204.6548,48,long,-70.95,-0.7171,60.0,squeeze breakout above upper band 206.02,stop,-2.282,1.676,1.777,0.51,0.571,2.991,0.0555,0.1,0.419,0.992,12.92,Fri
squeeze_breakout,AMD,2026-07-17,2026-07-17 13:30:00-04:00,505.0424,2026-07-17 13:55:00-04:00,500.7088,19,long,-82.34,-0.8581,25.0,squeeze breakout above upper band 504.58,stop,-4.727,5.823,4.152,0.67,0.61,5.189,0.1407,0.215,0.682,0.982,13.5,Fri
high_break_trail,COIN,2026-07-17,2026-07-17 13:10:00-04:00,159.5797,2026-07-17 14:05:00-04:00,158.8899,62,long,-42.77,-0.4323,55.0,"break of first-hour high 159.15, 2.0xATR trail",stop,-4.432,4.018,1.951,0.44,0.585,4.602,0.0279,-0.183,0.563,0.921,13.17,Fri
rsi2_reversion,NVDA,2026-07-17,2026-07-17 13:50:00-04:00,205.3126,2026-07-17 14:15:00-04:00,203.1579,48,long,-103.43,-1.0495,25.0,RSI(2)=9 dip above VWAP,stop,-2.282,1.271,1.231,0.33,0.38,2.748,0.0453,0.106,0.321,0.846,13.83,Fri
high_break_trail,MSTR,2026-07-17,2026-07-17 12:00:00-04:00,94.4672,2026-07-17 14:20:00-04:00,94.4445,105,long,-2.38,-0.024,140.0,"break of first-hour high 93.98, 2.0xATR trail",stop,-2.254,2.771,2.214,0.72,0.468,4.515,0.0785,-0.1,0.759,1.002,12.0,Fri
rsi2_reversion,AMD,2026-07-17,2026-07-17 14:00:00-04:00,500.215,2026-07-17 14:20:00-04:00,494.9652,19,long,-99.75,-1.0495,20.0,RSI(2)=4 dip above VWAP,stop,-4.727,4.812,2.898,0.43,0.346,4.978,0.1226,0.241,0.599,0.876,14.0,Fri
rsi2_reversion,COIN,2026-07-17,2026-07-17 14:10:00-04:00,159.0795,2026-07-17 14:30:00-04:00,157.41,62,long,-103.51,-1.0495,20.0,RSI(2)=5 dip above VWAP,stop,-4.432,3.692,1.362,0.72,0.274,4.292,0.0448,-0.167,0.467,0.793,14.17,Fri
squeeze_breakout,MSTR,2026-07-17,2026-07-17 13:10:00-04:00,95.4977,2026-07-17 14:30:00-04:00,94.0919,104,long,-146.21,-1.4721,80.0,squeeze breakout above upper band 95.13,stop,-2.254,3.892,2.789,0.92,0.585,4.177,0.072,-0.161,0.659,0.92,13.17,Fri
ema_crossover,PLTR,2026-07-17,2026-07-17 12:00:00-04:00,131.6858,2026-07-17 14:40:00-04:00,132.8335,75,long,86.08,0.8716,160.0,EMA9/20 cross up above VWAP,signal,-1.967,-0.09,0.396,0.42,0.468,2.642,0.0308,-0.097,0.623,0.69,12.0,Fri
rsi2_reversion,COIN,2026-07-17,2026-07-17 14:35:00-04:00,157.5487,2026-07-17 14:50:00-04:00,157.2514,63,long,-18.73,-0.1887,15.0,RSI(2)=0 dip above VWAP,signal,-4.432,2.694,0.361,0.51,0.222,4.151,0.0354,-0.145,0.442,0.606,14.58,Fri
rsi2_reversion,MSTR,2026-07-17,2026-07-17 14:20:00-04:00,94.6273,2026-07-17 14:50:00-04:00,94.3428,105,long,-29.87,-0.3006,30.0,RSI(2)=7 dip above VWAP,signal,-2.254,2.945,1.554,0.42,0.224,3.776,0.0624,-0.138,0.467,0.773,14.33,Fri
rsi2_reversion,TSLA,2026-07-17,2026-07-17 13:40:00-04:00,383.2815,2026-07-17 14:50:00-04:00,381.1393,26,long,-55.7,-0.5589,70.0,RSI(2)=3 dip above VWAP,signal,-2.508,0.522,0.478,0.78,0.474,2.212,0.0256,-0.072,0.313,0.716,13.67,Fri
rsi2_reversion,AMD,2026-07-17,2026-07-17 14:25:00-04:00,496.0179,2026-07-17 14:50:00-04:00,496.4916,20,long,9.47,0.0955,25.0,RSI(2)=0 dip above VWAP,signal,-4.727,3.933,1.958,0.38,0.22,4.821,0.1015,0.253,0.56,0.784,14.42,Fri
rsi2_reversion,NVDA,2026-07-17,2026-07-17 14:20:00-04:00,203.4867,2026-07-17 14:55:00-04:00,203.5081,49,long,1.05,0.0105,35.0,RSI(2)=0 dip above VWAP,signal,-2.282,0.371,0.304,0.62,0.224,2.66,0.0314,0.133,0.303,0.636,14.33,Fri
rsi2_reversion,PLTR,2026-07-17,2026-07-17 14:30:00-04:00,133.5767,2026-07-17 14:55:00-04:00,133.1284,74,long,-33.18,-0.3356,25.0,RSI(2)=7 dip above VWAP,signal,-1.967,1.344,1.26,0.56,0.213,2.296,0.0492,-0.055,0.348,0.791,14.5,Fri
high_break_trail,AMD,2026-07-17,2026-07-17 11:50:00-04:00,494.1069,2026-07-17 15:10:00-04:00,493.7303,20,long,-7.53,-0.0762,200.0,"break of first-hour high 493.39, 2.0xATR trail",stop,-4.727,3.532,3.172,0.4,0.54,6.358,0.1655,0.235,1.19,0.918,11.83,Fri
vwap_pullback,NVDA,2026-07-17,2026-07-17 14:55:00-04:00,203.7117,2026-07-17 15:10:00-04:00,202.1802,49,long,-75.04,-0.7518,15.0,bounce off session VWAP 202.89,stop,-2.282,0.482,0.403,0.39,0.309,2.531,0.0191,0.126,0.285,0.662,14.92,Fri
high_break_trail,PLTR,2026-07-17,2026-07-17 10:55:00-04:00,132.5362,2026-07-17 15:15:00-04:00,132.1632,75,long,-27.98,-0.2814,260.0,"break of first-hour high 132.39, 2.0xATR trail",stop,-1.967,0.555,1.141,0.37,0.4,2.854,0.1134,-0.209,0.937,0.953,10.92,Fri
squeeze_breakout,PLTR,2026-07-17,2026-07-17 12:45:00-04:00,132.8264,2026-07-17 15:20:00-04:00,131.7487,75,long,-80.83,-0.8114,155.0,squeeze breakout above upper band 132.72,stop,-1.967,0.775,1.173,0.42,0.645,2.61,0.0332,-0.104,0.528,0.845,12.75,Fri
vwap_pullback,COIN,2026-07-17,2026-07-17 14:50:00-04:00,157.4088,2026-07-17 15:25:00-04:00,156.4377,63,long,-61.18,-0.6169,35.0,bounce off session VWAP 156.99,stop,-4.432,2.603,0.263,0.89,0.334,4.07,0.0302,-0.141,0.431,0.589,14.83,Fri
rsi2_reversion,PLTR,2026-07-17,2026-07-17 15:15:00-04:00,132.3662,2026-07-17 15:30:00-04:00,132.0939,75,long,-20.42,-0.2057,15.0,RSI(2)=5 dip above VWAP,signal,-1.967,0.426,0.302,0.63,0.113,2.259,0.0345,0.011,0.326,0.58,15.25,Fri
vwap_pullback,NVDA,2026-07-17,2026-07-17 15:15:00-04:00,202.1589,2026-07-17 15:45:00-04:00,203.6019,49,short,-70.71,-0.7138,30.0,rejection at session VWAP 202.89,stop,-2.282,-0.284,-0.354,0.82,0.113,2.483,0.0127,0.144,0.284,0.483,15.25,Fri
rsi2_reversion,MSTR,2026-07-17,2026-07-17 15:25:00-04:00,93.9269,2026-07-17 15:45:00-04:00,94.3128,106,long,40.9,0.4108,20.0,RSI(2)=7 dip above VWAP,signal,-2.254,2.183,0.674,0.52,0.146,3.546,0.0405,-0.105,0.428,0.654,15.42,Fri
orb,COIN,2026-07-17,2026-07-17 09:50:00-04:00,157.1485,2026-07-17 15:55:00-04:00,156.9815,63,long,-10.53,-0.1063,365.0,break of opening range high 156.34,eod,-4.432,2.434,1.309,0.69,0.243,13.399,0.4249,-0.297,2.024,0.712,9.83,Fri
orb,PLTR,2026-07-17,2026-07-17 10:55:00-04:00,132.5362,2026-07-17 15:55:00-04:00,132.2738,75,long,-19.68,-0.198,300.0,break of opening range high 132.39,eod,-1.967,0.555,1.141,0.37,0.4,2.854,0.1134,-0.209,0.937,0.953,10.92,Fri
vwap_pullback,PLTR,2026-07-17,2026-07-17 10:20:00-04:00,132.146,2026-07-17 15:55:00-04:00,132.2738,75,long,9.58,0.0967,335.0,bounce off session VWAP 130.75,eod,-1.967,0.259,1.027,0.38,0.645,3.344,0.147,-0.228,1.227,0.927,10.33,Fri
orb,NVDA,2026-07-17,2026-07-17 10:10:00-04:00,204.7623,2026-07-17 15:55:00-04:00,202.5387,48,long,-106.74,-1.086,345.0,break of opening range high 202.74,eod,-2.282,1.0,1.885,0.54,0.566,4.746,0.3617,0.318,1.119,0.897,10.17,Fri
orb,AMD,2026-07-17,2026-07-17 10:10:00-04:00,488.8093,2026-07-17 15:55:00-04:00,495.2523,20,long,128.86,1.3181,345.0,break of opening range high 482.96,eod,-4.727,2.422,3.321,0.66,0.566,9.93,0.7034,0.288,2.265,0.873,10.17,Fri
ar_forecast,NVDA,2026-07-20,2026-07-20 10:35:00-04:00,205.6728,2026-07-20 10:40:00-04:00,205.3073,48,long,-17.54,-0.1777,5.0,AR(12) forecasts +0.20% over 6 bars,signal,1.646,-0.147,-0.303,0.69,-0.232,1.783,-0.0653,0.131,0.659,0.329,10.58,Mon
vwap_pullback,AMD,2026-07-20,2026-07-20 10:35:00-04:00,517.3936,2026-07-20 10:40:00-04:00,513.7574,19,long,-69.09,-0.7028,5.0,bounce off session VWAP 515.56,stop,4.338,0.077,0.348,0.48,-0.232,3.768,-0.0616,0.373,1.08,0.648,10.58,Mon
vwap_pullback,MSTR,2026-07-20,2026-07-20 10:30:00-04:00,96.7065,2026-07-20 10:45:00-04:00,95.4976,103,long,-124.52,-1.2501,15.0,bounce off session VWAP 95.83,stop,1.234,0.715,0.837,0.61,-0.241,4.612,0.0132,-0.086,1.222,0.837,10.5,Mon
ar_forecast,AMD,2026-07-20,2026-07-20 10:35:00-04:00,517.3936,2026-07-20 10:45:00-04:00,511.9635,19,long,-103.17,-1.0495,10.0,AR(12) forecasts +0.33% over 6 bars,stop,4.338,0.077,0.348,0.48,-0.232,3.768,-0.0616,0.373,1.08,0.648,10.58,Mon
ar_forecast,COIN,2026-07-20,2026-07-20 10:35:00-04:00,157.7788,2026-07-20 10:50:00-04:00,157.0215,63,long,-47.72,-0.48,15.0,AR(12) forecasts +0.26% over 6 bars,signal,1.038,-0.574,0.204,0.57,-0.232,4.82,-0.0488,-0.151,1.106,0.62,10.58,Mon
vwap_pullback,COIN,2026-07-20,2026-07-20 10:50:00-04:00,157.0215,2026-07-20 10:55:00-04:00,157.9998,63,short,-61.64,-0.6231,5.0,rejection at session VWAP 157.45,stop,1.038,-1.051,-0.27,0.42,-0.366,4.436,-0.0289,-0.176,0.988,0.441,10.83,Mon
ar_forecast,TSLA,2026-07-20,2026-07-20 10:40:00-04:00,375.4876,2026-07-20 11:00:00-04:00,373.1733,26,long,-60.17,-0.6164,20.0,AR(12) forecasts +0.22% over 6 bars,signal,0.898,-2.245,-0.676,0.52,-0.29,2.629,-0.1526,-0.043,0.556,0.164,10.67,Mon
vwap_pullback,MSTR,2026-07-20,2026-07-20 10:50:00-04:00,95.4423,2026-07-20 11:00:00-04:00,96.2516,104,short,-84.18,-0.848,10.0,rejection at session VWAP 95.91,stop,1.234,-0.602,-0.487,0.59,-0.366,4.33,-0.0134,-0.043,1.097,0.261,10.83,Mon
ar_forecast,MSTR,2026-07-20,2026-07-20 10:40:00-04:00,95.9485,2026-07-20 11:00:00-04:00,96.1419,104,long,20.11,0.2015,20.0,AR(12) forecasts +0.28% over 6 bars,signal,1.234,-0.074,0.031,0.92,-0.29,4.614,0.003,-0.047,1.165,0.491,10.67,Mon
ar_forecast,COIN,2026-07-20,2026-07-20 10:55:00-04:00,157.4812,2026-07-20 11:00:00-04:00,159.1356,63,short,-104.22,-1.0505,5.0,AR(12) forecasts -0.20% over 6 bars,stop,1.038,-0.762,0.014,0.29,-0.395,4.405,-0.0147,-0.121,0.95,0.549,10.92,Mon
orb,COIN,2026-07-20,2026-07-20 10:00:00-04:00,156.5016,2026-07-20 11:05:00-04:00,159.4447,63,short,-185.41,-1.8805,65.0,break of opening range low 156.70,stop,1.038,-1.379,-0.758,0.85,-0.157,6.091,-0.1569,-0.474,1.411,0.311,10.0,Mon
ar_forecast,PLTR,2026-07-20,2026-07-20 10:35:00-04:00,132.8664,2026-07-20 11:05:00-04:00,132.8385,75,long,-2.09,-0.021,30.0,AR(12) forecasts +0.19% over 6 bars,signal,0.688,-0.288,-0.421,0.62,-0.232,4.875,-0.0877,0.17,0.694,0.202,10.58,Mon
ar_forecast,NVDA,2026-07-20,2026-07-20 10:45:00-04:00,205.4272,2026-07-20 11:10:00-04:00,206.068,48,short,-30.76,-0.3119,25.0,AR(12) forecasts -0.21% over 6 bars,signal,1.646,-0.266,-0.399,0.42,-0.324,1.682,-0.0593,0.109,0.607,0.249,10.75,Mon
ar_forecast,AMD,2026-07-20,2026-07-20 10:55:00-04:00,510.6845,2026-07-20 11:20:00-04:00,509.0994,19,short,30.12,0.3104,25.0,AR(12) forecasts -0.30% over 6 bars,signal,4.338,-1.221,-0.873,0.37,-0.395,3.605,-0.074,0.404,1.009,0.244,10.92,Mon
ar_forecast,MSTR,2026-07-20,2026-07-20 11:05:00-04:00,96.8277,2026-07-20 11:20:00-04:00,97.8448,103,short,-104.77,-1.0505,15.0,AR(12) forecasts -0.43% over 6 bars,stop,1.234,0.841,0.884,0.82,-0.221,4.393,0.0204,0.063,1.015,0.892,11.08,Mon
ema_crossover,NVDA,2026-07-20,2026-07-20 11:35:00-04:00,206.2781,2026-07-20 11:35:00-04:00,205.5272,48,long,-36.04,-0.364,0.0,EMA9/20 cross up above VWAP,stop,1.646,0.147,0.08,0.53,-0.214,1.695,-0.0185,0.23,0.446,0.537,11.58,Mon
rsi2_reversion,NVDA,2026-07-20,2026-07-20 11:10:00-04:00,205.862,2026-07-20 11:40:00-04:00,205.7528,48,short,5.24,0.053,30.0,RSI(2)=91 rip below VWAP,signal,1.646,-0.055,-0.122,0.66,-0.303,1.755,-0.0414,0.217,0.525,0.406,11.17,Mon
ema_crossover,NVDA,2026-07-20,2026-07-20 11:40:00-04:00,205.5472,2026-07-20 11:45:00-04:00,206.2331,48,short,-32.92,-0.3337,5.0,EMA9/20 cross down below VWAP,signal,1.646,-0.208,-0.273,0.5,-0.146,1.72,-0.0157,0.147,0.437,0.306,11.67,Mon
vwap_pullback,PLTR,2026-07-20,2026-07-20 10:15:00-04:00,132.8735,2026-07-20 11:50:00-04:00,134.0599,75,short,-88.98,-0.8928,95.0,rejection at session VWAP 133.59,stop,0.688,-0.283,-0.51,0.63,-0.289,5.901,-0.1171,0.188,0.792,0.165,10.25,Mon
high_break_trail,AMD,2026-07-20,2026-07-20 11:00:00-04:00,507.646,2026-07-20 12:05:00-04:00,516.612,19,short,-170.35,-1.7662,65.0,"break of first-hour low 508.12, 2.0xATR trail",stop,4.338,-1.808,-1.432,0.6,-0.332,3.546,-0.0796,0.32,0.988,0.049,11.0,Mon
rsi2_reversion,AMD,2026-07-20,2026-07-20 11:35:00-04:00,512.5297,2026-07-20 12:05:00-04:00,517.9138,19,short,-102.3,-1.0505,30.0,RSI(2)=91 rip below VWAP,stop,4.338,-0.864,-0.381,0.52,-0.214,3.414,-0.056,0.272,0.819,0.393,11.58,Mon
vwap_pullback,AMD,2026-07-20,2026-07-20 10:50:00-04:00,511.8639,2026-07-20 12:05:00-04:00,517.2915,19,short,-103.12,-1.0604,75.0,rejection at session VWAP 515.48,stop,4.338,-0.992,-0.685,0.55,-0.366,3.549,-0.0606,0.39,1.005,0.261,10.83,Mon
high_break_trail,TSLA,2026-07-20,2026-07-20 10:55:00-04:00,373.4632,2026-07-20 12:05:00-04:00,375.75,26,short,-59.46,-0.6123,70.0,"break of first-hour low 373.72, 2.0xATR trail",stop,0.898,-2.772,-1.086,0.63,-0.395,2.382,-0.1307,-0.038,0.506,0.049,10.92,Mon
rsi2_reversion,TSLA,2026-07-20,2026-07-20 12:10:00-04:00,375.7458,2026-07-20 12:20:00-04:00,375.0574,26,short,17.9,0.1832,10.0,RSI(2)=98 rip below VWAP,signal,0.898,-2.178,-0.144,0.83,-0.036,2.269,-0.0514,0.156,0.38,0.319,12.17,Mon
vwap_pullback,COIN,2026-07-20,2026-07-20 11:05:00-04:00,159.0445,2026-07-20 12:35:00-04:00,162.9996,62,long,245.22,2.4868,90.0,bounce off session VWAP 157.50,target,1.038,0.223,0.937,0.63,-0.221,4.329,0.0215,-0.025,0.908,0.867,11.08,Mon
ema_crossover,AMD,2026-07-20,2026-07-20 12:00:00-04:00,514.7673,2026-07-20 12:35:00-04:00,511.4342,19,long,-63.33,-0.6475,35.0,EMA9/20 cross up above VWAP,stop,4.338,-0.431,0.059,0.34,-0.12,3.256,-0.0277,0.202,0.7,0.53,12.0,Mon
rsi2_reversion,AMD,2026-07-20,2026-07-20 12:30:00-04:00,515.2475,2026-07-20 12:40:00-04:00,509.84,19,long,-102.74,-1.0495,10.0,RSI(2)=9 dip above VWAP,stop,4.338,-0.338,0.134,0.4,-0.165,3.106,-0.0063,0.236,0.59,0.56,12.5,Mon
high_break_trail,PLTR,2026-07-20,2026-07-20 12:25:00-04:00,135.7979,2026-07-20 12:55:00-04:00,134.5155,73,long,-93.61,-0.9443,30.0,"break of first-hour high 135.38, 2.0xATR trail",stop,0.688,1.912,1.667,0.88,-0.075,3.338,0.0293,0.116,0.459,0.997,12.42,Mon
ar_forecast,TSLA,2026-07-20,2026-07-20 12:50:00-04:00,373.813,2026-07-20 13:10:00-04:00,372.9014,26,short,23.7,0.2439,20.0,AR(12) forecasts -0.19% over 6 bars,signal,0.898,-2.681,-0.606,0.64,-0.28,2.233,-0.0322,-0.013,0.354,0.169,12.83,Mon
rsi2_reversion,PLTR,2026-07-20,2026-07-20 13:10:00-04:00,134.3872,2026-07-20 13:20:00-04:00,134.6826,74,long,21.86,0.2199,10.0,RSI(2)=8 dip above VWAP,signal,0.688,0.853,0.465,0.54,-0.423,3.199,0.0359,0.044,0.403,0.596,13.17,Mon
ar_forecast,PLTR,2026-07-20,2026-07-20 13:05:00-04:00,134.4672,2026-07-20 13:35:00-04:00,135.6321,74,long,86.21,0.8663,30.0,AR(12) forecasts +0.19% over 6 bars,signal,0.688,0.913,0.536,0.44,-0.331,3.23,0.0368,0.047,0.411,0.618,13.08,Mon
orb,TSLA,2026-07-20,2026-07-20 09:50:00-04:00,380.1498,2026-07-20 13:35:00-04:00,371.6352,26,short,221.38,2.2398,225.0,break of opening range low 380.55,target,0.898,-1.031,-0.342,0.74,-0.081,1.453,-0.1665,0.265,0.714,0.229,9.83,Mon
high_break_trail,NVDA,2026-07-20,2026-07-20 12:45:00-04:00,204.2178,2026-07-20 13:50:00-04:00,204.5339,48,short,-15.17,-0.1548,65.0,"break of first-hour low 204.66, 2.0xATR trail",stop,1.646,-0.853,-0.84,1.09,-0.124,1.871,-0.0151,-0.154,0.337,0.005,12.75,Mon
rsi2_reversion,MSTR,2026-07-20,2026-07-20 13:45:00-04:00,99.1195,2026-07-20 13:55:00-04:00,99.5752,100,long,45.57,0.4597,10.0,RSI(2)=3 dip above VWAP,signal,1.234,3.228,1.453,1.03,-0.376,3.421,0.1013,0.023,0.481,0.827,13.75,Mon
vwap_pullback,PLTR,2026-07-20,2026-07-20 11:55:00-04:00,134.067,2026-07-20 14:00:00-04:00,136.2651,74,long,162.66,1.6396,125.0,bounce off session VWAP 133.33,target,0.688,0.613,0.539,0.85,-0.143,3.482,-0.0062,0.103,0.497,0.583,11.92,Mon
orb,MSTR,2026-07-20,2026-07-20 09:50:00-04:00,96.7083,2026-07-20 14:00:00-04:00,100.3348,103,long,373.53,3.7499,250.0,break of opening range high 96.60,target,1.234,0.717,0.809,0.47,-0.081,6.359,-0.0471,-0.978,1.513,0.953,9.83,Mon
ema_crossover,AMD,2026-07-20,2026-07-20 12:45:00-04:00,509.4751,2026-07-20 14:05:00-04:00,512.9163,19,short,-65.38,-0.6754,80.0,EMA9/20 cross down below VWAP,signal,4.338,-1.455,-0.963,0.69,-0.124,3.134,-0.0099,0.161,0.58,0.207,12.75,Mon
ema_crossover,TSLA,2026-07-20,2026-07-20 12:45:00-04:00,373.3404,2026-07-20 14:20:00-04:00,374.0669,26,short,-18.89,-0.1946,95.0,EMA9/20 cross down below VWAP,signal,0.898,-2.804,-0.742,0.8,-0.124,2.233,-0.0324,0.007,0.354,0.132,12.75,Mon
squeeze_breakout,MSTR,2026-07-20,2026-07-20 14:05:00-04:00,100.3201,2026-07-20 14:20:00-04:00,99.5416,99,long,-77.07,-0.776,15.0,squeeze breakout above upper band 100.05,stop,1.234,4.478,2.515,1.5,-0.292,3.358,0.0958,0.017,0.466,0.968,14.08,Mon
rsi2_reversion,NVDA,2026-07-20,2026-07-20 13:40:00-04:00,203.998,2026-07-20 14:25:00-04:00,204.4122,49,short,-20.3,-0.203,45.0,RSI(2)=94 rip below VWAP,signal,1.646,-0.96,-0.797,0.59,-0.442,1.771,-0.0261,-0.192,0.261,0.203,13.67,Mon
rsi2_reversion,TSLA,2026-07-20,2026-07-20 13:55:00-04:00,372.9284,2026-07-20 14:25:00-04:00,373.1865,26,short,-6.71,-0.0692,30.0,RSI(2)=93 rip below VWAP,signal,0.898,-2.911,-0.679,0.96,-0.336,2.025,-0.0293,0.009,0.268,0.158,13.92,Mon
high_break_trail,MSTR,2026-07-20,2026-07-20 11:05:00-04:00,96.9245,2026-07-20 14:30:00-04:00,98.8503,103,long,198.35,1.9868,205.0,"break of first-hour high 96.80, 2.0xATR trail",stop,1.234,0.942,0.985,0.82,-0.221,4.393,0.0204,0.063,1.015,0.936,11.08,Mon
high_break_trail,COIN,2026-07-20,2026-07-20 11:10:00-04:00,159.6948,2026-07-20 14:40:00-04:00,161.7142,62,long,125.2,1.2645,210.0,"break of first-hour high 159.39, 2.0xATR trail",stop,1.038,0.633,1.311,0.79,-0.303,4.217,0.0352,-0.031,0.884,0.956,11.17,Mon
rsi2_reversion,COIN,2026-07-20,2026-07-20 14:30:00-04:00,162.6713,2026-07-20 14:40:00-04:00,160.9641,61,long,-104.14,-1.0495,10.0,RSI(2)=5 dip above VWAP,stop,1.038,2.509,1.534,1.61,-0.454,3.337,0.0793,0.011,0.435,0.788,14.5,Mon
rsi2_reversion,MSTR,2026-07-20,2026-07-20 14:35:00-04:00,99.0195,2026-07-20 14:55:00-04:00,97.9803,100,long,-103.92,-1.0495,20.0,RSI(2)=3 dip above VWAP,stop,1.234,3.124,1.013,1.14,-0.466,3.357,0.0836,0.047,0.534,0.686,14.58,Mon
squeeze_breakout,AMD,2026-07-20,2026-07-20 14:10:00-04:00,516.0836,2026-07-20 15:00:00-04:00,510.8581,19,long,-99.28,-1.0125,50.0,squeeze breakout above upper band 514.58,stop,4.338,-0.176,0.413,0.63,-0.272,2.943,-0.0113,0.076,0.481,0.611,14.17,Mon
rsi2_reversion,COIN,2026-07-20,2026-07-20 14:45:00-04:00,161.1205,2026-07-20 15:10:00-04:00,159.4296,62,long,-104.84,-1.0495,25.0,RSI(2)=2 dip above VWAP,stop,1.038,1.532,0.502,1.47,-0.584,3.382,0.0708,0.032,0.451,0.625,14.75,Mon
vwap_pullback,NVDA,2026-07-20,2026-07-20 10:15:00-04:00,205.6171,2026-07-20 15:10:00-04:00,202.6616,48,short,141.87,1.4374,295.0,rejection at session VWAP 206.52,target,1.646,-0.174,-0.404,0.48,-0.289,1.812,-0.0922,0.28,0.775,0.236,10.25,Mon
rsi2_reversion,PLTR,2026-07-20,2026-07-20 15:15:00-04:00,135.6428,2026-07-20 15:20:00-04:00,135.6422,73,long,-0.05,-0.0005,5.0,RSI(2)=8 dip above VWAP,signal,0.688,1.796,0.982,0.71,-0.688,2.728,0.0382,0.009,0.304,0.777,15.25,Mon
ema_crossover,TSLA,2026-07-20,2026-07-20 14:30:00-04:00,372.4137,2026-07-20 15:55:00-04:00,369.7748,26,short,68.61,0.7086,85.0,EMA9/20 cross down below VWAP,eod,0.898,-3.045,-0.776,0.54,-0.454,1.937,-0.0236,0.031,0.251,0.12,14.5,Mon
ema_crossover,PLTR,2026-07-20,2026-07-20 11:30:00-04:00,133.6168,2026-07-20 15:55:00-04:00,134.7876,74,long,86.64,0.8762,265.0,EMA9/20 cross up above VWAP,eod,0.688,0.275,0.227,1.33,-0.158,3.742,-0.0255,0.139,0.54,0.44,11.5,Mon
news_momentum,MSTR,2026-07-20,2026-07-20 15:00:00-04:00,97.6711,2026-07-20 15:55:00-04:00,97.8589,102,short,-19.15,-0.1922,55.0,fresh headline <45m + breakdown on volume,eod,1.234,1.72,-0.367,1.49,-0.598,3.354,0.0651,0.075,0.539,0.463,15.0,Mon
vwap_pullback,TSLA,2026-07-20,2026-07-20 12:20:00-04:00,374.6826,2026-07-20 15:55:00-04:00,369.7748,26,short,127.6,1.3098,215.0,rejection at session VWAP 376.27,eod,0.898,-2.454,-0.418,0.7,-0.037,2.297,-0.0428,0.074,0.381,0.237,12.33,Mon
squeeze_breakout,AMD,2026-07-20,2026-07-20 15:15:00-04:00,506.9609,2026-07-20 15:55:00-04:00,503.6717,19,short,62.49,0.6488,40.0,squeeze breakdown below lower band 508.28,eod,4.338,-1.941,-1.328,1.01,-0.688,2.857,-0.0073,0.025,0.493,0.053,15.25,Mon
orb,NVDA,2026-07-20,2026-07-20 10:55:00-04:00,204.6176,2026-07-20 15:55:00-04:00,203.4817,48,short,54.53,0.5552,300.0,break of opening range low 205.08,eod,1.646,-0.659,-0.753,0.5,-0.395,1.648,-0.0614,0.086,0.562,0.012,10.92,Mon
orb,AMD,2026-07-20,2026-07-20 10:15:00-04:00,510.2448,2026-07-20 15:55:00-04:00,503.6717,19,short,124.89,1.2882,340.0,break of opening range low 510.63,eod,4.338,-1.306,-1.059,0.47,-0.289,3.704,-0.2074,0.168,1.19,0.111,10.25,Mon
squeeze_breakout,NVDA,2026-07-20,2026-07-20 12:45:00-04:00,204.2178,2026-07-20 15:55:00-04:00,203.4817,48,short,35.34,0.3605,190.0,squeeze breakdown below lower band 204.62,eod,1.646,-0.853,-0.84,1.09,-0.124,1.871,-0.0151,-0.154,0.337,0.005,12.75,Mon
vwap_pullback,AMD,2026-07-21,2026-07-21 10:10:00-04:00,522.9784,2026-07-21 10:20:00-04:00,530.0417,19,short,-134.2,-1.3506,10.0,rejection at session VWAP 528.19,stop,4.438,-0.529,-0.963,0.46,-0.073,4.38,-0.083,-0.075,1.326,0.029,10.17,Tue
orb,AMD,2026-07-21,2026-07-21 10:10:00-04:00,522.9784,2026-07-21 10:30:00-04:00,533.2665,19,short,-195.47,-1.9672,20.0,break of opening range low 524.03,stop,4.438,-0.529,-0.963,0.46,-0.073,4.38,-0.083,-0.075,1.326,0.029,10.17,Tue
ar_forecast,AMD,2026-07-21,2026-07-21 10:35:00-04:00,532.7963,2026-07-21 10:40:00-04:00,527.2046,18,long,-100.65,-1.0495,5.0,AR(12) forecasts +0.31% over 6 bars,stop,4.438,1.338,0.814,0.61,0.001,3.966,0.0396,0.049,1.136,0.784,10.58,Tue
ar_forecast,NVDA,2026-07-21,2026-07-21 10:35:00-04:00,205.0325,2026-07-21 10:50:00-04:00,205.1324,48,long,4.8,0.0487,15.0,AR(12) forecasts +0.15% over 6 bars,signal,2.045,-1.208,-0.467,0.49,0.001,2.291,-0.0669,-0.033,0.727,0.22,10.58,Tue
ar_forecast,MSTR,2026-07-21,2026-07-21 10:35:00-04:00,102.9485,2026-07-21 10:55:00-04:00,103.1165,97,short,-16.3,-0.1632,20.0,AR(12) forecasts -0.35% over 6 bars,signal,3.578,1.617,0.272,0.34,0.001,5.347,0.1185,0.139,1.22,0.611,10.58,Tue
vwap_pullback,AMD,2026-07-21,2026-07-21 10:30:00-04:00,531.1054,2026-07-21 11:00:00-04:00,526.3578,18,long,-85.46,-0.8939,30.0,bounce off session VWAP 528.21,stop,4.438,1.017,0.516,0.62,0.068,3.928,0.0365,0.09,1.149,0.654,10.5,Tue
vwap_pullback,MSTR,2026-07-21,2026-07-21 10:50:00-04:00,103.0215,2026-07-21 11:00:00-04:00,102.3224,97,long,-67.81,-0.6785,10.0,bounce off session VWAP 102.68,stop,3.578,1.689,0.321,0.66,0.054,4.793,0.0742,0.142,1.079,0.629,10.83,Tue
ar_forecast,TSLA,2026-07-21,2026-07-21 10:35:00-04:00,382.2488,2026-07-21 11:05:00-04:00,382.131,26,short,3.06,0.0308,30.0,AR(12) forecasts -0.26% over 6 bars,signal,0.376,3.038,1.274,0.58,0.001,1.715,0.1944,-0.224,0.872,0.918,10.58,Tue
ar_forecast,COIN,2026-07-21,2026-07-21 10:35:00-04:00,179.8301,2026-07-21 11:05:00-04:00,176.6783,55,short,173.35,1.7527,30.0,AR(12) forecasts -0.34% over 6 bars,signal,4.634,7.042,2.304,0.49,0.001,4.326,0.2901,-0.405,2.015,0.941,10.58,Tue
vwap_pullback,PLTR,2026-07-21,2026-07-21 10:30:00-04:00,134.5072,2026-07-21 11:05:00-04:00,133.2429,74,long,-93.56,-0.9399,35.0,bounce off session VWAP 133.71,stop,-0.653,0.397,0.582,0.5,0.068,2.281,0.0141,-0.211,1.324,0.95,10.5,Tue
ar_forecast,PLTR,2026-07-21,2026-07-21 10:35:00-04:00,134.186,2026-07-21 11:05:00-04:00,133.2633,74,long,-68.27,-0.6876,30.0,AR(12) forecasts +0.15% over 6 bars,signal,-0.653,0.157,0.329,0.46,0.001,2.185,0.0154,-0.206,1.253,0.857,10.58,Tue
rsi2_reversion,COIN,2026-07-21,2026-07-21 11:00:00-04:00,177.9389,2026-07-21 11:10:00-04:00,178.3008,56,long,20.26,0.2034,10.0,RSI(2)=9 dip above VWAP,signal,4.634,5.916,1.063,0.5,-0.039,4.432,0.1358,-0.028,1.611,0.792,11.0,Tue
ar_forecast,AMD,2026-07-21,2026-07-21 10:50:00-04:00,528.6455,2026-07-21 11:10:00-04:00,533.1114,18,short,-80.39,-0.8448,20.0,AR(12) forecasts -0.17% over 6 bars,signal,4.438,0.549,0.02,0.43,0.054,3.586,0.0315,0.066,1.006,0.465,10.83,Tue
ar_forecast,MSTR,2026-07-21,2026-07-21 11:05:00-04:00,102.2211,2026-07-21 11:15:00-04:00,102.6536,97,long,41.96,0.4232,10.0,AR(12) forecasts +0.25% over 6 bars,signal,3.578,0.899,-0.481,0.53,0.092,5.203,0.0443,-0.044,1.02,0.44,11.08,Tue
rsi2_reversion,TSLA,2026-07-21,2026-07-21 11:05:00-04:00,382.131,2026-07-21 11:30:00-04:00,381.719,26,long,-10.71,-0.1078,25.0,RSI(2)=7 dip above VWAP,signal,0.376,3.006,0.979,0.46,0.092,1.755,0.1315,0.117,0.671,0.862,11.08,Tue
ar_forecast,NVDA,2026-07-21,2026-07-21 11:10:00-04:00,206.143,2026-07-21 11:40:00-04:00,206.3118,48,long,8.1,0.0819,30.0,AR(12) forecasts +0.15% over 6 bars,signal,2.045,-0.673,0.101,0.63,0.123,1.963,-0.0105,0.0,0.563,0.46,11.17,Tue
ar_forecast,TSLA,2026-07-21,2026-07-21 11:10:00-04:00,382.3587,2026-07-21 11:40:00-04:00,380.9904,26,short,35.58,0.3579,30.0,AR(12) forecasts -0.20% over 6 bars,signal,0.376,3.067,1.02,0.41,0.123,1.776,0.1203,0.096,0.645,0.878,11.17,Tue
vwap_pullback,PLTR,2026-07-21,2026-07-21 11:30:00-04:00,133.0544,2026-07-21 11:45:00-04:00,134.153,75,short,-82.39,-0.8256,15.0,rejection at session VWAP 133.68,stop,-0.653,-0.687,-0.465,0.68,0.199,2.098,-0.0249,-0.216,0.755,0.53,11.5,Tue
ar_forecast,PLTR,2026-07-21,2026-07-21 11:20:00-04:00,133.3967,2026-07-21 11:50:00-04:00,134.0729,74,long,50.04,0.507,30.0,AR(12) forecasts +0.20% over 6 bars,signal,-0.653,-0.432,-0.224,0.69,0.183,2.146,-0.0225,-0.194,0.825,0.629,11.33,Tue
ar_forecast,COIN,2026-07-21,2026-07-21 11:20:00-04:00,178.6693,2026-07-21 11:50:00-04:00,180.1099,55,long,79.23,0.8063,30.0,AR(12) forecasts +0.20% over 6 bars,signal,4.634,6.351,1.408,0.28,0.183,4.442,0.0974,-0.253,1.329,0.85,11.33,Tue
ema_crossover,PLTR,2026-07-21,2026-07-21 11:55:00-04:00,134.1771,2026-07-21 12:20:00-04:00,133.0035,74,long,-86.85,-0.8747,25.0,EMA9/20 cross up above VWAP,stop,-0.653,0.151,0.35,0.59,0.165,2.001,-0.0083,-0.117,0.619,0.854,11.92,Tue
ema_crossover,NVDA,2026-07-21,2026-07-21 11:15:00-04:00,206.3131,2026-07-21 12:25:00-04:00,205.3373,48,long,-46.84,-0.473,70.0,EMA9/20 cross up above VWAP,signal,2.045,-0.591,0.181,0.53,0.15,1.915,-0.006,-0.002,0.532,0.496,11.25,Tue
rsi2_reversion,COIN,2026-07-21,2026-07-21 12:20:00-04:00,178.5392,2026-07-21 12:30:00-04:00,179.2803,56,long,41.5,0.4151,10.0,RSI(2)=9 dip above VWAP,signal,4.634,6.273,0.994,0.4,0.307,4.075,0.0708,-0.124,0.842,0.784,12.33,Tue
rsi2_reversion,TSLA,2026-07-21,2026-07-21 12:45:00-04:00,380.9204,2026-07-21 12:55:00-04:00,380.8495,26,long,-1.84,-0.0186,10.0,RSI(2)=8 dip above VWAP,signal,0.376,2.679,0.47,0.41,0.295,1.637,0.0277,0.051,0.322,0.776,12.75,Tue
squeeze_breakout,NVDA,2026-07-21,2026-07-21 12:30:00-04:00,204.9775,2026-07-21 13:10:00-04:00,206.1157,48,short,-54.64,-0.5553,40.0,squeeze breakdown below lower band 205.20,stop,2.045,-1.235,-0.482,0.58,0.321,1.647,0.0036,-0.008,0.338,0.208,12.5,Tue
rsi2_reversion,COIN,2026-07-21,2026-07-21 13:20:00-04:00,178.7693,2026-07-21 13:25:00-04:00,179.955,55,long,65.21,0.6632,5.0,RSI(2)=10 dip above VWAP,signal,4.634,6.41,0.968,0.29,0.283,3.83,0.0443,-0.117,0.621,0.8,13.33,Tue
vwap_pullback,NVDA,2026-07-21,2026-07-21 12:00:00-04:00,205.6771,2026-07-21 13:30:00-04:00,206.7445,48,short,-51.24,-0.519,90.0,rejection at session VWAP 206.02,stop,2.045,-0.898,-0.167,0.48,0.259,1.754,0.0114,-0.026,0.4,0.359,12.0,Tue
rsi2_reversion,TSLA,2026-07-21,2026-07-21 13:15:00-04:00,379.9204,2026-07-21 13:40:00-04:00,379.9599,26,long,1.03,0.0104,25.0,RSI(2)=5 dip above VWAP,signal,0.376,2.41,0.187,0.81,0.277,1.576,0.0169,0.082,0.268,0.705,13.25,Tue
high_break_trail,COIN,2026-07-21,2026-07-21 12:00:00-04:00,180.6603,2026-07-21 13:55:00-04:00,177.9258,55,long,-150.4,-1.5136,115.0,"break of first-hour high 180.55, 2.0xATR trail",stop,4.634,7.536,2.271,0.37,0.259,3.904,0.0895,-0.252,0.926,0.939,12.0,Tue
orb,MSTR,2026-07-21,2026-07-21 09:50:00-04:00,103.0515,2026-07-21 14:00:00-04:00,100.2998,97,long,-266.91,-2.6702,250.0,break of opening range high 102.17,stop,3.578,1.719,1.094,1.33,-0.163,6.59,0.5788,-0.163,1.588,0.836,9.83,Tue
gap_and_go,MSTR,2026-07-21,2026-07-21 09:50:00-04:00,103.0515,2026-07-21 14:00:00-04:00,100.3498,97,long,-262.06,-2.6217,250.0,"gap 3.6%, break of opening high 102.17",stop,3.578,1.719,1.094,1.33,-0.163,6.59,0.5788,-0.163,1.588,0.836,9.83,Tue
rsi2_reversion,PLTR,2026-07-21,2026-07-21 14:05:00-04:00,132.9935,2026-07-21 14:15:00-04:00,133.0274,75,short,-2.54,-0.0255,10.0,RSI(2)=91 rip below VWAP,signal,-0.653,-0.733,-0.421,0.41,0.29,1.734,-0.0174,-0.063,0.281,0.512,14.08,Tue
rsi2_reversion,AMD,2026-07-21,2026-07-21 14:15:00-04:00,541.6357,2026-07-21 14:25:00-04:00,542.8584,18,long,22.01,0.2258,10.0,RSI(2)=10 dip above VWAP,signal,4.438,3.02,1.612,0.8,0.257,2.633,0.0621,0.036,0.315,0.863,14.25,Tue
vwap_pullback,COIN,2026-07-21,2026-07-21 14:50:00-04:00,177.8739,2026-07-21 14:55:00-04:00,176.5939,56,long,-71.68,-0.7196,5.0,bounce off session VWAP 177.21,stop,4.634,5.877,0.372,0.49,0.264,3.421,0.0124,-0.096,0.464,0.735,14.83,Tue
high_break_trail,AMD,2026-07-21,2026-07-21 12:25:00-04:00,537.8538,2026-07-21 15:00:00-04:00,541.789,18,long,70.83,0.7316,155.0,"break of first-hour high 535.60, 2.0xATR trail",stop,4.438,2.3,1.432,0.87,0.318,3.135,0.0521,0.087,0.543,0.945,12.42,Tue
vwap_pullback,TSLA,2026-07-21,2026-07-21 13:40:00-04:00,380.3401,2026-07-21 15:00:00-04:00,377.8995,26,long,-63.46,-0.6417,80.0,bounce off session VWAP 379.23,stop,0.376,2.523,0.293,0.35,0.319,1.524,0.0098,0.064,0.245,0.735,13.67,Tue
ema_crossover,PLTR,2026-07-21,2026-07-21 12:25:00-04:00,133.1134,2026-07-21 15:20:00-04:00,133.1565,75,short,-3.24,-0.0324,175.0,EMA9/20 cross down below VWAP,signal,-0.653,-0.643,-0.434,1.08,0.318,2.06,-0.0084,-0.066,0.521,0.547,12.42,Tue
high_break_trail,TSLA,2026-07-21,2026-07-21 10:50:00-04:00,383.7518,2026-07-21 15:25:00-04:00,377.5075,26,long,-162.35,-1.6272,275.0,"break of first-hour high 383.35, 2.0xATR trail",stop,0.376,3.443,1.496,0.75,0.054,1.659,0.1691,-0.13,0.756,0.977,10.83,Tue
high_break_trail,MSTR,2026-07-21,2026-07-21 14:55:00-04:00,100.2848,2026-07-21 15:25:00-04:00,100.8169,99,short,-52.68,-0.5306,30.0,"break of first-hour low 100.35, 2.0xATR trail",stop,3.578,-1.012,-1.982,0.48,0.279,3.325,-0.0408,-0.088,0.406,0.072,14.92,Tue
rsi2_reversion,AMD,2026-07-21,2026-07-21 15:05:00-04:00,542.5812,2026-07-21 15:35:00-04:00,540.8394,18,long,-31.35,-0.321,30.0,RSI(2)=7 dip above VWAP,signal,4.438,3.199,1.564,0.67,0.247,2.524,0.0556,0.053,0.345,0.782,15.08,Tue
squeeze_breakout,MSTR,2026-07-21,2026-07-21 13:55:00-04:00,100.8496,2026-07-21 15:45:00-04:00,101.4826,99,short,-62.67,-0.6277,110.0,squeeze breakdown below lower band 101.03,stop,3.578,-0.454,-1.571,0.29,0.308,3.635,-0.037,-0.096,0.461,0.118,13.92,Tue
ema_crossover,MSTR,2026-07-21,2026-07-21 11:45:00-04:00,102.3088,2026-07-21 15:50:00-04:00,101.3957,97,short,88.58,0.8925,245.0,EMA9/20 cross down below VWAP,signal,3.578,0.986,-0.394,0.19,0.204,4.63,0.008,-0.12,0.8,0.461,11.75,Tue
squeeze_breakout,TSLA,2026-07-21,2026-07-21 14:55:00-04:00,378.5206,2026-07-21 15:55:00-04:00,379.1094,26,short,-15.31,-0.1555,60.0,squeeze breakdown below lower band 378.99,eod,0.376,2.033,-0.2,0.51,0.279,1.445,0.0009,0.053,0.198,0.606,14.92,Tue
squeeze_breakout,NVDA,2026-07-21,2026-07-21 13:35:00-04:00,206.9884,2026-07-21 15:55:00-04:00,207.0764,48,long,4.22,0.0425,140.0,squeeze breakout above upper band 206.68,eod,2.045,-0.266,0.508,1.02,0.323,1.598,0.0036,0.016,0.258,0.642,13.58,Tue
orb,TSLA,2026-07-21,2026-07-21 10:00:00-04:00,377.8188,2026-07-21 15:55:00-04:00,378.7304,26,long,23.7,0.2413,355.0,break of opening range high 376.94,eod,0.376,1.843,0.696,0.58,-0.117,2.443,0.1883,-0.339,1.173,0.804,10.0,Tue
ema_crossover,NVDA,2026-07-21,2026-07-21 13:20:00-04:00,206.123,2026-07-21 15:55:00-04:00,207.0764,48,long,45.76,0.4625,155.0,EMA9/20 cross up above VWAP,eod,2.045,-0.683,0.1,1.04,0.283,1.574,0.0006,-0.005,0.261,0.455,13.33,Tue
orb,NVDA,2026-07-21,2026-07-21 09:50:00-04:00,206.1019,2026-07-21 15:55:00-04:00,207.2836,48,short,-56.72,-0.5733,365.0,break of opening range low 206.26,eod,2.045,-0.693,-0.35,0.54,-0.163,2.289,-0.1201,0.835,0.988,0.182,9.83,Tue
orb,COIN,2026-07-21,2026-07-21 09:50:00-04:00,175.9479,2026-07-21 15:55:00-04:00,175.832,56,long,-6.49,-0.0659,365.0,break of opening range high 175.31,eod,4.634,4.731,1.337,0.67,-0.163,4.327,0.3016,-0.559,3.071,0.905,9.83,Tue
squeeze_breakout,AMD,2026-07-21,2026-07-21 12:45:00-04:00,540.0398,2026-07-21 15:55:00-04:00,544.1668,18,long,74.29,0.7642,190.0,squeeze breakout above upper band 539.64,eod,4.438,2.716,1.72,0.56,0.295,2.997,0.0587,0.072,0.486,0.926,12.75,Tue
vwap_pullback,COIN,2026-07-22,2026-07-22 10:10:00-04:00,173.1334,2026-07-22 10:10:00-04:00,171.4905,57,short,93.64,0.9489,0.0,rejection at session VWAP 173.48,target,-1.353,-0.234,-0.135,0.73,0.217,4.919,-0.0964,-0.13,1.281,0.511,10.17,Wed
orb,MSTR,2026-07-22,2026-07-22 10:05:00-04:00,101.3306,2026-07-22 10:15:00-04:00,99.7501,98,long,-154.89,-1.5598,10.0,break of opening range high 101.03,stop,-1.697,1.118,0.688,0.58,0.257,3.269,0.1022,0.021,1.001,0.75,10.08,Wed
ar_forecast,COIN,2026-07-22,2026-07-22 10:40:00-04:00,171.0555,2026-07-22 10:50:00-04:00,169.2603,58,long,-104.12,-1.0495,10.0,AR(12) forecasts +0.35% over 6 bars,stop,-1.353,-1.432,-0.796,1.25,0.021,4.043,-0.158,0.078,1.025,0.249,10.67,Wed
ar_forecast,MSTR,2026-07-22,2026-07-22 10:35:00-04:00,99.2104,2026-07-22 10:55:00-04:00,98.4092,100,short,80.12,0.8076,20.0,AR(12) forecasts -0.33% over 6 bars,signal,-1.697,-0.998,-1.12,0.47,0.092,4.123,-0.1304,0.265,0.926,0.117,10.58,Wed
ar_forecast,NVDA,2026-07-22,2026-07-22 10:45:00-04:00,207.3986,2026-07-22 10:55:00-04:00,207.986,48,long,28.19,0.2832,10.0,AR(12) forecasts +0.20% over 6 bars,signal,-0.664,0.774,0.189,0.78,0.1,1.872,0.0101,-0.273,0.57,0.747,10.75,Wed
ar_forecast,PLTR,2026-07-22,2026-07-22 10:35:00-04:00,127.3937,2026-07-22 11:05:00-04:00,126.8566,78,long,-41.89,-0.4216,30.0,AR(12) forecasts +0.15% over 6 bars,signal,-0.302,-3.65,-0.716,0.41,0.092,4.228,-0.0988,-0.647,1.326,0.086,10.58,Wed
vwap_pullback,NVDA,2026-07-22,2026-07-22 10:40:00-04:00,207.8276,2026-07-22 11:05:00-04:00,210.7208,48,long,138.88,1.3922,25.0,bounce off session VWAP 206.95,target,-0.664,0.983,0.41,0.64,0.021,1.854,0.0036,-0.197,0.584,0.877,10.67,Wed
ar_forecast,AMD,2026-07-22,2026-07-22 10:50:00-04:00,551.8258,2026-07-22 11:20:00-04:00,555.4122,18,long,64.56,0.6499,30.0,AR(12) forecasts +0.17% over 6 bars,signal,-1.366,2.761,1.047,0.6,0.107,4.572,0.0452,-0.286,0.931,0.905,10.83,Wed
ar_forecast,COIN,2026-07-22,2026-07-22 10:55:00-04:00,168.7843,2026-07-22 11:25:00-04:00,170.6547,59,long,110.36,1.1082,30.0,AR(12) forecasts +0.36% over 6 bars,signal,-1.353,-2.74,-1.883,0.69,0.176,3.925,-0.1757,0.009,0.941,0.07,10.92,Wed
ar_forecast,NVDA,2026-07-22,2026-07-22 11:05:00-04:00,209.8949,2026-07-22 11:30:00-04:00,212.1189,47,long,104.53,1.0596,25.0,AR(12) forecasts +0.16% over 6 bars,signal,-0.664,1.987,1.035,1.07,0.267,2.55,0.0664,0.119,0.571,0.721,11.08,Wed
rsi2_reversion,MSTR,2026-07-22,2026-07-22 11:20:00-04:00,99.0405,2026-07-22 11:40:00-04:00,99.0945,100,short,-5.41,-0.0546,20.0,RSI(2)=96 rip below VWAP,signal,-1.697,-1.167,-0.88,0.43,0.36,3.386,-0.1139,0.287,0.696,0.24,11.33,Wed
ar_forecast,MSTR,2026-07-22,2026-07-22 11:35:00-04:00,99.2496,2026-07-22 11:50:00-04:00,99.0904,100,long,-15.92,-0.1604,15.0,AR(12) forecasts +0.15% over 6 bars,signal,-1.697,-0.958,-0.624,0.55,0.307,3.22,-0.089,0.283,0.621,0.295,11.58,Wed
high_break_trail,MSTR,2026-07-22,2026-07-22 10:45:00-04:00,98.6457,2026-07-22 12:05:00-04:00,99.9597,101,short,-132.72,-1.3321,80.0,"break of first-hour low 99.01, 2.0xATR trail",stop,-1.697,-1.561,-1.51,0.75,0.1,3.872,-0.148,0.255,0.874,0.064,10.75,Wed
rsi2_reversion,MSTR,2026-07-22,2026-07-22 12:00:00-04:00,99.6501,2026-07-22 12:20:00-04:00,99.7198,100,short,-6.97,-0.0699,20.0,RSI(2)=94 rip below VWAP,signal,-1.697,-0.559,-0.174,1.15,0.411,3.135,-0.0588,0.268,0.563,0.4,12.0,Wed
ema_crossover,TSLA,2026-07-22,2026-07-22 11:45:00-04:00,378.6092,2026-07-22 12:25:00-04:00,376.7215,26,long,-49.08,-0.4986,40.0,EMA9/20 cross up above VWAP,stop,-0.339,0.258,0.191,0.92,0.37,1.675,-0.0105,-0.1,0.344,0.67,11.75,Wed
news_momentum,TSLA,2026-07-22,2026-07-22 11:20:00-04:00,378.149,2026-07-22 12:25:00-04:00,376.4517,26,long,-44.13,-0.4488,65.0,fresh headline <45m + breakout on volume,stop,-0.339,0.136,0.072,1.74,0.36,1.759,-0.0215,-0.14,0.39,0.573,11.33,Wed
high_break_trail,COIN,2026-07-22,2026-07-22 10:45:00-04:00,170.1549,2026-07-22 12:30:00-04:00,171.8928,58,short,-100.8,-1.0214,105.0,"break of first-hour low 170.38, 2.0xATR trail",stop,-1.353,-1.951,-1.237,1.16,0.1,3.896,-0.1631,0.083,0.982,0.112,10.75,Wed
ar_forecast,AMD,2026-07-22,2026-07-22 12:10:00-04:00,557.3835,2026-07-22 12:30:00-04:00,555.877,17,long,-25.61,-0.2703,20.0,AR(12) forecasts +0.17% over 6 bars,signal,-1.366,3.796,1.587,0.37,0.414,3.579,0.0637,-0.207,0.538,0.955,12.17,Wed
orb,NVDA,2026-07-22,2026-07-22 09:55:00-04:00,208.0825,2026-07-22 13:00:00-04:00,214.2403,48,long,295.57,2.9593,185.0,break of opening range high 207.43,target,-0.664,1.107,0.589,0.77,0.289,1.876,0.1221,-0.958,0.758,0.955,9.92,Wed
squeeze_breakout,COIN,2026-07-22,2026-07-22 12:35:00-04:00,172.3011,2026-07-22 13:05:00-04:00,170.1025,58,long,-127.52,-1.276,30.0,squeeze breakout above upper band 171.42,stop,-1.353,-0.714,0.466,1.09,0.435,3.429,-0.05,0.147,0.532,0.6,12.58,Wed
ema_crossover,COIN,2026-07-22,2026-07-22 12:35:00-04:00,172.3011,2026-07-22 13:10:00-04:00,170.0161,58,long,-132.53,-1.3261,35.0,EMA9/20 cross up above VWAP,signal,-1.353,-0.714,0.466,1.09,0.435,3.429,-0.05,0.147,0.532,0.6,12.58,Wed
rsi2_reversion,NVDA,2026-07-22,2026-07-22 13:20:00-04:00,213.4259,2026-07-22 13:25:00-04:00,213.6231,46,long,9.07,0.0924,5.0,RSI(2)=9 dip above VWAP,signal,-0.664,3.703,1.243,0.61,0.342,2.12,0.0931,0.246,0.301,0.898,13.33,Wed
vwap_pullback,PLTR,2026-07-22,2026-07-22 10:15:00-04:00,127.3283,2026-07-22 13:50:00-04:00,124.0574,78,short,255.13,2.5688,215.0,rejection at session VWAP 128.61,target,-0.302,-3.7,-0.932,0.49,0.202,4.987,-0.134,-0.692,1.657,0.049,10.25,Wed
rsi2_reversion,AMD,2026-07-22,2026-07-22 13:55:00-04:00,554.8673,2026-07-22 14:05:00-04:00,555.5322,18,long,11.97,0.1198,10.0,RSI(2)=7 dip above VWAP,signal,-1.366,3.327,0.901,0.51,0.254,2.976,0.035,-0.183,0.343,0.846,13.92,Wed
orb,TSLA,2026-07-22,2026-07-22 09:50:00-04:00,379.8298,2026-07-22 14:10:00-04:00,375.2523,26,long,-119.02,-1.2052,260.0,break of opening range high 379.11,stop,-0.339,0.581,0.453,0.66,0.205,0.964,0.1582,-0.542,0.669,0.928,9.83,Wed
ema_crossover,MSTR,2026-07-22,2026-07-22 12:10:00-04:00,99.9099,2026-07-22 14:20:00-04:00,99.8501,100,long,-5.99,-0.0599,130.0,EMA9/20 cross up above VWAP,signal,-1.697,-0.299,0.088,0.97,0.414,3.058,-0.0461,0.26,0.546,0.468,12.17,Wed
squeeze_breakout,MSTR,2026-07-22,2026-07-22 14:15:00-04:00,99.7151,2026-07-22 14:45:00-04:00,100.1663,100,short,-45.12,-0.4525,30.0,squeeze breakdown below lower band 99.80,stop,-1.697,-0.494,-0.166,0.44,0.216,2.529,0.0043,0.244,0.33,0.417,14.25,Wed
squeeze_breakout,TSLA,2026-07-22,2026-07-22 13:35:00-04:00,376.4267,2026-07-22 15:10:00-04:00,374.2725,26,short,56.01,0.5723,95.0,squeeze breakdown below lower band 376.62,target,-0.339,-0.32,-0.367,0.93,0.367,1.371,-0.005,-0.106,0.213,0.209,13.58,Wed
rsi2_reversion,COIN,2026-07-22,2026-07-22 15:05:00-04:00,167.5162,2026-07-22 15:15:00-04:00,166.4132,59,short,65.08,0.6585,10.0,RSI(2)=90 rip below VWAP,signal,-1.353,-3.471,-1.78,0.55,0.21,2.914,-0.0486,0.135,0.349,0.135,15.08,Wed
rsi2_reversion,PLTR,2026-07-22,2026-07-22 15:15:00-04:00,124.1029,2026-07-22 15:25:00-04:00,124.102,80,short,0.07,0.0007,10.0,RSI(2)=94 rip below VWAP,signal,-0.302,-6.139,-1.717,0.93,0.2,2.389,-0.0562,-0.359,0.275,0.074,15.25,Wed
rsi2_reversion,PLTR,2026-07-22,2026-07-22 15:30:00-04:00,124.6576,2026-07-22 15:35:00-04:00,124.2721,80,short,30.84,0.3093,5.0,RSI(2)=92 rip below VWAP,signal,-0.302,-5.72,-1.218,0.95,0.146,2.453,-0.0536,-0.375,0.302,0.136,15.5,Wed
squeeze_breakout,AMD,2026-07-22,2026-07-22 15:30:00-04:00,559.0794,2026-07-22 15:35:00-04:00,555.3899,17,long,-62.72,-0.6599,5.0,squeeze breakout above upper band 558.30,stop,-1.366,4.112,1.416,1.64,0.146,2.674,0.022,-0.155,0.322,0.909,15.5,Wed
ema_crossover,MSTR,2026-07-22,2026-07-22 14:55:00-04:00,100.3101,2026-07-22 15:45:00-04:00,99.6402,99,long,-66.33,-0.6679,50.0,EMA9/20 cross up above VWAP,signal,-1.697,0.1,0.437,0.61,0.24,2.44,0.0041,0.237,0.326,0.574,14.92,Wed
ema_crossover,AMD,2026-07-22,2026-07-22 14:55:00-04:00,557.6087,2026-07-22 15:50:00-04:00,552.8334,17,long,-81.18,-0.8564,55.0,EMA9/20 cross up above VWAP,stop,-1.366,3.838,1.294,1.13,0.24,2.768,0.0235,-0.178,0.298,0.965,14.92,Wed
squeeze_breakout,TSLA,2026-07-22,2026-07-22 15:15:00-04:00,374.0629,2026-07-22 15:55:00-04:00,374.238,26,short,-4.55,-0.0468,40.0,squeeze breakdown below lower band 374.40,eod,-0.339,-0.946,-0.838,1.36,0.2,1.282,-0.0127,-0.135,0.195,0.049,15.25,Wed
vwap_pullback,TSLA,2026-07-22,2026-07-22 10:35:00-04:00,376.8115,2026-07-22 15:55:00-04:00,374.238,26,short,66.91,0.683,320.0,rejection at session VWAP 378.07,eod,-0.339,-0.218,-0.328,0.47,0.092,2.034,-0.0367,-0.023,0.519,0.29,10.58,Wed
vwap_pullback,MSTR,2026-07-22,2026-07-22 10:20:00-04:00,99.4403,2026-07-22 15:55:00-04:00,100.02,100,short,-57.97,-0.583,335.0,rejection at session VWAP 100.54,eod,-1.697,-0.768,-0.989,0.8,0.131,4.661,-0.0915,0.28,1.005,0.147,10.33,Wed
orb,COIN,2026-07-22,2026-07-22 10:15:00-04:00,171.0244,2026-07-22 15:55:00-04:00,166.2131,58,short,279.06,2.8133,340.0,break of opening range low 171.80,eod,-1.353,-1.45,-1.155,0.63,0.202,4.637,-0.1572,0.019,1.232,0.141,10.25,Wed
orb,AMD,2026-07-22,2026-07-22 09:55:00-04:00,550.6802,2026-07-22 15:55:00-04:00,551.8639,18,long,21.31,0.215,360.0,break of opening range high 549.11,eod,-1.366,2.548,1.195,0.55,0.289,4.513,0.3147,-0.204,1.221,0.842,9.92,Wed
high_break_trail,NVDA,2026-07-22,2026-07-22 11:00:00-04:00,209.2846,2026-07-22 15:55:00-04:00,211.9376,47,long,124.69,1.2677,295.0,"break of first-hour high 208.23, 2.0xATR trail",stop,-0.664,1.691,0.943,1.4,0.226,2.027,0.0444,-0.01,0.546,0.877,11.0,Wed
vwap_pullback,COIN,2026-07-22,2026-07-22 10:15:00-04:00,171.0244,2026-07-22 15:55:00-04:00,166.2131,58,short,279.06,2.8133,340.0,rejection at session VWAP 173.37,eod,-1.353,-1.45,-1.155,0.63,0.202,4.637,-0.1572,0.019,1.232,0.141,10.25,Wed
high_break_trail,PLTR,2026-07-22,2026-07-22 10:45:00-04:00,126.5667,2026-07-22 15:55:00-04:00,124.6423,79,short,152.03,1.5205,310.0,"break of first-hour low 126.93, 2.0xATR trail",eod,-0.302,-4.276,-1.243,0.98,0.1,3.974,-0.1015,-0.615,1.198,0.018,10.75,Wed
news_momentum,COIN,2026-07-22,2026-07-22 15:15:00-04:00,166.2468,2026-07-22 15:55:00-04:00,166.2131,60,short,2.03,0.0203,40.0,fresh headline <45m + breakdown on volume,eod,-1.353,-4.203,-2.431,1.93,0.2,2.931,-0.0496,0.128,0.376,0.02,15.25,Wed
high_break_trail,AMD,2026-07-22,2026-07-22 11:05:00-04:00,554.8392,2026-07-22 15:55:00-04:00,551.3647,18,long,-62.54,-0.6262,290.0,"break of first-hour high 553.56, 2.0xATR trail",stop,-1.366,3.322,1.429,0.79,0.267,4.433,0.0702,-0.212,0.872,0.867,11.08,Wed
orb,PLTR,2026-07-22,2026-07-22 10:20:00-04:00,127.1114,2026-07-22 15:55:00-04:00,124.6423,78,short,192.59,1.9425,335.0,break of opening range low 127.38,eod,-0.302,-3.864,-1.03,0.58,0.131,4.823,-0.1234,-0.672,1.577,0.034,10.33,Wed
ema_crossover,TSLA,2026-07-22,2026-07-22 12:30:00-04:00,377.1813,2026-07-22 15:55:00-04:00,374.238,26,short,76.53,0.7803,205.0,EMA9/20 cross down below VWAP,eod,-0.339,-0.12,-0.185,0.9,0.443,1.494,-0.0044,-0.081,0.278,0.368,12.5,Wed
high_break_trail,TSLA,2026-07-22,2026-07-22 14:15:00-04:00,375.1024,2026-07-22 15:55:00-04:00,374.6376,26,short,12.08,0.1239,100.0,"break of first-hour low 375.44, 2.0xATR trail",stop,-0.339,-0.671,-0.665,0.74,0.216,1.322,-0.0094,-0.125,0.202,-0.009,14.25,Wed
ar_forecast,COIN,2026-07-23,2026-07-23 10:40:00-04:00,162.8814,2026-07-23 10:40:00-04:00,161.172,61,long,-104.28,-1.0495,0.0,AR(12) forecasts +0.30% over 6 bars,stop,-1.854,-0.103,-0.104,0.47,-0.068,5.843,-0.0861,-0.126,1.277,0.427,10.67,Thu
ar_forecast,MSTR,2026-07-23,2026-07-23 10:40:00-04:00,95.2176,2026-07-23 10:40:00-04:00,94.2183,105,long,-104.93,-1.0495,0.0,AR(12) forecasts +0.24% over 6 bars,stop,-2.916,-1.893,-0.807,0.77,-0.068,4.285,-0.1239,-0.674,0.975,0.322,10.67,Thu
orb,COIN,2026-07-23,2026-07-23 09:50:00-04:00,165.3526,2026-07-23 10:40:00-04:00,160.9495,60,long,-264.19,-2.6629,50.0,break of opening range high 164.87,stop,-1.854,1.412,1.222,0.46,0.211,7.191,0.2869,-0.549,1.774,0.918,9.83,Thu
ar_forecast,COIN,2026-07-23,2026-07-23 10:50:00-04:00,160.9404,2026-07-23 10:55:00-04:00,160.5297,62,long,-25.47,-0.2552,5.0,AR(12) forecasts +0.20% over 6 bars,signal,-1.854,-1.294,-1.187,0.67,-0.166,5.447,-0.1136,-0.12,1.171,0.079,10.83,Thu
ar_forecast,NVDA,2026-07-23,2026-07-23 10:40:00-04:00,209.0545,2026-07-23 10:55:00-04:00,207.2363,47,long,-85.45,-0.8697,15.0,AR(12) forecasts +0.21% over 6 bars,signal,-1.257,-0.163,0.008,0.7,-0.068,3.175,-0.0393,-0.744,0.635,0.486,10.67,Thu
ar_forecast,TSLA,2026-07-23,2026-07-23 10:35:00-04:00,323.8617,2026-07-23 11:00:00-04:00,323.2583,30,long,-18.1,-0.1863,25.0,AR(12) forecasts +0.22% over 6 bars,signal,-8.836,-5.026,-2.267,0.49,0.137,4.351,-0.2921,-0.1,1.205,0.06,10.58,Thu
vwap_pullback,PLTR,2026-07-23,2026-07-23 10:20:00-04:00,123.1534,2026-07-23 11:00:00-04:00,121.4661,81,short,136.67,1.3701,40.0,rejection at session VWAP 123.66,target,1.088,-2.209,-0.401,0.49,0.009,5.301,0.0257,-0.235,1.969,0.319,10.33,Thu
ar_forecast,AMD,2026-07-23,2026-07-23 10:50:00-04:00,546.3606,2026-07-23 11:10:00-04:00,540.6265,18,long,-103.21,-1.0495,20.0,AR(12) forecasts +0.17% over 6 bars,stop,-1.34,0.297,-0.704,0.52,-0.166,5.141,-0.0617,-0.475,1.151,0.269,10.83,Thu
ar_forecast,MSTR,2026-07-23,2026-07-23 10:55:00-04:00,93.5732,2026-07-23 11:25:00-04:00,93.1415,106,short,45.75,0.4613,30.0,AR(12) forecasts -0.16% over 6 bars,signal,-2.916,-3.587,-2.169,0.91,-0.143,3.941,-0.1672,-0.58,0.899,0.063,10.92,Thu
ar_forecast,PLTR,2026-07-23,2026-07-23 11:05:00-04:00,121.2593,2026-07-23 11:25:00-04:00,121.1155,82,short,11.79,0.1186,20.0,AR(12) forecasts -0.18% over 6 bars,signal,1.088,-3.713,-1.549,0.67,-0.3,4.411,-0.1108,-0.15,1.278,0.074,11.08,Thu
ar_forecast,TSLA,2026-07-23,2026-07-23 11:35:00-04:00,320.7795,2026-07-23 11:45:00-04:00,320.8103,31,short,-0.95,-0.0096,10.0,AR(12) forecasts -0.24% over 6 bars,signal,-8.836,-5.93,-2.466,0.52,-0.273,3.852,-0.1704,-0.033,0.791,0.096,11.58,Thu
ar_forecast,AMD,2026-07-23,2026-07-23 11:25:00-04:00,540.6602,2026-07-23 11:55:00-04:00,539.6251,18,long,-18.63,-0.1915,30.0,AR(12) forecasts +0.30% over 6 bars,signal,-1.34,-0.749,-1.404,0.86,-0.465,4.614,-0.1096,-0.435,0.962,0.186,11.42,Thu
high_break_trail,NVDA,2026-07-23,2026-07-23 10:35:00-04:00,207.6229,2026-07-23 12:00:00-04:00,208.7145,48,short,-52.39,-0.5257,85.0,"break of first-hour low 208.05, 2.0xATR trail",stop,-1.257,-0.846,-0.687,0.82,0.137,3.184,-0.0384,-0.728,0.641,0.08,10.58,Thu
rsi2_reversion,TSLA,2026-07-23,2026-07-23 11:55:00-04:00,322.4188,2026-07-23 12:05:00-04:00,325.8058,31,short,-105.0,-1.0505,10.0,RSI(2)=93 rip below VWAP,stop,-8.836,-5.449,-1.77,0.9,-0.206,3.967,-0.1302,0.091,0.732,0.166,11.92,Thu
high_break_trail,TSLA,2026-07-23,2026-07-23 10:50:00-04:00,322.2788,2026-07-23 12:05:00-04:00,325.9302,31,short,-113.19,-1.133,75.0,"break of first-hour low 322.85, 2.0xATR trail",stop,-8.836,-5.49,-2.531,0.5,-0.166,4.214,-0.2429,-0.137,1.083,0.034,10.83,Thu
ar_forecast,PLTR,2026-07-23,2026-07-23 11:35:00-04:00,121.2706,2026-07-23 12:05:00-04:00,121.6491,82,long,31.04,0.3121,30.0,AR(12) forecasts +0.18% over 6 bars,signal,1.088,-3.704,-1.293,0.52,-0.273,3.938,-0.1082,-0.144,0.935,0.096,11.58,Thu
ar_forecast,NVDA,2026-07-23,2026-07-23 11:45:00-04:00,207.3336,2026-07-23 12:15:00-04:00,208.7656,48,long,68.73,0.6906,30.0,AR(12) forecasts +0.16% over 6 bars,signal,-1.257,-0.984,-0.488,0.62,-0.335,2.634,-0.0515,-0.566,0.464,0.28,11.75,Thu
rsi2_reversion,TSLA,2026-07-23,2026-07-23 12:10:00-04:00,325.837,2026-07-23 12:20:00-04:00,324.9724,30,short,25.94,0.2653,10.0,RSI(2)=99 rip below VWAP,signal,-8.836,-4.447,-0.68,0.59,-0.101,3.85,-0.0948,0.135,0.677,0.313,12.17,Thu
high_break_trail,AMD,2026-07-23,2026-07-23 11:15:00-04:00,539.5301,2026-07-23 12:35:00-04:00,547.3201,18,short,-140.22,-1.4438,80.0,"break of first-hour low 542.01, 2.0xATR trail",stop,-1.34,-0.956,-1.726,1.11,-0.296,4.742,-0.0984,-0.454,0.976,0.051,11.25,Thu
vwap_pullback,NVDA,2026-07-23,2026-07-23 10:20:00-04:00,208.1858,2026-07-23 12:35:00-04:00,209.9652,48,short,-85.41,-0.8547,135.0,rejection at session VWAP 209.23,stop,-1.257,-0.577,-0.481,0.49,0.009,2.994,-0.0395,-0.731,0.656,0.048,10.33,Thu
rsi2_reversion,NVDA,2026-07-23,2026-07-23 11:55:00-04:00,208.0109,2026-07-23 12:35:00-04:00,210.1961,48,short,-104.89,-1.0505,40.0,RSI(2)=96 rip below VWAP,stop,-1.257,-0.661,-0.155,0.71,-0.206,2.576,-0.0413,-0.517,0.436,0.418,11.92,Thu
rsi2_reversion,COIN,2026-07-23,2026-07-23 12:15:00-04:00,161.3893,2026-07-23 12:35:00-04:00,161.7608,61,short,-22.67,-0.2302,20.0,RSI(2)=94 rip below VWAP,signal,-1.854,-1.019,-0.293,0.46,-0.108,4.178,-0.0767,-0.073,0.646,0.366,12.25,Thu
rsi2_reversion,MSTR,2026-07-23,2026-07-23 12:25:00-04:00,93.5132,2026-07-23 12:35:00-04:00,93.1566,106,short,37.81,0.3814,10.0,RSI(2)=93 rip below VWAP,signal,-2.916,-3.649,-1.159,0.71,0.011,3.563,-0.1189,-0.283,0.605,0.227,12.42,Thu
rsi2_reversion,AMD,2026-07-23,2026-07-23 12:00:00-04:00,541.4791,2026-07-23 12:35:00-04:00,547.1674,18,short,-102.39,-1.0505,35.0,RSI(2)=95 rip below VWAP,stop,-1.34,-0.599,-1.03,0.57,-0.181,4.141,-0.0994,-0.363,0.757,0.247,12.0,Thu
squeeze_breakout,AMD,2026-07-23,2026-07-23 12:40:00-04:00,548.0489,2026-07-23 12:45:00-04:00,541.2091,18,long,-123.12,-1.248,5.0,squeeze breakout above upper band 546.92,stop,-1.34,0.607,0.24,1.53,-0.054,4.018,-0.0586,-0.377,0.681,0.544,12.67,Thu
ema_crossover,AMD,2026-07-23,2026-07-23 12:40:00-04:00,548.0489,2026-07-23 12:45:00-04:00,540.6896,18,long,-132.47,-1.3428,5.0,EMA9/20 cross up above VWAP,stop,-1.34,0.607,0.24,1.53,-0.054,4.018,-0.0586,-0.377,0.681,0.544,12.67,Thu
rsi2_reversion,PLTR,2026-07-23,2026-07-23 11:55:00-04:00,121.5492,2026-07-23 12:50:00-04:00,121.6108,82,short,-5.05,-0.0507,55.0,RSI(2)=98 rip below VWAP,signal,1.088,-3.483,-0.998,0.52,-0.206,3.675,-0.0893,-0.134,0.754,0.145,11.92,Thu
high_break_trail,COIN,2026-07-23,2026-07-23 10:45:00-04:00,160.7946,2026-07-23 13:00:00-04:00,163.0714,62,short,-141.16,-1.416,135.0,"break of first-hour low 161.03, 2.0xATR trail",stop,-1.854,-1.383,-1.331,1.16,-0.073,5.633,-0.1011,-0.118,1.223,0.034,10.75,Thu
vwap_pullback,COIN,2026-07-23,2026-07-23 10:45:00-04:00,160.7946,2026-07-23 13:10:00-04:00,163.6228,62,short,-175.35,-1.7589,145.0,rejection at session VWAP 163.05,stop,-1.854,-1.383,-1.331,1.16,-0.073,5.633,-0.1011,-0.118,1.223,0.034,10.75,Thu
rsi2_reversion,PLTR,2026-07-23,2026-07-23 13:05:00-04:00,122.1389,2026-07-23 13:20:00-04:00,122.011,81,short,10.36,0.1047,15.0,RSI(2)=95 rip below VWAP,signal,1.088,-3.014,-0.363,0.68,-0.119,3.08,-0.0421,-0.128,0.44,0.249,13.08,Thu
high_break_trail,MSTR,2026-07-23,2026-07-23 10:45:00-04:00,94.1929,2026-07-23 13:30:00-04:00,94.2256,106,short,-3.47,-0.0348,165.0,"break of first-hour low 94.93, 2.0xATR trail",stop,-2.916,-2.949,-1.782,1.03,-0.073,4.132,-0.1375,-0.6,0.944,0.052,10.75,Thu
rsi2_reversion,AMD,2026-07-23,2026-07-23 13:25:00-04:00,534.8424,2026-07-23 13:35:00-04:00,533.8668,18,short,17.56,0.1824,10.0,RSI(2)=92 rip below VWAP,signal,-1.34,-1.817,-1.429,0.88,-0.084,4.549,-0.0771,-0.013,0.869,0.297,13.42,Thu
rsi2_reversion,MSTR,2026-07-23,2026-07-23 13:10:00-04:00,93.4333,2026-07-23 13:40:00-04:00,93.987,107,short,-59.25,-0.5926,30.0,RSI(2)=95 rip below VWAP,signal,-2.916,-3.732,-1.074,0.42,-0.103,3.316,-0.0815,-0.273,0.49,0.211,13.17,Thu
rsi2_reversion,NVDA,2026-07-23,2026-07-23 13:40:00-04:00,209.3796,2026-07-23 13:50:00-04:00,209.6151,47,long,11.07,0.1125,10.0,RSI(2)=6 dip above VWAP,signal,-1.257,-0.007,0.342,0.52,-0.225,2.263,0.0145,-0.432,0.297,0.697,13.67,Thu
rsi2_reversion,PLTR,2026-07-23,2026-07-23 13:50:00-04:00,122.0589,2026-07-23 14:05:00-04:00,122.151,81,short,-7.46,-0.0755,15.0,RSI(2)=90 rip below VWAP,signal,1.088,-3.078,-0.39,0.55,-0.225,2.807,-0.0259,-0.128,0.329,0.235,13.83,Thu
ema_crossover,NVDA,2026-07-23,2026-07-23 12:05:00-04:00,209.4542,2026-07-23 14:05:00-04:00,208.7255,47,long,-34.25,-0.3479,120.0,EMA9/20 cross up above VWAP,signal,-1.257,0.028,0.523,0.8,-0.122,2.688,-0.0287,-0.497,0.441,0.712,12.08,Thu
rsi2_reversion,NVDA,2026-07-23,2026-07-23 14:05:00-04:00,208.9343,2026-07-23 14:25:00-04:00,208.5956,47,long,-15.92,-0.1621,20.0,RSI(2)=9 dip above VWAP,signal,-1.257,-0.22,0.121,0.62,-0.339,2.198,0.0123,-0.403,0.276,0.606,14.08,Thu
ema_crossover,COIN,2026-07-23,2026-07-23 12:25:00-04:00,162.4312,2026-07-23 14:30:00-04:00,162.3988,61,long,-1.98,-0.02,125.0,EMA9/20 cross up above VWAP,signal,-1.854,-0.38,0.343,0.64,0.011,4.079,-0.0607,-0.061,0.611,0.518,12.42,Thu
ema_crossover,AMD,2026-07-23,2026-07-23 12:50:00-04:00,538.3407,2026-07-23 14:40:00-04:00,538.169,18,short,3.09,0.0319,110.0,EMA9/20 cross down below VWAP,signal,-1.34,-1.175,-1.323,2.91,-0.188,4.758,-0.065,-0.043,0.877,0.328,12.83,Thu
rsi2_reversion,TSLA,2026-07-23,2026-07-23 14:35:00-04:00,321.1044,2026-07-23 14:40:00-04:00,321.1755,31,short,-2.21,-0.0222,5.0,RSI(2)=92 rip below VWAP,signal,-8.836,-5.834,-1.757,0.37,-0.33,2.989,-0.0399,0.112,0.353,0.11,14.58,Thu
rsi2_reversion,COIN,2026-07-23,2026-07-23 14:00:00-04:00,162.9214,2026-07-23 14:45:00-04:00,162.6936,61,long,-13.9,-0.1398,45.0,RSI(2)=3 dip above VWAP,signal,-1.854,-0.079,0.48,2.13,-0.323,3.556,0.0087,-0.038,0.452,0.589,14.0,Thu
rsi2_reversion,MSTR,2026-07-23,2026-07-23 14:25:00-04:00,94.0829,2026-07-23 14:45:00-04:00,95.0713,106,short,-104.76,-1.0505,20.0,RSI(2)=91 rip below VWAP,stop,-2.916,-3.062,-0.314,0.29,-0.264,3.058,-0.0354,-0.19,0.406,0.337,14.42,Thu
ema_crossover,COIN,2026-07-23,2026-07-23 14:55:00-04:00,163.0615,2026-07-23 15:00:00-04:00,162.6087,61,long,-27.62,-0.2777,5.0,EMA9/20 cross up above VWAP,signal,-1.854,0.007,0.535,0.7,-0.314,3.311,0.0096,-0.042,0.382,0.61,14.92,Thu
squeeze_breakout,MSTR,2026-07-23,2026-07-23 14:35:00-04:00,94.6873,2026-07-23 15:10:00-04:00,93.8505,105,long,-87.86,-0.8837,35.0,squeeze breakout above upper band 94.57,stop,-2.916,-2.44,0.324,0.59,-0.33,3.028,-0.0303,-0.175,0.393,0.454,14.58,Thu
vwap_pullback,COIN,2026-07-23,2026-07-23 14:50:00-04:00,163.4317,2026-07-23 15:10:00-04:00,161.612,61,long,-111.0,-1.1134,20.0,bounce off session VWAP 162.18,stop,-1.854,0.234,0.766,0.62,-0.358,3.316,0.0098,-0.044,0.378,0.664,14.83,Thu
vwap_pullback,MSTR,2026-07-23,2026-07-23 15:15:00-04:00,93.7531,2026-07-23 15:25:00-04:00,94.7287,106,short,-103.42,-1.0406,10.0,rejection at session VWAP 94.40,stop,-2.916,-3.402,-0.678,0.77,-0.327,3.003,-0.0165,-0.154,0.404,0.273,15.25,Thu
rsi2_reversion,AMD,2026-07-23,2026-07-23 15:25:00-04:00,537.731,2026-07-23 15:40:00-04:00,538.8793,18,short,-20.67,-0.2135,15.0,RSI(2)=96 rip below VWAP,signal,-1.34,-1.287,-0.632,0.6,-0.256,3.968,-0.0477,0.019,0.515,0.384,15.42,Thu
squeeze_breakout,COIN,2026-07-23,2026-07-23 12:25:00-04:00,162.4312,2026-07-23 15:45:00-04:00,160.3224,61,long,-128.64,-1.2983,200.0,squeeze breakout above upper band 161.89,stop,-1.854,-0.38,0.343,0.64,0.011,4.079,-0.0607,-0.061,0.611,0.518,12.42,Thu
vwap_pullback,PLTR,2026-07-23,2026-07-23 15:10:00-04:00,122.1889,2026-07-23 15:50:00-04:00,122.9224,81,short,-59.42,-0.6003,40.0,rejection at session VWAP 122.49,stop,1.088,-2.975,-0.245,0.51,-0.375,2.505,-0.0112,-0.137,0.224,0.258,15.17,Thu
orb,AMD,2026-07-23,2026-07-23 11:15:00-04:00,539.5301,2026-07-23 15:55:00-04:00,540.0699,18,short,-9.72,-0.1001,280.0,break of opening range low 542.01,eod,-1.34,-0.956,-1.726,1.11,-0.296,4.742,-0.0984,-0.454,0.976,0.051,11.25,Thu
orb,TSLA,2026-07-23,2026-07-23 09:50:00-04:00,330.4047,2026-07-23 15:55:00-04:00,319.6197,30,short,323.55,3.2642,365.0,break of opening range low 332.80,eod,-8.836,-3.107,-1.463,0.59,0.211,5.737,-0.6481,-0.862,1.699,0.19,9.83,Thu
orb,MSTR,2026-07-23,2026-07-23 10:00:00-04:00,95.3423,2026-07-23 15:55:00-04:00,93.7068,104,short,170.09,1.7154,355.0,break of opening range low 95.59,eod,-2.916,-1.765,-1.087,0.59,0.132,5.461,-0.1907,-0.839,1.143,0.032,10.0,Thu
squeeze_breakout,AMD,2026-07-23,2026-07-23 15:30:00-04:00,541.3205,2026-07-23 15:55:00-04:00,539.5301,18,long,-32.23,-0.3308,25.0,squeeze breakout above upper band 539.33,eod,-1.34,-0.628,0.034,1.33,-0.3,3.954,-0.046,0.004,0.53,0.492,15.5,Thu
news_momentum,COIN,2026-07-23,2026-07-23 15:15:00-04:00,161.2733,2026-07-23 15:55:00-04:00,161.2006,62,short,4.51,0.0451,40.0,fresh headline <45m + breakdown on volume,eod,-1.854,-1.09,-0.548,3.18,-0.327,3.326,0.0071,-0.043,0.414,0.349,15.25,Thu
news_momentum,AMD,2026-07-23,2026-07-23 12:50:00-04:00,538.3407,2026-07-23 15:55:00-04:00,540.0699,18,short,-31.13,-0.3212,185.0,fresh headline <45m + breakdown on volume,eod,-1.34,-1.175,-1.323,2.91,-0.188,4.758,-0.065,-0.043,0.877,0.328,12.83,Thu
ema_crossover,TSLA,2026-07-23,2026-07-23 12:45:00-04:00,322.5287,2026-07-23 15:55:00-04:00,319.6197,31,short,90.18,0.9019,190.0,EMA9/20 cross down below VWAP,eod,-8.836,-5.417,-1.601,0.34,-0.182,3.552,-0.0612,0.137,0.582,0.171,12.75,Thu
high_break_trail,PLTR,2026-07-23,2026-07-23 10:50:00-04:00,121.4692,2026-07-23 15:55:00-04:00,123.3617,82,short,-155.18,-1.5579,305.0,"break of first-hour low 121.64, 2.0xATR trail",eod,1.088,-3.546,-1.565,0.8,-0.166,4.778,-0.0764,-0.143,1.48,-0.002,10.83,Thu
orb,NVDA,2026-07-23,2026-07-23 10:20:00-04:00,208.1858,2026-07-23 15:55:00-04:00,208.8043,48,short,-29.69,-0.2971,335.0,break of opening range low 208.45,eod,-1.257,-0.577,-0.481,0.49,0.009,2.994,-0.0395,-0.731,0.656,0.048,10.33,Thu
orb,PLTR,2026-07-23,2026-07-23 10:50:00-04:00,121.4692,2026-07-23 15:55:00-04:00,123.3617,82,short,-155.18,-1.5579,305.0,break of opening range low 121.64,eod,1.088,-3.546,-1.565,0.8,-0.166,4.778,-0.0764,-0.143,1.48,-0.002,10.83,Thu
vwap_pullback,AMD,2026-07-23,2026-07-23 12:50:00-04:00,538.3407,2026-07-23 15:55:00-04:00,540.0699,18,short,-31.13,-0.3212,185.0,rejection at session VWAP 546.24,eod,-1.34,-1.175,-1.323,2.91,-0.188,4.758,-0.065,-0.043,0.877,0.328,12.83,Thu
vwap_pullback,NVDA,2026-07-23,2026-07-23 14:10:00-04:00,208.2308,2026-07-23 15:55:00-04:00,208.8043,48,short,-27.53,-0.2754,105.0,rejection at session VWAP 208.68,eod,-1.257,-0.556,-0.216,0.67,-0.317,2.179,0.0114,-0.403,0.276,0.463,14.17,Thu
vwap_pullback,NVDA,2026-07-24,2026-07-24 10:10:00-04:00,208.189,2026-07-24 10:15:00-04:00,206.6226,48,long,-75.19,-0.7524,5.0,bounce off session VWAP 207.35,stop,-0.546,0.303,0.383,0.76,0.139,4.608,-0.0191,-0.142,0.675,0.86,10.17,Fri
ar_forecast,NVDA,2026-07-24,2026-07-24 10:35:00-04:00,207.8489,2026-07-24 10:45:00-04:00,207.3763,48,long,-22.69,-0.2274,10.0,AR(12) forecasts +0.24% over 6 bars,signal,-0.546,0.139,0.186,0.68,-0.061,3.843,0.0062,-0.156,0.617,0.744,10.58,Fri
ar_forecast,AMD,2026-07-24,2026-07-24 10:35:00-04:00,524.0019,2026-07-24 10:45:00-04:00,522.4686,19,long,-29.13,-0.2926,10.0,AR(12) forecasts +0.71% over 6 bars,signal,1.316,-4.188,-1.521,0.59,-0.061,9.449,-0.2079,-0.002,1.408,0.19,10.58,Fri
ar_forecast,COIN,2026-07-24,2026-07-24 10:35:00-04:00,154.5396,2026-07-24 10:45:00-04:00,154.3521,64,short,12.0,0.1213,10.0,AR(12) forecasts -0.23% over 6 bars,signal,-0.074,-4.013,-1.456,0.39,-0.061,4.812,-0.1443,-0.264,1.373,0.05,10.58,Fri
ar_forecast,MSTR,2026-07-24,2026-07-24 10:45:00-04:00,90.145,2026-07-24 10:50:00-04:00,90.1149,110,long,-3.31,-0.0334,5.0,AR(12) forecasts +0.16% over 6 bars,signal,-0.384,-3.382,-1.305,0.85,0.003,5.234,-0.1922,-0.136,0.909,0.103,10.75,Fri
ar_forecast,NVDA,2026-07-24,2026-07-24 10:50:00-04:00,207.9708,2026-07-24 10:55:00-04:00,208.084,48,short,-5.43,-0.0544,5.0,AR(12) forecasts -0.25% over 6 bars,signal,-0.546,0.198,0.228,1.06,0.068,3.504,0.0111,-0.159,0.567,0.785,10.83,Fri
ar_forecast,COIN,2026-07-24,2026-07-24 10:50:00-04:00,154.3628,2026-07-24 10:55:00-04:00,155.9844,64,short,-103.78,-1.0505,5.0,AR(12) forecasts -0.19% over 6 bars,stop,-0.074,-4.122,-1.374,0.92,0.068,4.761,-0.1265,-0.178,1.207,0.078,10.83,Fri
ar_forecast,PLTR,2026-07-24,2026-07-24 10:35:00-04:00,123.0814,2026-07-24 10:55:00-04:00,123.2583,81,long,14.33,0.1438,20.0,AR(12) forecasts +0.18% over 6 bars,signal,1.622,-1.771,-0.124,0.41,-0.061,2.527,-0.0268,0.017,1.028,0.324,10.58,Fri
orb,NVDA,2026-07-24,2026-07-24 09:55:00-04:00,205.9359,2026-07-24 10:55:00-04:00,208.7043,48,short,-132.88,-1.3443,60.0,break of opening range low 206.73,stop,-0.546,-0.782,-0.683,1.22,-0.133,5.139,-0.1779,-0.47,0.721,0.091,9.92,Fri
vwap_pullback,PLTR,2026-07-24,2026-07-24 10:45:00-04:00,122.7086,2026-07-24 10:55:00-04:00,123.6537,81,short,-76.55,-0.7702,10.0,rejection at session VWAP 123.22,stop,1.622,-2.068,-0.41,0.47,0.003,2.513,-0.017,-0.004,0.927,0.21,10.75,Fri
ar_forecast,AMD,2026-07-24,2026-07-24 10:50:00-04:00,525.2625,2026-07-24 11:00:00-04:00,529.5551,19,long,81.56,0.8172,10.0,AR(12) forecasts +0.23% over 6 bars,signal,1.316,-3.957,-1.129,0.63,0.068,8.634,-0.16,0.026,1.272,0.231,10.83,Fri
rsi2_reversion,COIN,2026-07-24,2026-07-24 11:00:00-04:00,155.887,2026-07-24 11:10:00-04:00,157.5246,64,short,-104.81,-1.0505,10.0,RSI(2)=94 rip below VWAP,stop,-0.074,-3.176,-0.371,0.69,0.234,4.577,-0.0921,-0.1,1.105,0.29,11.0,Fri
ar_forecast,TSLA,2026-07-24,2026-07-24 10:45:00-04:00,309.8249,2026-07-24 11:10:00-04:00,308.9704,32,long,-27.34,-0.2758,25.0,AR(12) forecasts +0.25% over 6 bars,signal,0.471,-3.471,-1.826,0.97,0.003,4.135,-0.2137,-0.096,0.969,0.092,10.75,Fri
rsi2_reversion,MSTR,2026-07-24,2026-07-24 10:55:00-04:00,91.0445,2026-07-24 11:10:00-04:00,92.0009,109,short,-104.25,-1.0505,15.0,RSI(2)=90 rip below VWAP,stop,-0.384,-2.418,-0.279,1.18,0.282,5.663,-0.1321,0.03,0.883,0.343,10.92,Fri
rsi2_reversion,AMD,2026-07-24,2026-07-24 11:00:00-04:00,529.5551,2026-07-24 11:15:00-04:00,535.1181,18,short,-100.13,-1.0505,15.0,RSI(2)=92 rip below VWAP,stop,1.316,-3.172,-0.295,0.55,0.234,8.482,-0.107,0.045,1.224,0.37,11.0,Fri
high_break_trail,COIN,2026-07-24,2026-07-24 10:40:00-04:00,154.3228,2026-07-24 11:15:00-04:00,158.1207,64,short,-243.07,-2.461,35.0,"break of first-hour low 154.66, 2.0xATR trail",stop,-0.074,-4.147,-1.522,0.6,-0.082,4.625,-0.148,-0.264,1.316,0.043,10.67,Fri
vwap_pullback,AMD,2026-07-24,2026-07-24 11:30:00-04:00,527.5361,2026-07-24 11:35:00-04:00,533.0096,18,short,-98.52,-1.0376,5.0,rejection at session VWAP 531.15,stop,1.316,-3.542,-0.674,0.6,0.483,7.608,-0.0286,0.011,1.118,0.304,11.5,Fri
ar_forecast,MSTR,2026-07-24,2026-07-24 11:05:00-04:00,91.0955,2026-07-24 11:35:00-04:00,92.6636,109,long,170.92,1.7214,30.0,AR(12) forecasts +0.22% over 6 bars,signal,-0.384,-2.363,-0.222,0.4,0.161,5.416,-0.0955,-0.009,0.853,0.357,11.08,Fri
ar_forecast,TSLA,2026-07-24,2026-07-24 11:15:00-04:00,311.2144,2026-07-24 11:45:00-04:00,310.2652,32,short,30.38,0.305,30.0,AR(12) forecasts -0.30% over 6 bars,signal,0.471,-3.038,-1.084,0.77,0.402,4.456,-0.1571,-0.276,0.912,0.188,11.25,Fri
vwap_pullback,NVDA,2026-07-24,2026-07-24 10:50:00-04:00,208.1788,2026-07-24 12:00:00-04:00,210.715,48,long,121.73,1.2182,70.0,bounce off session VWAP 207.48,target,-0.546,0.298,0.329,1.06,0.068,3.504,0.0111,-0.159,0.567,0.856,10.83,Fri
orb,MSTR,2026-07-24,2026-07-24 09:55:00-04:00,90.7546,2026-07-24 12:05:00-04:00,93.5467,110,short,-307.14,-3.0766,130.0,break of opening range low 92.01,stop,-0.384,-2.728,-1.589,1.25,-0.133,6.815,-0.5202,-0.303,1.051,0.123,9.92,Fri
ar_forecast,PLTR,2026-07-24,2026-07-24 11:45:00-04:00,123.5482,2026-07-24 12:10:00-04:00,123.6018,80,short,-4.29,-0.0434,25.0,AR(12) forecasts -0.15% over 6 bars,signal,1.622,-1.398,0.133,0.65,0.49,2.44,0.0352,-0.173,0.626,0.466,11.75,Fri
rsi2_reversion,COIN,2026-07-24,2026-07-24 12:45:00-04:00,157.5938,2026-07-24 13:00:00-04:00,157.6012,63,long,0.47,0.0047,15.0,RSI(2)=2 dip above VWAP,signal,-0.074,-2.116,0.506,0.61,0.363,3.876,0.0402,-0.092,0.538,0.527,12.75,Fri
rsi2_reversion,AMD,2026-07-24,2026-07-24 12:40:00-04:00,534.8873,2026-07-24 13:00:00-04:00,535.1423,18,long,4.59,0.0477,20.0,RSI(2)=7 dip above VWAP,signal,1.316,-2.197,0.523,0.56,0.425,6.356,0.0436,0.039,0.749,0.543,12.67,Fri
rsi2_reversion,NVDA,2026-07-24,2026-07-24 12:45:00-04:00,210.2751,2026-07-24 13:00:00-04:00,210.1349,47,long,-6.59,-0.0667,15.0,RSI(2)=3 dip above VWAP,signal,-0.546,1.308,0.719,0.61,0.363,2.776,0.0498,-0.17,0.349,0.738,12.75,Fri
rsi2_reversion,MSTR,2026-07-24,2026-07-24 12:40:00-04:00,93.0665,2026-07-24 13:05:00-04:00,92.9074,107,long,-17.02,-0.1709,25.0,RSI(2)=7 dip above VWAP,signal,-0.384,-0.25,1.437,0.5,0.425,4.497,0.0644,-0.021,0.554,0.843,12.67,Fri
ema_crossover,AMD,2026-07-24,2026-07-24 11:55:00-04:00,534.327,2026-07-24 13:15:00-04:00,532.3487,18,long,-35.61,-0.3702,80.0,EMA9/20 cross up above VWAP,signal,1.316,-2.3,0.569,0.55,0.61,7.212,0.0092,0.029,0.969,0.524,11.92,Fri
ema_crossover,PLTR,2026-07-24,2026-07-24 12:45:00-04:00,123.2423,2026-07-24 13:45:00-04:00,123.5117,81,short,-21.82,-0.2186,60.0,EMA9/20 cross down below VWAP,signal,1.622,-1.642,-0.129,0.56,0.363,2.221,0.0172,-0.151,0.416,0.373,12.75,Fri
ema_crossover,AMD,2026-07-24,2026-07-24 13:25:00-04:00,535.2675,2026-07-24 13:50:00-04:00,533.3732,18,long,-34.1,-0.3539,25.0,EMA9/20 cross up above VWAP,signal,1.316,-2.128,0.565,0.33,0.433,5.803,0.0338,0.032,0.625,0.555,13.42,Fri
vwap_pullback,PLTR,2026-07-24,2026-07-24 12:50:00-04:00,123.0384,2026-07-24 13:55:00-04:00,123.8344,81,short,-64.47,-0.6469,65.0,rejection at session VWAP 123.40,stop,1.622,-1.805,-0.291,0.44,0.347,2.194,0.015,-0.146,0.403,0.311,12.83,Fri
rsi2_reversion,COIN,2026-07-24,2026-07-24 13:55:00-04:00,158.8144,2026-07-24 14:00:00-04:00,158.8405,62,long,1.62,0.0165,5.0,RSI(2)=10 dip above VWAP,signal,-0.074,-1.358,1.066,0.22,0.334,3.575,0.0417,-0.068,0.466,0.696,13.92,Fri
high_break_trail,NVDA,2026-07-24,2026-07-24 11:00:00-04:00,209.6248,2026-07-24 14:05:00-04:00,209.3838,47,long,-11.33,-0.115,185.0,"break of first-hour high 208.60, 2.0xATR trail",stop,-0.546,0.995,0.932,1.08,0.234,3.679,0.0315,-0.212,0.573,0.903,11.0,Fri
squeeze_breakout,COIN,2026-07-24,2026-07-24 13:30:00-04:00,159.7899,2026-07-24 14:10:00-04:00,158.0695,62,long,-106.66,-1.0766,40.0,squeeze breakout above upper band 159.33,stop,-0.074,-0.752,1.754,1.47,0.488,3.721,0.0412,-0.082,0.524,0.832,13.5,Fri
news_momentum,NVDA,2026-07-24,2026-07-24 12:05:00-04:00,210.9753,2026-07-24 14:10:00-04:00,209.0804,47,long,-89.06,-0.8982,125.0,fresh headline <45m + breakout on volume,stop,-0.546,1.645,1.214,2.23,0.646,3.051,0.053,-0.182,0.437,0.902,12.08,Fri
vwap_pullback,AMD,2026-07-24,2026-07-24 14:05:00-04:00,531.774,2026-07-24 14:25:00-04:00,527.7073,18,short,73.2,0.7647,20.0,rejection at session VWAP 532.34,target,1.316,-2.767,-0.104,0.36,0.333,5.405,0.0248,0.033,0.52,0.442,14.08,Fri
rsi2_reversion,NVDA,2026-07-24,2026-07-24 14:10:00-04:00,209.6548,2026-07-24 14:30:00-04:00,207.4545,47,long,-103.42,-1.0495,20.0,RSI(2)=7 dip above VWAP,stop,-0.546,1.009,0.327,0.56,0.282,2.389,0.0275,-0.157,0.253,0.639,14.17,Fri
ema_crossover,MSTR,2026-07-24,2026-07-24 11:25:00-04:00,92.1761,2026-07-24 14:35:00-04:00,92.6337,108,long,49.42,0.4964,190.0,EMA9/20 cross up above VWAP,signal,-0.384,-1.205,0.833,0.57,0.555,5.53,-0.016,-0.036,0.845,0.646,11.42,Fri
squeeze_breakout,AMD,2026-07-24,2026-07-24 14:10:00-04:00,530.6346,2026-07-24 14:35:00-04:00,524.1446,18,short,116.82,1.2231,25.0,squeeze breakdown below lower band 530.88,target,1.316,-2.975,-0.315,0.5,0.282,5.356,0.0228,0.034,0.502,0.405,14.17,Fri
squeeze_breakout,TSLA,2026-07-24,2026-07-24 13:00:00-04:00,309.1254,2026-07-24 14:35:00-04:00,306.6735,32,short,78.46,0.7931,95.0,squeeze breakdown below lower band 309.49,target,0.471,-3.689,-1.38,0.51,0.361,3.536,-0.0567,-0.274,0.468,0.056,13.0,Fri
ema_crossover,COIN,2026-07-24,2026-07-24 11:20:00-04:00,157.1786,2026-07-24 14:40:00-04:00,157.5512,63,long,23.48,0.2371,200.0,EMA9/20 cross up above VWAP,signal,-0.074,-2.374,0.381,0.79,0.523,4.829,-0.0185,-0.11,1.014,0.469,11.33,Fri
rsi2_reversion,MSTR,2026-07-24,2026-07-24 14:40:00-04:00,92.5463,2026-07-24 14:50:00-04:00,92.7286,108,long,19.7,0.1971,10.0,RSI(2)=9 dip above VWAP,signal,-0.384,-0.808,0.608,0.9,-0.089,3.738,0.0368,-0.066,0.398,0.711,14.67,Fri
rsi2_reversion,TSLA,2026-07-24,2026-07-24 14:50:00-04:00,308.6156,2026-07-24 15:10:00-04:00,308.4942,32,short,3.89,0.0393,20.0,RSI(2)=92 rip below VWAP,signal,0.471,-3.848,-1.207,0.78,-0.041,3.052,-0.0393,-0.201,0.325,0.128,14.83,Fri
vwap_pullback,MSTR,2026-07-24,2026-07-24 15:15:00-04:00,91.8041,2026-07-24 15:20:00-04:00,92.3363,108,short,-57.48,-0.5797,5.0,rejection at session VWAP 92.01,stop,-0.384,-1.603,-0.228,1.24,-0.096,3.621,0.0272,-0.045,0.416,0.521,15.25,Fri
squeeze_breakout,PLTR,2026-07-24,2026-07-24 14:50:00-04:00,124.6423,2026-07-24 15:25:00-04:00,123.6024,80,long,-83.19,-0.8343,35.0,squeeze breakout above upper band 124.25,stop,1.622,-0.525,0.93,1.58,-0.041,1.924,0.0104,-0.13,0.286,0.799,14.83,Fri
rsi2_reversion,PLTR,2026-07-24,2026-07-24 15:20:00-04:00,124.072,2026-07-24 15:55:00-04:00,122.7699,80,long,-104.17,-1.0495,35.0,RSI(2)=7 dip above VWAP,stop,1.622,-0.98,0.42,1.18,-0.146,1.865,0.0118,-0.123,0.281,0.626,15.33,Fri
orb,COIN,2026-07-24,2026-07-24 09:55:00-04:00,155.3923,2026-07-24 15:55:00-04:00,158.3992,64,short,-192.44,-1.935,360.0,break of opening range low 155.96,eod,-0.074,-3.483,-1.302,0.76,-0.133,7.079,-0.2376,-0.601,1.93,0.068,9.92,Fri
orb,PLTR,2026-07-24,2026-07-24 09:55:00-04:00,122.1289,2026-07-24 15:55:00-04:00,123.0015,81,short,-70.68,-0.7145,360.0,break of opening range low 122.73,eod,1.622,-2.531,-1.066,0.72,-0.133,2.613,-0.2543,-0.737,1.481,0.033,9.92,Fri
orb,TSLA,2026-07-24,2026-07-24 09:55:00-04:00,315.1658,2026-07-24 15:55:00-04:00,313.1565,31,short,62.29,0.6375,360.0,break of opening range low 316.80,eod,0.471,-1.807,-1.095,0.85,-0.133,5.541,-0.3726,-0.514,1.31,0.103,9.92,Fri
orb,AMD,2026-07-24,2026-07-24 09:55:00-04:00,519.9849,2026-07-24 15:55:00-04:00,522.291,19,short,-43.82,-0.4435,360.0,break of opening range low 530.20,eod,1.316,-4.922,-2.97,0.78,-0.133,7.238,-1.0487,-0.968,1.518,0.06,9.92,Fri
high_break_trail,TSLA,2026-07-24,2026-07-24 10:35:00-04:00,310.8445,2026-07-24 15:55:00-04:00,313.1302,32,short,-73.14,-0.7353,320.0,"break of first-hour low 312.05, 2.0xATR trail",stop,0.471,-3.153,-1.724,0.67,-0.061,3.801,-0.2319,-0.241,1.022,0.126,10.58,Fri
rsi2_reversion,TSLA,2026-07-24,2026-07-24 15:30:00-04:00,309.1354,2026-07-24 15:55:00-04:00,312.3828,32,short,-103.92,-1.0505,25.0,RSI(2)=93 rip below VWAP,stop,0.471,-3.686,-0.958,0.6,-0.057,2.905,-0.0325,-0.184,0.313,0.16,15.5,Fri
news_momentum,NVDA,2026-07-24,2026-07-24 15:10:00-04:00,205.0074,2026-07-24 15:55:00-04:00,206.8134,48,short,-86.68,-0.8809,45.0,fresh headline <45m + breakdown on volume,stop,-0.546,-1.23,-1.677,1.51,-0.123,2.323,-0.0006,-0.074,0.316,0.01,15.17,Fri
ar_forecast,AMD,2026-07-27,2026-07-27 10:35:00-04:00,483.6029,2026-07-27 10:40:00-04:00,478.5275,20,long,-101.51,-1.0495,5.0,AR(12) forecasts +1.25% over 6 bars,stop,1.049,-8.323,-3.836,0.78,-0.917,5.812,-0.5819,-0.182,1.414,0.084,10.58,Mon
ar_forecast,NVDA,2026-07-27,2026-07-27 10:45:00-04:00,197.5912,2026-07-27 10:50:00-04:00,199.6669,50,short,-103.78,-1.0505,5.0,AR(12) forecasts -0.25% over 6 bars,stop,0.556,-5.054,-2.058,1.18,-0.928,4.202,-0.2197,-0.339,1.077,0.015,10.75,Mon
ar_forecast,PLTR,2026-07-27,2026-07-27 10:45:00-04:00,126.3368,2026-07-27 10:55:00-04:00,127.1936,79,short,-67.68,-0.6782,10.0,AR(12) forecasts -0.17% over 6 bars,signal,2.489,0.267,-0.754,0.67,-0.928,4.165,-0.0324,0.055,0.819,0.321,10.75,Mon
ar_forecast,TSLA,2026-07-27,2026-07-27 10:40:00-04:00,306.3381,2026-07-27 10:55:00-04:00,308.5257,32,long,70.0,0.7141,15.0,AR(12) forecasts +0.15% over 6 bars,signal,0.479,-2.595,-1.405,0.76,-1.09,2.491,-0.2163,0.135,0.914,0.162,10.67,Mon
ar_forecast,MSTR,2026-07-27,2026-07-27 10:35:00-04:00,96.7216,2026-07-27 11:00:00-04:00,97.2836,103,short,-57.89,-0.5811,25.0,AR(12) forecasts -0.55% over 6 bars,signal,3.142,2.297,-0.272,0.76,-0.917,5.916,0.0465,0.361,1.204,0.571,10.58,Mon
ar_forecast,AMD,2026-07-27,2026-07-27 10:45:00-04:00,478.259,2026-07-27 11:00:00-04:00,488.9054,20,long,212.93,2.2261,15.0,AR(12) forecasts +0.63% over 6 bars,signal,1.049,-9.336,-4.369,0.92,-0.928,7.237,-0.5423,-0.132,1.383,0.026,10.75,Mon
high_break_trail,TSLA,2026-07-27,2026-07-27 10:40:00-04:00,306.0319,2026-07-27 11:00:00-04:00,310.1149,32,short,-130.66,-1.3342,20.0,"break of first-hour low 306.89, 2.0xATR trail",stop,0.479,-2.693,-1.504,0.76,-1.09,2.491,-0.2163,0.135,0.914,0.138,10.67,Mon
vwap_pullback,MSTR,2026-07-27,2026-07-27 11:05:00-04:00,97.4787,2026-07-27 11:05:00-04:00,96.6384,102,long,-85.71,-0.862,0.0,bounce off session VWAP 96.98,stop,3.142,3.098,0.515,0.41,-0.764,5.775,-0.0064,0.097,1.07,0.731,11.08,Mon
ar_forecast,NVDA,2026-07-27,2026-07-27 11:00:00-04:00,199.8999,2026-07-27 11:10:00-04:00,198.0399,50,long,-93.0,-0.9304,10.0,AR(12) forecasts +0.21% over 6 bars,signal,0.556,-3.945,-0.78,0.59,-0.691,4.107,-0.1739,-0.173,0.975,0.219,11.0,Mon
ar_forecast,MSTR,2026-07-27,2026-07-27 11:10:00-04:00,96.7383,2026-07-27 11:20:00-04:00,97.1014,103,long,37.4,0.3753,10.0,AR(12) forecasts +0.23% over 6 bars,signal,3.142,2.314,-0.248,0.51,-0.741,5.647,-0.0073,0.05,1.038,0.575,11.17,Mon
vwap_pullback,PLTR,2026-07-27,2026-07-27 11:10:00-04:00,127.6738,2026-07-27 11:20:00-04:00,129.1277,78,long,113.4,1.1387,10.0,bounce off session VWAP 127.30,target,2.489,1.328,0.265,0.77,-0.741,3.731,-0.0092,0.142,0.697,0.743,11.17,Mon
rsi2_reversion,COIN,2026-07-27,2026-07-27 11:05:00-04:00,163.2184,2026-07-27 11:25:00-04:00,162.6113,61,short,37.03,0.3719,20.0,RSI(2)=95 rip below VWAP,signal,3.057,0.036,-0.777,1.03,-0.764,5.34,-0.173,0.232,0.974,0.376,11.08,Mon
ar_forecast,PLTR,2026-07-27,2026-07-27 11:10:00-04:00,127.6738,2026-07-27 11:30:00-04:00,129.6851,78,long,156.88,1.5754,20.0,AR(12) forecasts +0.19% over 6 bars,signal,2.489,1.328,0.265,0.77,-0.741,3.731,-0.0092,0.142,0.697,0.743,11.17,Mon
ar_forecast,COIN,2026-07-27,2026-07-27 11:00:00-04:00,162.6214,2026-07-27 11:30:00-04:00,162.5137,61,long,-6.57,-0.0662,30.0,AR(12) forecasts +0.30% over 6 bars,signal,3.057,-0.33,-1.167,0.67,-0.691,5.493,-0.1898,0.235,1.003,0.295,11.0,Mon
ar_forecast,TSLA,2026-07-27,2026-07-27 11:05:00-04:00,310.2348,2026-07-27 11:35:00-04:00,308.0089,32,short,71.23,0.7175,30.0,AR(12) forecasts -0.27% over 6 bars,signal,0.479,-1.356,-0.018,0.66,-0.764,3.593,-0.1081,0.241,0.816,0.468,11.08,Mon
ar_forecast,COIN,2026-07-27,2026-07-27 11:35:00-04:00,161.929,2026-07-27 11:50:00-04:00,162.2611,61,short,-20.26,-0.2051,15.0,AR(12) forecasts -0.16% over 6 bars,signal,3.057,-0.754,-1.437,0.51,-1.07,4.777,-0.1167,0.167,0.847,0.203,11.58,Mon
high_break_trail,COIN,2026-07-27,2026-07-27 10:35:00-04:00,161.894,2026-07-27 12:10:00-04:00,164.2851,61,short,-145.86,-1.477,95.0,"break of first-hour low 162.76, 2.0xATR trail",stop,3.057,-0.776,-1.857,0.75,-0.917,5.993,-0.2104,0.171,1.167,0.191,10.58,Mon
rsi2_reversion,COIN,2026-07-27,2026-07-27 12:10:00-04:00,162.7536,2026-07-27 12:10:00-04:00,164.4633,61,short,-104.29,-1.0505,0.0,RSI(2)=92 rip below VWAP,stop,3.057,-0.249,-0.84,0.28,-1.001,4.318,-0.0788,0.189,0.71,0.313,12.17,Mon
rsi2_reversion,TSLA,2026-07-27,2026-07-27 12:10:00-04:00,309.0154,2026-07-27 12:15:00-04:00,308.8744,32,short,4.51,0.0457,5.0,RSI(2)=93 rip below VWAP,signal,0.479,-1.744,-0.301,0.34,-1.001,2.943,-0.0387,0.183,0.535,0.372,12.17,Mon
rsi2_reversion,NVDA,2026-07-27,2026-07-27 12:00:00-04:00,197.5012,2026-07-27 12:15:00-04:00,197.7888,50,short,-14.38,-0.1456,15.0,RSI(2)=92 rip below VWAP,signal,0.556,-5.098,-1.371,0.64,-0.907,3.483,-0.1268,-0.042,0.652,0.123,12.0,Mon
rsi2_reversion,AMD,2026-07-27,2026-07-27 12:05:00-04:00,484.8275,2026-07-27 12:20:00-04:00,482.5812,20,short,44.93,0.4633,15.0,RSI(2)=95 rip below VWAP,signal,1.049,-8.09,-1.979,0.52,-0.887,6.036,-0.2206,0.16,0.911,0.155,12.08,Mon
ema_crossover,MSTR,2026-07-27,2026-07-27 11:50:00-04:00,96.2169,2026-07-27 12:30:00-04:00,97.3687,103,short,-118.63,-1.1971,40.0,EMA9/20 cross down below VWAP,stop,3.142,1.763,-0.767,0.38,-1.054,4.9,-0.0229,0.044,0.829,0.464,11.83,Mon
rsi2_reversion,COIN,2026-07-27,2026-07-27 12:15:00-04:00,163.3983,2026-07-27 12:30:00-04:00,165.1148,61,short,-104.71,-1.0505,15.0,RSI(2)=98 rip below VWAP,stop,3.057,0.146,-0.441,0.78,-1.022,4.273,-0.0735,0.169,0.686,0.4,12.25,Mon
vwap_pullback,COIN,2026-07-27,2026-07-27 10:30:00-04:00,162.7136,2026-07-27 12:30:00-04:00,165.8899,61,short,-193.76,-1.9521,120.0,rejection at session VWAP 165.31,stop,3.057,-0.274,-1.465,0.43,-0.932,6.085,-0.1629,0.129,1.169,0.145,10.5,Mon
rsi2_reversion,MSTR,2026-07-27,2026-07-27 13:10:00-04:00,97.1686,2026-07-27 13:20:00-04:00,97.3863,102,long,22.21,0.2241,10.0,RSI(2)=6 dip above VWAP,signal,3.142,2.769,0.176,0.23,-1.109,4.225,-0.0015,0.085,0.56,0.666,13.17,Mon
squeeze_breakout,TSLA,2026-07-27,2026-07-27 13:05:00-04:00,306.8065,2026-07-27 13:40:00-04:00,308.5354,32,short,-55.33,-0.5635,35.0,squeeze breakdown below lower band 307.06,stop,0.479,-2.446,-0.947,0.57,-1.145,2.644,-0.0247,0.18,0.427,0.199,13.08,Mon
rsi2_reversion,TSLA,2026-07-27,2026-07-27 13:45:00-04:00,308.2658,2026-07-27 13:50:00-04:00,307.7538,32,short,16.38,0.1661,5.0,RSI(2)=90 rip below VWAP,signal,0.479,-1.982,-0.432,0.31,-1.094,2.485,-0.0209,0.166,0.344,0.313,13.75,Mon
rsi2_reversion,NVDA,2026-07-27,2026-07-27 13:55:00-04:00,196.4467,2026-07-27 14:10:00-04:00,196.6082,50,short,-8.08,-0.0822,15.0,RSI(2)=95 rip below VWAP,signal,0.556,-5.604,-1.458,0.42,-0.954,2.859,-0.0667,-0.003,0.342,0.076,13.92,Mon
rsi2_reversion,AMD,2026-07-27,2026-07-27 13:35:00-04:00,481.9589,2026-07-27 14:20:00-04:00,482.6162,20,short,-13.15,-0.1364,45.0,RSI(2)=91 rip below VWAP,signal,1.049,-8.634,-2.141,0.38,-1.101,5.219,-0.1023,0.121,0.654,0.098,13.58,Mon
rsi2_reversion,MSTR,2026-07-27,2026-07-27 14:20:00-04:00,97.6588,2026-07-27 14:40:00-04:00,97.8361,102,long,18.08,0.1815,20.0,RSI(2)=5 dip above VWAP,signal,3.142,3.288,0.544,0.48,-0.988,3.854,0.0179,0.093,0.428,0.769,14.33,Mon
rsi2_reversion,PLTR,2026-07-27,2026-07-27 14:20:00-04:00,131.2756,2026-07-27 14:45:00-04:00,131.2843,76,long,0.66,0.0066,25.0,RSI(2)=4 dip above VWAP,signal,2.489,4.187,1.629,0.99,-0.988,2.721,0.0743,0.168,0.328,0.84,14.33,Mon
squeeze_breakout,TSLA,2026-07-27,2026-07-27 14:20:00-04:00,305.7071,2026-07-27 14:55:00-04:00,307.7082,32,short,-64.04,-0.6546,35.0,squeeze breakdown below lower band 306.40,stop,0.479,-2.796,-1.2,0.92,-0.988,2.412,-0.0199,0.133,0.327,0.112,14.33,Mon
high_break_trail,AMD,2026-07-27,2026-07-27 10:35:00-04:00,483.1195,2026-07-27 15:05:00-04:00,491.183,20,short,-161.27,-1.6691,270.0,"break of first-hour low 484.69, 2.0xATR trail",stop,1.049,-8.414,-3.932,0.78,-0.917,5.812,-0.5819,-0.182,1.414,0.074,10.58,Mon
ema_crossover,TSLA,2026-07-27,2026-07-27 12:45:00-04:00,308.2008,2026-07-27 15:15:00-04:00,308.264,32,short,-2.02,-0.0205,150.0,EMA9/20 cross down below VWAP,signal,0.479,-2.003,-0.532,0.45,-0.914,2.755,-0.0246,0.196,0.474,0.308,12.75,Mon
rsi2_reversion,AMD,2026-07-27,2026-07-27 15:00:00-04:00,488.6955,2026-07-27 15:20:00-04:00,493.8293,20,short,-102.67,-1.0505,20.0,RSI(2)=93 rip below VWAP,stop,1.049,-7.357,-0.549,0.82,-0.85,4.756,-0.0535,0.154,0.505,0.23,15.0,Mon
rsi2_reversion,NVDA,2026-07-27,2026-07-27 15:00:00-04:00,197.3413,2026-07-27 15:35:00-04:00,197.7178,50,short,-18.83,-0.1908,35.0,RSI(2)=92 rip below VWAP,signal,0.556,-5.175,-0.88,0.74,-0.85,2.649,-0.0453,0.009,0.275,0.143,15.0,Mon
rsi2_reversion,TSLA,2026-07-27,2026-07-27 15:25:00-04:00,308.1908,2026-07-27 15:40:00-04:00,308.0239,32,short,5.34,0.0542,15.0,RSI(2)=94 rip below VWAP,signal,0.479,-2.006,-0.307,0.42,-0.706,2.295,-0.0159,0.118,0.275,0.307,15.42,Mon
news_momentum,AMD,2026-07-27,2026-07-27 15:20:00-04:00,493.7613,2026-07-27 15:55:00-04:00,494.8225,20,long,21.22,0.2149,35.0,fresh headline <45m + breakout on volume,eod,1.049,-6.397,0.466,2.21,-0.711,4.664,-0.0393,0.166,0.484,0.33,15.33,Mon
orb,NVDA,2026-07-27,2026-07-27 10:00:00-04:00,201.7091,2026-07-27 15:55:00-04:00,196.6183,49,short,249.45,2.5238,355.0,break of opening range low 202.05,eod,0.556,-3.076,-1.054,0.6,-0.436,4.515,-0.3002,-0.206,1.469,0.067,10.0,Mon
vwap_pullback,TSLA,2026-07-27,2026-07-27 11:20:00-04:00,308.3631,2026-07-27 15:55:00-04:00,309.3946,32,short,-33.01,-0.3345,275.0,rejection at session VWAP 310.24,eod,0.479,-1.951,-0.591,0.51,-0.903,3.374,-0.0796,0.215,0.747,0.321,11.33,Mon
orb,TSLA,2026-07-27,2026-07-27 10:00:00-04:00,308.9455,2026-07-27 15:55:00-04:00,309.3946,32,short,-14.37,-0.1454,355.0,break of opening range low 310.90,eod,0.479,-1.766,-1.214,0.72,-0.436,2.363,-0.3705,-0.198,1.182,0.125,10.0,Mon
orb,PLTR,2026-07-27,2026-07-27 11:20:00-04:00,128.8444,2026-07-27 15:55:00-04:00,131.4792,77,long,202.88,2.045,275.0,break of opening range high 128.49,eod,2.489,2.257,1.055,1.11,-0.903,3.657,0.0198,0.241,0.679,0.862,11.33,Mon
high_break_trail,MSTR,2026-07-27,2026-07-27 15:10:00-04:00,98.9845,2026-07-27 15:55:00-04:00,98.5897,101,long,-39.87,-0.3988,45.0,"break of first-hour high 98.75, 2.0xATR trail",eod,3.142,4.69,1.741,2.03,-0.781,3.659,0.0222,0.058,0.43,0.966,15.17,Mon
vwap_pullback,COIN,2026-07-27,2026-07-27 12:35:00-04:00,166.118,2026-07-27 15:55:00-04:00,167.4462,60,long,79.69,0.7996,200.0,bounce off session VWAP 164.15,eod,3.057,1.813,1.178,0.64,-0.797,4.407,-0.0385,0.227,0.678,0.765,12.58,Mon
squeeze_breakout,MSTR,2026-07-27,2026-07-27 12:35:00-04:00,97.8389,2026-07-27 15:55:00-04:00,98.5897,102,long,76.58,0.7674,200.0,squeeze breakout above upper band 97.65,eod,3.142,3.478,0.894,0.77,-0.797,4.55,-0.0128,0.088,0.686,0.807,12.58,Mon
orb,MSTR,2026-07-27,2026-07-27 10:10:00-04:00,98.6793,2026-07-27 15:55:00-04:00,98.5897,101,long,-9.05,-0.0908,345.0,break of opening range high 97.80,eod,3.142,4.367,1.917,0.84,-0.53,6.406,0.2908,0.101,1.315,0.985,10.17,Mon
orb,AMD,2026-07-27,2026-07-27 10:00:00-04:00,504.3177,2026-07-27 15:55:00-04:00,495.3175,19,short,171.0,1.7846,355.0,break of opening range low 506.29,eod,1.049,-4.396,-1.673,0.8,-0.436,7.509,-0.5718,-0.086,1.61,0.169,10.0,Mon
news_momentum,MSTR,2026-07-27,2026-07-27 14:45:00-04:00,98.2191,2026-07-27 15:55:00-04:00,98.5897,101,long,37.43,0.3773,70.0,fresh headline <45m + breakout on volume,eod,3.142,3.881,1.067,1.74,-1.012,3.715,0.0187,0.095,0.401,0.888,14.75,Mon
squeeze_breakout,PLTR,2026-07-27,2026-07-27 13:15:00-04:00,131.1756,2026-07-27 15:55:00-04:00,131.4792,76,long,23.08,0.2315,160.0,squeeze breakout above upper band 130.99,eod,2.489,4.108,2.095,0.98,-1.167,2.864,0.0708,0.195,0.379,0.978,13.25,Mon
ema_crossover,MSTR,2026-07-27,2026-07-27 12:35:00-04:00,97.8389,2026-07-27 15:55:00-04:00,98.5897,102,long,76.58,0.7674,200.0,EMA9/20 cross up above VWAP,eod,3.142,3.478,0.894,0.77,-0.797,4.55,-0.0128,0.088,0.686,0.807,12.58,Mon
ema_crossover,COIN,2026-07-27,2026-07-27 12:30:00-04:00,164.9424,2026-07-27 15:55:00-04:00,167.4462,60,long,150.23,1.518,205.0,EMA9/20 cross up above VWAP,eod,3.057,1.092,0.485,0.7,-0.805,4.461,-0.0476,0.251,0.695,0.607,12.5,Mon
high_break_trail,NVDA,2026-07-27,2026-07-27 10:35:00-04:00,198.6656,2026-07-27 15:55:00-04:00,196.6183,50,short,102.37,1.0306,320.0,"break of first-hour low 198.88, 2.0xATR trail",eod,0.556,-4.538,-1.796,0.94,-0.917,3.747,-0.2267,-0.146,1.12,0.033,10.58,Mon
vwap_pullback,MSTR,2026-07-27,2026-07-27 12:35:00-04:00,97.8389,2026-07-27 15:55:00-04:00,98.5897,102,long,76.58,0.7674,200.0,bounce off session VWAP 96.96,eod,3.142,3.478,0.894,0.77,-0.797,4.55,-0.0128,0.088,0.686,0.807,12.58,Mon
squeeze_breakout,COIN,2026-07-27,2026-07-27 12:30:00-04:00,164.9424,2026-07-27 15:55:00-04:00,167.4462,60,long,150.23,1.518,205.0,squeeze breakout above upper band 164.13,eod,3.057,1.092,0.485,0.7,-0.805,4.461,-0.0476,0.251,0.695,0.607,12.5,Mon
orb,COIN,2026-07-27,2026-07-27 10:30:00-04:00,162.7136,2026-07-27 15:55:00-04:00,167.6138,61,short,-298.91,-3.0115,325.0,break of opening range low 163.00,eod,3.057,-0.274,-1.465,0.43,-0.932,6.085,-0.1629,0.129,1.169,0.145,10.5,Mon
high_break_trail,PLTR,2026-07-27,2026-07-27 11:20:00-04:00,128.8444,2026-07-27 15:55:00-04:00,131.4792,77,long,202.88,2.045,275.0,"break of first-hour high 128.49, 2.0xATR trail",eod,2.489,2.257,1.055,1.11,-0.903,3.657,0.0198,0.241,0.679,0.862,11.33,Mon
vwap_pullback,NVDA,2026-07-28,2026-07-28 10:20:00-04:00,193.1534,2026-07-28 10:30:00-04:00,194.839,51,short,-85.97,-0.8727,10.0,rejection at session VWAP 194.16,stop,-0.799,-0.922,-0.485,0.65,-0.255,1.732,-0.0402,0.11,0.796,0.152,10.33,Tue
orb,NVDA,2026-07-28,2026-07-28 09:55:00-04:00,193.3333,2026-07-28 10:35:00-04:00,195.5527,51,short,-113.19,-1.148,40.0,break of opening range low 193.57,stop,-0.799,-0.829,-0.445,0.46,-0.364,1.485,-0.0938,-0.246,0.875,0.201,9.92,Tue
ar_forecast,COIN,2026-07-28,2026-07-28 10:35:00-04:00,162.7686,2026-07-28 10:45:00-04:00,163.5917,61,short,-50.21,-0.5057,10.0,AR(12) forecasts -0.35% over 6 bars,signal,-2.949,0.11,0.644,0.49,-0.225,6.134,0.1218,-0.083,1.276,0.741,10.58,Tue
ar_forecast,MSTR,2026-07-28,2026-07-28 10:40:00-04:00,95.3927,2026-07-28 10:50:00-04:00,96.9965,104,long,166.8,1.6813,10.0,AR(12) forecasts +0.17% over 6 bars,signal,-3.213,-0.081,0.47,0.48,-0.124,6.175,0.0733,0.17,1.379,0.584,10.67,Tue
ar_forecast,AMD,2026-07-28,2026-07-28 10:40:00-04:00,450.0998,2026-07-28 10:50:00-04:00,454.8281,22,short,-104.02,-1.0505,10.0,AR(12) forecasts -0.24% over 6 bars,stop,-5.871,-3.412,-0.851,0.71,-0.124,5.629,-0.1763,-0.016,1.954,0.257,10.67,Tue
vwap_pullback,TSLA,2026-07-28,2026-07-28 10:10:00-04:00,302.1588,2026-07-28 10:50:00-04:00,305.3762,33,short,-106.17,-1.0648,40.0,rejection at session VWAP 304.31,stop,-1.072,-1.231,-0.632,0.74,-0.352,4.075,-0.1337,-0.399,1.219,0.226,10.17,Tue
ar_forecast,PLTR,2026-07-28,2026-07-28 10:45:00-04:00,119.9149,2026-07-28 11:00:00-04:00,120.5797,83,long,55.17,0.5544,15.0,AR(12) forecasts +0.86% over 6 bars,signal,-4.348,-4.697,-0.915,0.43,0.016,6.645,-0.1211,0.526,1.77,0.219,10.75,Tue
rsi2_reversion,PLTR,2026-07-28,2026-07-28 10:50:00-04:00,120.3648,2026-07-28 11:05:00-04:00,121.6292,83,short,-104.95,-1.0505,15.0,RSI(2)=93 rip below VWAP,stop,-4.348,-4.34,-0.542,0.49,0.031,6.654,-0.0778,0.555,1.695,0.268,10.83,Tue
ar_forecast,COIN,2026-07-28,2026-07-28 10:50:00-04:00,164.7138,2026-07-28 11:10:00-04:00,163.3616,60,short,81.13,0.8209,20.0,AR(12) forecasts -0.38% over 6 bars,signal,-2.949,1.306,1.683,0.58,0.031,5.748,0.149,-0.078,1.177,0.898,10.83,Tue
ar_forecast,MSTR,2026-07-28,2026-07-28 11:00:00-04:00,96.3632,2026-07-28 11:10:00-04:00,96.2618,103,long,-10.44,-0.1051,10.0,AR(12) forecasts +0.34% over 6 bars,signal,-3.213,0.936,1.307,0.31,-0.141,5.941,0.1208,0.189,1.216,0.791,11.0,Tue
ar_forecast,AMD,2026-07-28,2026-07-28 10:55:00-04:00,452.7634,2026-07-28 11:10:00-04:00,450.6952,22,short,45.5,0.4568,15.0,AR(12) forecasts -0.32% over 6 bars,signal,-5.871,-2.841,-0.231,0.52,-0.074,5.609,-0.0859,-0.051,1.75,0.344,10.92,Tue
ar_forecast,NVDA,2026-07-28,2026-07-28 10:40:00-04:00,195.7578,2026-07-28 11:10:00-04:00,196.2718,51,long,26.21,0.2626,30.0,AR(12) forecasts +0.28% over 6 bars,signal,-0.799,0.414,0.776,0.84,-0.124,2.283,0.0368,0.395,0.728,0.838,10.67,Tue
ar_forecast,TSLA,2026-07-28,2026-07-28 10:50:00-04:00,303.8079,2026-07-28 11:20:00-04:00,305.5677,32,short,-56.31,-0.5792,30.0,AR(12) forecasts -0.42% over 6 bars,signal,-1.072,-0.692,0.065,0.7,0.031,3.388,-0.0352,-0.113,0.88,0.48,10.83,Tue
vwap_pullback,COIN,2026-07-28,2026-07-28 10:25:00-04:00,162.9664,2026-07-28 11:25:00-04:00,166.7162,61,long,228.74,2.301,60.0,bounce off session VWAP 161.53,target,-2.949,0.232,0.844,0.77,-0.202,6.688,0.1269,-0.084,1.345,0.798,10.42,Tue
ar_forecast,PLTR,2026-07-28,2026-07-28 11:10:00-04:00,122.3511,2026-07-28 11:35:00-04:00,123.8681,81,long,122.88,1.2399,25.0,AR(12) forecasts +0.61% over 6 bars,signal,-4.348,-2.761,1.055,0.56,0.02,6.611,0.0246,0.446,1.467,0.483,11.17,Tue
vwap_pullback,AMD,2026-07-28,2026-07-28 10:15:00-04:00,448.0758,2026-07-28 11:35:00-04:00,458.703,22,short,-233.8,-2.3717,80.0,rejection at session VWAP 457.10,stop,-5.871,-3.847,-1.727,0.8,-0.349,5.897,-0.2805,-0.107,2.448,0.146,10.25,Tue
ar_forecast,NVDA,2026-07-28,2026-07-28 11:20:00-04:00,197.3686,2026-07-28 11:35:00-04:00,196.7216,50,long,-32.35,-0.3278,15.0,AR(12) forecasts +0.25% over 6 bars,signal,-0.799,1.241,1.292,0.59,0.296,2.337,0.0916,0.387,0.611,0.908,11.33,Tue
orb,TSLA,2026-07-28,2026-07-28 10:10:00-04:00,302.1588,2026-07-28 11:35:00-04:00,307.3436,33,short,-171.1,-1.7159,85.0,break of opening range low 302.60,stop,-1.072,-1.231,-0.632,0.74,-0.352,4.075,-0.1337,-0.399,1.219,0.226,10.17,Tue
ar_forecast,TSLA,2026-07-28,2026-07-28 11:25:00-04:00,305.8697,2026-07-28 11:55:00-04:00,308.6142,32,short,-87.82,-0.8973,30.0,AR(12) forecasts -0.27% over 6 bars,signal,-1.072,-0.018,0.662,0.8,0.272,2.969,0.023,-0.147,0.678,0.797,11.42,Tue
high_break_trail,TSLA,2026-07-28,2026-07-28 11:50:00-04:00,308.129,2026-07-28 12:05:00-04:00,307.3937,32,long,-23.53,-0.2386,15.0,"break of first-hour high 307.19, 2.0xATR trail",stop,-1.072,0.72,1.267,0.7,0.388,2.732,0.0488,-0.118,0.588,0.908,11.83,Tue
rsi2_reversion,COIN,2026-07-28,2026-07-28 11:55:00-04:00,166.043,2026-07-28 12:20:00-04:00,166.3178,60,long,16.49,0.1655,25.0,RSI(2)=9 dip above VWAP,signal,-2.949,2.124,1.788,0.63,0.409,5.227,0.145,0.131,0.824,0.779,11.92,Tue
rsi2_reversion,NVDA,2026-07-28,2026-07-28 12:35:00-04:00,196.9634,2026-07-28 12:40:00-04:00,197.3013,50,long,16.89,0.1715,5.0,RSI(2)=6 dip above VWAP,signal,-0.799,1.033,0.743,0.57,0.35,2.227,0.0678,0.229,0.436,0.709,12.58,Tue
rsi2_reversion,TSLA,2026-07-28,2026-07-28 12:25:00-04:00,306.3631,2026-07-28 12:40:00-04:00,307.3862,32,long,32.74,0.334,15.0,RSI(2)=5 dip above VWAP,signal,-1.072,0.143,0.483,0.63,0.273,2.82,0.0528,-0.047,0.523,0.542,12.42,Tue
rsi2_reversion,COIN,2026-07-28,2026-07-28 12:25:00-04:00,165.7828,2026-07-28 12:40:00-04:00,165.917,60,long,8.05,0.0809,15.0,RSI(2)=10 dip above VWAP,signal,-2.949,1.964,1.456,0.35,0.273,4.788,0.1169,0.139,0.666,0.752,12.42,Tue
squeeze_breakout,PLTR,2026-07-28,2026-07-28 12:55:00-04:00,124.6409,2026-07-28 13:10:00-04:00,123.8697,80,long,-61.7,-0.6188,15.0,squeeze breakout above upper band 124.57,stop,-4.348,-0.941,2.414,0.27,0.463,4.798,0.1184,0.415,0.576,0.731,12.92,Tue
rsi2_reversion,TSLA,2026-07-28,2026-07-28 13:10:00-04:00,306.8333,2026-07-28 13:25:00-04:00,307.1414,32,long,9.86,0.1004,15.0,RSI(2)=10 dip above VWAP,signal,-1.072,0.297,0.566,0.54,0.291,2.592,0.0426,-0.055,0.386,0.587,13.17,Tue
ema_crossover,AMD,2026-07-28,2026-07-28 11:25:00-04:00,456.3481,2026-07-28 13:40:00-04:00,458.4207,21,long,43.52,0.4542,135.0,EMA9/20 cross up above VWAP,signal,-5.871,-2.072,0.573,0.51,0.272,5.059,-0.0139,-0.001,1.374,0.462,11.42,Tue
rsi2_reversion,COIN,2026-07-28,2026-07-28 13:30:00-04:00,166.5132,2026-07-28 13:45:00-04:00,166.3468,60,long,-9.99,-0.1,15.0,RSI(2)=6 dip above VWAP,signal,-2.949,2.413,1.62,0.41,0.34,4.244,0.0883,0.158,0.468,0.828,13.5,Tue
ema_crossover,TSLA,2026-07-28,2026-07-28 14:00:00-04:00,307.2335,2026-07-28 14:05:00-04:00,306.2168,32,long,-32.53,-0.3309,5.0,EMA9/20 cross up above VWAP,signal,-1.072,0.428,0.643,0.65,0.276,2.409,0.0313,-0.089,0.336,0.626,14.0,Tue
rsi2_reversion,NVDA,2026-07-28,2026-07-28 13:50:00-04:00,197.3286,2026-07-28 14:05:00-04:00,197.1014,50,long,-11.36,-0.1151,15.0,RSI(2)=8 dip above VWAP,signal,-0.799,1.22,0.787,0.51,0.213,2.011,0.042,0.225,0.311,0.77,13.83,Tue
rsi2_reversion,MSTR,2026-07-28,2026-07-28 13:35:00-04:00,97.3169,2026-07-28 14:10:00-04:00,96.2956,102,long,-104.18,-1.0495,35.0,RSI(2)=4 dip above VWAP,stop,-3.213,1.935,1.362,0.58,0.299,4.368,0.0778,0.112,0.474,0.799,13.58,Tue
ema_crossover,PLTR,2026-07-28,2026-07-28 11:15:00-04:00,122.5913,2026-07-28 14:15:00-04:00,123.3684,81,long,62.95,0.6339,180.0,EMA9/20 cross up above VWAP,signal,-4.348,-2.57,1.161,0.67,0.187,6.573,0.0519,0.45,1.42,0.509,11.25,Tue
high_break_trail,MSTR,2026-07-28,2026-07-28 10:50:00-04:00,97.0935,2026-07-28 14:40:00-04:00,95.6943,102,long,-142.72,-1.4411,230.0,"break of first-hour high 97.01, 2.0xATR trail",stop,-3.213,1.701,2.113,0.7,0.031,6.257,0.1236,0.141,1.321,0.969,10.83,Tue
rsi2_reversion,MSTR,2026-07-28,2026-07-28 14:15:00-04:00,96.2882,2026-07-28 14:50:00-04:00,95.992,103,long,-30.51,-0.3077,35.0,RSI(2)=5 dip above VWAP,signal,-3.213,0.857,0.243,0.73,0.212,4.099,0.0503,0.112,0.4,0.603,14.25,Tue
rsi2_reversion,PLTR,2026-07-28,2026-07-28 14:10:00-04:00,123.8032,2026-07-28 14:55:00-04:00,123.2384,80,long,-45.19,-0.4562,45.0,RSI(2)=7 dip above VWAP,signal,-4.348,-1.607,1.517,0.3,0.171,4.198,0.084,0.409,0.432,0.641,14.17,Tue
vwap_pullback,AMD,2026-07-28,2026-07-28 14:50:00-04:00,455.4222,2026-07-28 14:55:00-04:00,457.3166,21,short,-39.78,-0.416,5.0,rejection at session VWAP 455.72,stop,-5.871,-2.27,-0.065,0.35,0.279,3.59,0.0232,0.003,0.438,0.432,14.83,Tue
squeeze_breakout,NVDA,2026-07-28,2026-07-28 15:20:00-04:00,197.7988,2026-07-28 15:35:00-04:00,197.0364,50,long,-38.12,-0.3855,15.0,squeeze breakout above upper band 197.65,stop,-0.799,1.461,0.928,0.53,0.354,1.791,0.0232,0.179,0.253,0.849,15.33,Tue
vwap_pullback,MSTR,2026-07-28,2026-07-28 10:45:00-04:00,96.2181,2026-07-28 15:55:00-04:00,96.1219,103,long,-9.91,-0.1,310.0,bounce off session VWAP 94.95,eod,-3.213,0.784,1.256,0.53,0.016,6.291,0.1111,0.268,1.353,0.767,10.75,Tue
orb,AMD,2026-07-28,2026-07-28 10:00:00-04:00,451.0044,2026-07-28 15:55:00-04:00,455.0774,22,short,-89.61,-0.9031,355.0,break of opening range low 452.54,eod,-5.871,-3.218,-1.528,0.47,-0.261,6.413,-0.1747,-0.26,2.626,0.04,10.0,Tue
high_break_trail,COIN,2026-07-28,2026-07-28 10:50:00-04:00,164.8786,2026-07-28 15:55:00-04:00,167.816,60,long,176.25,1.7816,305.0,"break of first-hour high 164.08, 2.0xATR trail",eod,-2.949,1.408,1.785,0.58,0.031,5.748,0.149,-0.078,1.177,0.922,10.83,Tue
orb,COIN,2026-07-28,2026-07-28 10:45:00-04:00,163.5917,2026-07-28 15:55:00-04:00,167.816,61,long,257.68,2.5822,310.0,break of opening range high 163.50,eod,-2.949,0.616,1.064,0.42,0.016,5.911,0.1437,-0.047,1.22,0.787,10.75,Tue
vwap_pullback,TSLA,2026-07-28,2026-07-28 15:20:00-04:00,306.4483,2026-07-28 15:55:00-04:00,307.3337,32,long,28.33,0.2889,35.0,bounce off session VWAP 305.40,eod,-1.072,0.171,0.341,0.45,0.354,2.194,0.0181,-0.099,0.259,0.55,15.33,Tue
ema_crossover,NVDA,2026-07-28,2026-07-28 15:10:00-04:00,197.4387,2026-07-28 15:55:00-04:00,196.7516,50,long,-34.35,-0.348,45.0,EMA9/20 cross up above VWAP,stop,-0.799,1.277,0.759,0.73,0.308,1.815,0.0237,0.177,0.255,0.788,15.17,Tue
orb,MSTR,2026-07-28,2026-07-28 10:50:00-04:00,97.0935,2026-07-28 15:55:00-04:00,96.1219,102,long,-99.1,-1.0007,305.0,break of opening range high 97.01,eod,-3.213,1.701,2.113,0.7,0.031,6.257,0.1236,0.141,1.321,0.969,10.83,Tue
ema_crossover,AMD,2026-07-28,2026-07-28 15:10:00-04:00,459.0744,2026-07-28 15:55:00-04:00,454.9611,21,long,-86.38,-0.896,45.0,EMA9/20 cross up above VWAP,stop,-5.871,-1.487,0.714,0.76,0.308,3.604,0.0223,-0.002,0.466,0.551,15.17,Tue
orb,PLTR,2026-07-28,2026-07-28 09:50:00-04:00,119.4602,2026-07-28 15:55:00-04:00,123.6218,83,short,-345.41,-3.4836,365.0,break of opening range low 120.73,eod,-4.348,-5.058,-2.353,0.79,-0.288,2.574,-1.1361,-0.888,2.907,0.17,9.83,Tue
high_break_trail,NVDA,2026-07-28,2026-07-28 10:40:00-04:00,195.7578,2026-07-28 15:55:00-04:00,196.8515,51,long,55.78,0.5587,315.0,"break of first-hour high 195.46, 2.0xATR trail",eod,-0.799,0.414,0.776,0.84,-0.124,2.283,0.0368,0.395,0.728,0.838,10.67,Tue
vwap_pullback,NVDA,2026-07-28,2026-07-28 10:40:00-04:00,195.7578,2026-07-28 15:55:00-04:00,196.8515,51,long,55.78,0.5587,315.0,bounce off session VWAP 194.17,eod,-0.799,0.414,0.776,0.84,-0.124,2.283,0.0368,0.395,0.728,0.838,10.67,Tue
orb,MSTR,2026-07-29,2026-07-29 10:00:00-04:00,97.8289,2026-07-29 10:25:00-04:00,95.5222,102,long,-235.28,-2.3579,25.0,break of opening range high 97.65,stop,0.239,1.482,0.832,0.75,-0.293,4.209,0.1258,-0.961,1.605,0.862,10.0,Wed
ar_forecast,AMD,2026-07-29,2026-07-29 10:45:00-04:00,430.0649,2026-07-29 10:55:00-04:00,432.6424,23,long,59.28,0.5993,10.0,AR(12) forecasts +0.37% over 6 bars,signal,-0.627,-4.853,-2.619,1.24,-0.749,5.767,-0.3379,-0.398,1.261,0.049,10.75,Wed
vwap_pullback,PLTR,2026-07-29,2026-07-29 10:15:00-04:00,122.9735,2026-07-29 10:55:00-04:00,124.6081,81,short,-132.4,-1.3292,40.0,rejection at session VWAP 124.17,stop,0.322,-0.794,-0.926,0.48,-0.551,4.096,-0.1761,-0.283,1.051,0.098,10.25,Wed
ar_forecast,NVDA,2026-07-29,2026-07-29 10:35:00-04:00,191.864,2026-07-29 11:00:00-04:00,192.5762,52,short,-37.03,-0.3712,25.0,AR(12) forecasts -0.32% over 6 bars,signal,-0.561,-2.033,-0.976,0.66,-0.697,2.752,-0.2209,-0.135,0.77,0.153,10.58,Wed
ar_forecast,PLTR,2026-07-29,2026-07-29 10:35:00-04:00,124.4872,2026-07-29 11:05:00-04:00,124.4777,80,long,-0.76,-0.0076,30.0,AR(12) forecasts +0.62% over 6 bars,signal,0.322,0.427,0.327,0.69,-0.697,3.959,-0.0611,-0.164,0.928,0.641,10.58,Wed
ar_forecast,COIN,2026-07-29,2026-07-29 10:35:00-04:00,165.0325,2026-07-29 11:05:00-04:00,165.877,60,long,50.67,0.5118,30.0,AR(12) forecasts +0.60% over 6 bars,signal,-1.048,-0.667,-1.368,0.62,-0.697,4.712,-0.1709,-0.615,1.208,0.083,10.58,Wed
ar_forecast,TSLA,2026-07-29,2026-07-29 10:45:00-04:00,302.8413,2026-07-29 11:05:00-04:00,303.0214,33,long,5.94,0.0595,20.0,AR(12) forecasts +0.19% over 6 bars,signal,-0.054,-1.457,-0.771,0.67,-0.749,1.922,-0.0762,-0.489,0.829,0.125,10.75,Wed
ar_forecast,PLTR,2026-07-29,2026-07-29 11:10:00-04:00,125.0375,2026-07-29 11:15:00-04:00,124.1979,79,long,-66.33,-0.6715,5.0,AR(12) forecasts +0.24% over 6 bars,signal,0.322,0.871,0.709,0.82,-0.72,3.606,0.0132,-0.206,0.758,0.838,11.17,Wed
rsi2_reversion,NVDA,2026-07-29,2026-07-29 11:05:00-04:00,193.0184,2026-07-29 11:15:00-04:00,192.4912,51,short,26.89,0.2732,10.0,RSI(2)=96 rip below VWAP,signal,-0.561,-1.443,-0.2,0.72,-0.592,2.868,-0.1093,0.128,0.627,0.341,11.08,Wed
ar_forecast,COIN,2026-07-29,2026-07-29 11:10:00-04:00,165.6072,2026-07-29 11:20:00-04:00,164.6623,60,short,56.69,0.5705,10.0,AR(12) forecasts -0.21% over 6 bars,signal,-1.048,-0.321,-0.713,0.54,-0.72,4.095,-0.1202,-0.484,0.936,0.248,11.17,Wed
ar_forecast,AMD,2026-07-29,2026-07-29 11:30:00-04:00,430.5252,2026-07-29 11:50:00-04:00,426.0068,23,long,-103.92,-1.0495,20.0,AR(12) forecasts +0.23% over 6 bars,stop,-0.627,-4.751,-2.075,0.32,-0.73,5.103,-0.1968,-0.241,0.988,0.065,11.5,Wed
ar_forecast,MSTR,2026-07-29,2026-07-29 11:25:00-04:00,95.5177,2026-07-29 11:55:00-04:00,94.8475,104,long,-69.7,-0.7016,30.0,AR(12) forecasts +0.16% over 6 bars,signal,0.239,-0.915,-1.072,0.47,-0.747,3.402,-0.0962,-0.248,0.881,0.141,11.42,Wed
vwap_pullback,TSLA,2026-07-29,2026-07-29 10:10:00-04:00,304.7376,2026-07-29 12:05:00-04:00,300.5722,32,short,133.29,1.3669,115.0,rejection at session VWAP 305.97,target,-0.054,-0.84,-0.38,0.63,-0.616,1.632,-0.0545,-0.61,1.067,0.171,10.17,Wed
rsi2_reversion,COIN,2026-07-29,2026-07-29 12:30:00-04:00,164.4277,2026-07-29 12:45:00-04:00,163.6018,60,short,49.56,0.5023,15.0,RSI(2)=93 rip below VWAP,signal,-1.048,-1.031,-1.032,0.31,-0.889,3.36,-0.0839,-0.404,0.591,0.209,12.5,Wed
rsi2_reversion,AMD,2026-07-29,2026-07-29 12:30:00-04:00,429.4252,2026-07-29 12:45:00-04:00,427.5787,23,short,42.47,0.43,15.0,RSI(2)=94 rip below VWAP,signal,-0.627,-4.994,-1.75,0.51,-0.889,4.667,-0.1415,-0.209,0.74,0.163,12.5,Wed
rsi2_reversion,MSTR,2026-07-29,2026-07-29 12:25:00-04:00,95.6521,2026-07-29 12:45:00-04:00,95.3877,104,short,27.51,0.2765,20.0,RSI(2)=90 rip below VWAP,signal,0.239,-0.776,-0.67,0.49,-0.827,3.273,-0.0707,-0.271,0.658,0.281,12.42,Wed
ar_forecast,MSTR,2026-07-29,2026-07-29 12:35:00-04:00,95.6578,2026-07-29 12:50:00-04:00,95.5722,104,long,-8.9,-0.0895,15.0,AR(12) forecasts +0.18% over 6 bars,signal,0.239,-0.77,-0.645,0.63,-0.865,3.2,-0.0629,-0.28,0.629,0.283,12.58,Wed
news_momentum,NVDA,2026-07-29,2026-07-29 12:10:00-04:00,191.0744,2026-07-29 12:50:00-04:00,192.2161,52,short,-59.37,-0.5975,40.0,fresh headline <45m + breakdown on volume,stop,-0.561,-2.436,-0.99,1.75,-1.074,2.359,-0.0557,0.055,0.439,0.044,12.17,Wed
ema_crossover,PLTR,2026-07-29,2026-07-29 12:45:00-04:00,124.1229,2026-07-29 12:55:00-04:00,124.8625,80,short,-59.17,-0.5959,10.0,EMA9/20 cross down below VWAP,signal,0.322,0.133,-0.15,0.62,-0.816,2.947,0.0176,-0.195,0.483,0.51,12.75,Wed
high_break_trail,NVDA,2026-07-29,2026-07-29 12:15:00-04:00,190.8145,2026-07-29 13:00:00-04:00,192.4538,52,short,-85.24,-0.8591,45.0,"break of first-hour low 190.92, 2.0xATR trail",stop,-0.561,-2.569,-1.101,0.55,-1.046,2.336,-0.0551,0.051,0.426,0.021,12.25,Wed
rsi2_reversion,AMD,2026-07-29,2026-07-29 13:05:00-04:00,433.1233,2026-07-29 13:10:00-04:00,437.6733,23,short,-104.65,-1.0505,5.0,RSI(2)=96 rip below VWAP,stop,-0.627,-4.176,-0.762,0.65,-0.618,4.58,-0.1,-0.126,0.647,0.274,13.08,Wed
high_break_trail,TSLA,2026-07-29,2026-07-29 11:15:00-04:00,302.0189,2026-07-29 13:10:00-04:00,303.9062,33,short,-62.28,-0.6249,115.0,"break of first-hour low 302.41, 2.0xATR trail",stop,-0.054,-1.725,-0.897,0.68,-0.731,1.795,-0.0665,-0.437,0.651,0.039,11.25,Wed
high_break_trail,AMD,2026-07-29,2026-07-29 10:40:00-04:00,431.3192,2026-07-29 13:10:00-04:00,435.8721,23,short,-104.72,-1.0556,150.0,"break of first-hour low 432.21, 2.0xATR trail",stop,-0.627,-4.575,-2.465,0.63,-0.777,5.639,-0.3568,-0.429,1.307,0.092,10.67,Wed
rsi2_reversion,TSLA,2026-07-29,2026-07-29 12:40:00-04:00,301.1294,2026-07-29 13:15:00-04:00,304.2927,33,short,-104.39,-1.0505,35.0,RSI(2)=94 rip below VWAP,stop,-0.054,-2.014,-0.793,0.74,-0.911,1.578,-0.049,-0.288,0.392,0.153,12.67,Wed
orb,PLTR,2026-07-29,2026-07-29 09:55:00-04:00,123.4582,2026-07-29 13:20:00-04:00,125.5527,80,short,-167.56,-1.6965,205.0,break of opening range low 123.70,stop,0.322,-0.403,-0.74,0.57,-0.353,2.955,-0.3819,-0.653,1.167,0.272,9.92,Wed
ar_forecast,TSLA,2026-07-29,2026-07-29 12:50:00-04:00,301.754,2026-07-29 13:20:00-04:00,303.8769,33,short,-70.05,-0.7035,30.0,AR(12) forecasts -0.18% over 6 bars,signal,-0.054,-1.811,-0.574,0.44,-0.768,1.567,-0.045,-0.267,0.366,0.22,12.83,Wed
vwap_pullback,AMD,2026-07-29,2026-07-29 13:25:00-04:00,436.5416,2026-07-29 13:25:00-04:00,438.0208,22,short,-32.54,-0.3388,0.0,rejection at session VWAP 436.49,stop,-0.627,-3.42,0.01,0.67,-0.572,4.658,-0.0687,-0.13,0.642,0.377,13.42,Wed
rsi2_reversion,COIN,2026-07-29,2026-07-29 13:05:00-04:00,164.7926,2026-07-29 13:25:00-04:00,164.5472,60,short,14.72,0.1489,20.0,RSI(2)=92 rip below VWAP,signal,-1.048,-0.811,-0.747,0.38,-0.618,3.203,-0.0627,-0.36,0.514,0.264,13.08,Wed
rsi2_reversion,NVDA,2026-07-29,2026-07-29 13:05:00-04:00,192.2538,2026-07-29 13:30:00-04:00,192.2062,52,short,2.48,0.0248,25.0,RSI(2)=95 rip below VWAP,signal,-0.561,-1.834,-0.247,0.74,-0.618,2.179,-0.0336,0.104,0.335,0.246,13.08,Wed
ema_crossover,COIN,2026-07-29,2026-07-29 13:30:00-04:00,163.918,2026-07-29 13:35:00-04:00,164.6823,61,short,-46.62,-0.4663,5.0,EMA9/20 cross down below VWAP,signal,-1.048,-1.337,-1.242,0.24,-0.558,3.078,-0.0503,-0.359,0.475,0.132,13.5,Wed
squeeze_breakout,NVDA,2026-07-29,2026-07-29 13:15:00-04:00,193.0265,2026-07-29 13:45:00-04:00,191.6582,51,long,-69.78,-0.7089,30.0,squeeze breakout above upper band 192.69,stop,-0.561,-1.439,0.153,1.09,-0.438,2.165,-0.0283,0.101,0.328,0.367,13.25,Wed
high_break_trail,MSTR,2026-07-29,2026-07-29 10:45:00-04:00,95.1674,2026-07-29 13:50:00-04:00,96.9977,105,short,-192.18,-1.9233,185.0,"break of first-hour low 95.50, 2.0xATR trail",stop,0.239,-1.279,-1.613,0.49,-0.749,3.769,-0.1472,-0.357,1.147,0.028,10.75,Wed
vwap_pullback,MSTR,2026-07-29,2026-07-29 10:30:00-04:00,95.8421,2026-07-29 13:50:00-04:00,97.2378,104,short,-145.15,-1.4563,200.0,rejection at session VWAP 96.90,stop,0.239,-0.579,-1.052,0.82,-0.628,3.939,-0.1145,-0.34,1.305,0.127,10.5,Wed
squeeze_breakout,MSTR,2026-07-29,2026-07-29 13:00:00-04:00,96.3882,2026-07-29 14:00:00-04:00,98.3146,103,long,198.42,1.9986,60.0,squeeze breakout above upper band 96.15,target,0.239,-0.012,0.135,0.5,-0.555,3.169,-0.0426,-0.198,0.568,0.49,13.0,Wed
vwap_pullback,TSLA,2026-07-29,2026-07-29 13:25:00-04:00,302.8285,2026-07-29 14:00:00-04:00,304.5194,33,short,-55.8,-0.5584,35.0,rejection at session VWAP 303.45,stop,-0.054,-1.462,-0.203,0.69,-0.572,1.617,-0.0283,-0.17,0.33,0.335,13.42,Wed
vwap_pullback,NVDA,2026-07-29,2026-07-29 13:30:00-04:00,192.0141,2026-07-29 14:00:00-04:00,193.4029,52,short,-72.22,-0.7233,30.0,rejection at session VWAP 192.73,stop,-0.561,-1.956,-0.365,0.47,-0.558,2.108,-0.0239,0.095,0.317,0.208,13.5,Wed
ema_crossover,COIN,2026-07-29,2026-07-29 13:40:00-04:00,163.903,2026-07-29 14:00:00-04:00,165.1475,61,short,-75.92,-0.7593,20.0,EMA9/20 cross down below VWAP,stop,-1.048,-1.346,-1.234,0.35,-0.57,3.045,-0.0478,-0.373,0.465,0.13,13.67,Wed
high_break_trail,PLTR,2026-07-29,2026-07-29 13:25:00-04:00,125.6978,2026-07-29 14:20:00-04:00,125.376,79,long,-25.42,-0.256,55.0,"break of first-hour high 125.49, 2.0xATR trail",stop,0.322,1.404,1.033,0.98,-0.572,2.791,0.0221,-0.177,0.417,0.917,13.42,Wed
rsi2_reversion,COIN,2026-07-29,2026-07-29 14:05:00-04:00,165.4172,2026-07-29 14:20:00-04:00,164.6523,60,short,45.9,0.4624,15.0,RSI(2)=95 rip below VWAP,signal,-1.048,-0.435,-0.283,2.07,-0.254,3.021,-0.0375,-0.289,0.497,0.358,14.08,Wed
ar_forecast,NVDA,2026-07-29,2026-07-29 14:10:00-04:00,193.9369,2026-07-29 14:20:00-04:00,192.5237,51,long,-72.07,-0.7287,10.0,AR(12) forecasts +0.17% over 6 bars,signal,-0.561,-0.974,0.627,1.05,-0.349,2.176,-0.014,0.069,0.366,0.509,14.17,Wed
news_momentum,TSLA,2026-07-29,2026-07-29 14:05:00-04:00,304.152,2026-07-29 14:20:00-04:00,302.4687,32,long,-53.87,-0.5534,15.0,fresh headline <45m + breakout on volume,stop,-0.054,-1.031,0.234,1.64,-0.254,1.612,-0.017,-0.113,0.338,0.476,14.08,Wed
vwap_pullback,NVDA,2026-07-29,2026-07-29 14:20:00-04:00,192.5237,2026-07-29 14:30:00-04:00,193.406,51,short,-45.0,-0.4583,10.0,rejection at session VWAP 192.73,stop,-0.561,-1.696,-0.107,0.6,-0.447,2.157,-0.012,0.074,0.374,0.288,14.33,Wed
rsi2_reversion,MSTR,2026-07-29,2026-07-29 14:30:00-04:00,97.4387,2026-07-29 14:40:00-04:00,98.0563,102,long,63.0,0.6339,10.0,RSI(2)=7 dip above VWAP,signal,0.239,1.077,0.581,1.62,-0.414,3.236,0.0134,0.014,0.638,0.605,14.5,Wed
news_momentum,NVDA,2026-07-29,2026-07-29 14:05:00-04:00,193.0166,2026-07-29 14:40:00-04:00,195.1195,51,long,107.25,1.0895,35.0,fresh headline <45m + breakout on volume,target,-0.561,-1.444,0.154,2.75,-0.254,2.114,-0.0152,0.167,0.34,0.365,14.08,Wed
vwap_pullback,PLTR,2026-07-29,2026-07-29 11:00:00-04:00,124.7724,2026-07-29 14:50:00-04:00,126.7969,80,long,161.96,1.6226,230.0,bounce off session VWAP 124.10,target,0.322,0.657,0.53,0.69,-0.628,3.525,0.002,-0.129,0.779,0.743,11.0,Wed
vwap_pullback,COIN,2026-07-29,2026-07-29 14:20:00-04:00,164.4877,2026-07-29 14:50:00-04:00,166.4574,60,short,-118.18,-1.1975,30.0,rejection at session VWAP 165.88,stop,-1.048,-0.995,-0.823,0.51,-0.447,3.088,-0.0342,-0.226,0.541,0.218,14.33,Wed
high_break_trail,COIN,2026-07-29,2026-07-29 10:45:00-04:00,164.5277,2026-07-29 14:55:00-04:00,166.7364,60,short,-132.52,-1.3425,250.0,"break of first-hour low 164.79, 2.0xATR trail",stop,-1.048,-0.97,-1.48,1.32,-0.749,4.533,-0.1754,-0.649,1.129,0.049,10.75,Wed
squeeze_breakout,AMD,2026-07-29,2026-07-29 14:40:00-04:00,444.4421,2026-07-29 15:20:00-04:00,438.443,22,long,-131.98,-1.3498,40.0,squeeze breakout above upper band 444.24,stop,-0.627,-1.672,1.643,0.77,0.101,4.579,-0.0024,-0.021,0.758,0.615,14.67,Wed
rsi2_reversion,PLTR,2026-07-29,2026-07-29 15:10:00-04:00,125.9029,2026-07-29 15:20:00-04:00,124.5816,79,long,-104.39,-1.0495,10.0,RSI(2)=7 dip above VWAP,stop,0.322,1.569,0.851,0.98,-0.143,2.625,0.029,-0.033,0.434,0.699,15.17,Wed
rsi2_reversion,AMD,2026-07-29,2026-07-29 15:20:00-04:00,444.222,2026-07-29 15:20:00-04:00,439.5599,22,long,-102.57,-1.0495,0.0,RSI(2)=4 dip above VWAP,stop,-0.627,-1.721,1.301,1.06,-0.622,4.556,0.0219,0.033,0.84,0.608,15.33,Wed
rsi2_reversion,NVDA,2026-07-29,2026-07-29 15:10:00-04:00,194.5978,2026-07-29 15:25:00-04:00,192.5555,51,long,-104.16,-1.0495,15.0,RSI(2)=7 dip above VWAP,stop,-0.561,-0.637,0.816,0.81,-0.143,2.328,0.0063,0.179,0.433,0.613,15.17,Wed
squeeze_breakout,TSLA,2026-07-29,2026-07-29 13:15:00-04:00,303.9919,2026-07-29 15:25:00-04:00,301.5106,32,long,-79.4,-0.8162,130.0,squeeze breakout above upper band 303.50,stop,-0.054,-1.083,0.176,0.8,-0.438,1.612,-0.0317,-0.2,0.335,0.459,13.25,Wed
vwap_pullback,MSTR,2026-07-29,2026-07-29 14:40:00-04:00,98.1545,2026-07-29 15:25:00-04:00,96.558,101,long,-161.25,-1.6265,45.0,bounce off session VWAP 96.90,stop,0.239,1.82,1.265,1.48,0.101,3.48,0.0189,0.069,0.71,0.761,14.67,Wed
news_momentum,MSTR,2026-07-29,2026-07-29 14:05:00-04:00,98.5192,2026-07-29 15:25:00-04:00,96.5517,101,long,-198.72,-1.9971,80.0,fresh headline <45m + breakout on volume,stop,0.239,2.198,1.917,6.66,-0.254,3.217,0.0007,-0.067,0.565,0.873,14.08,Wed
squeeze_breakout,NVDA,2026-07-29,2026-07-29 14:10:00-04:00,193.9369,2026-07-29 15:30:00-04:00,192.1977,51,long,-88.7,-0.8968,80.0,squeeze breakout above upper band 193.32,stop,-0.561,-0.974,0.627,1.05,-0.349,2.176,-0.014,0.069,0.366,0.509,14.17,Wed
vwap_pullback,COIN,2026-07-29,2026-07-29 15:10:00-04:00,163.908,2026-07-29 15:40:00-04:00,159.4189,61,short,273.83,2.7388,30.0,rejection at session VWAP 165.69,target,-1.048,-1.343,-1.066,1.12,-0.143,3.228,-0.0236,-0.033,0.628,0.164,15.17,Wed
orb,TSLA,2026-07-29,2026-07-29 10:25:00-04:00,304.3727,2026-07-29 15:55:00-04:00,298.4992,32,short,187.95,1.9297,330.0,break of opening range low 304.57,eod,-0.054,-0.959,-0.394,0.71,-0.682,1.851,-0.0656,-0.368,0.972,0.296,10.42,Wed
orb,NVDA,2026-07-29,2026-07-29 09:55:00-04:00,194.0204,2026-07-29 15:55:00-04:00,190.155,51,short,197.14,1.9923,360.0,break of opening range low 194.86,eod,-0.561,-0.932,-0.721,0.7,-0.353,3.565,-0.3337,-0.236,1.014,0.31,9.92,Wed
ema_crossover,TSLA,2026-07-29,2026-07-29 15:30:00-04:00,301.919,2026-07-29 15:55:00-04:00,298.4992,33,short,112.85,1.1327,25.0,EMA9/20 cross down below VWAP,eod,-0.054,-1.757,-0.554,1.07,-0.862,1.97,-0.0033,0.128,0.473,0.237,15.5,Wed
orb,COIN,2026-07-29,2026-07-29 10:30:00-04:00,165.0075,2026-07-29 15:55:00-04:00,160.15,60,short,291.44,2.9438,325.0,break of opening range low 166.00,eod,-1.048,-0.682,-1.507,0.71,-0.628,4.817,-0.1725,-0.662,1.262,0.062,10.5,Wed
orb,AMD,2026-07-29,2026-07-29 09:55:00-04:00,442.3537,2026-07-29 15:55:00-04:00,429.7848,22,short,276.52,2.8414,360.0,break of opening range low 446.20,eod,-0.627,-2.134,-1.477,0.77,-0.353,7.68,-0.5552,-0.478,1.643,0.209,9.92,Wed
ema_crossover,PLTR,2026-07-29,2026-07-29 15:25:00-04:00,124.3128,2026-07-29 15:55:00-04:00,123.1115,80,short,96.1,0.9663,30.0,EMA9/20 cross down below VWAP,eod,0.322,0.286,-0.417,1.34,-0.651,2.702,0.0249,0.027,0.462,0.352,15.42,Wed
orb,COIN,2026-07-30,2026-07-30 09:50:00-04:00,164.2421,2026-07-30 10:15:00-04:00,159.3403,60,long,-294.11,-2.9845,25.0,break of opening range high 163.63,stop,0.693,1.9,1.446,0.72,0.247,9.691,0.4665,-0.503,1.514,0.922,9.83,Thu
ar_forecast,MSTR,2026-07-30,2026-07-30 10:40:00-04:00,96.7684,2026-07-30 10:45:00-04:00,96.4318,103,long,-34.67,-0.3478,5.0,AR(12) forecasts +0.22% over 6 bars,signal,1.977,1.685,0.85,0.8,0.243,5.497,0.0604,-0.149,0.89,0.797,10.67,Thu
rsi2_reversion,COIN,2026-07-30,2026-07-30 10:35:00-04:00,161.3643,2026-07-30 10:45:00-04:00,160.5904,61,short,47.21,0.4796,10.0,RSI(2)=91 rip below VWAP,signal,0.693,0.114,-0.129,0.41,0.358,6.503,-0.0866,0.096,1.232,0.376,10.58,Thu
ar_forecast,COIN,2026-07-30,2026-07-30 10:35:00-04:00,161.5257,2026-07-30 10:45:00-04:00,160.4298,61,long,-66.85,-0.6785,10.0,AR(12) forecasts +0.25% over 6 bars,signal,0.693,0.215,-0.029,0.41,0.358,6.503,-0.0866,0.096,1.232,0.405,10.58,Thu
ar_forecast,AMD,2026-07-30,2026-07-30 10:35:00-04:00,497.2912,2026-07-30 10:55:00-04:00,485.5627,20,short,234.57,2.3585,20.0,AR(12) forecasts -0.29% over 6 bars,signal,7.549,7.639,4.128,0.74,0.358,4.887,0.5601,0.363,1.276,0.978,10.58,Thu
high_break_trail,NVDA,2026-07-30,2026-07-30 10:35:00-04:00,197.3186,2026-07-30 10:55:00-04:00,194.4632,50,long,-142.77,-1.4471,20.0,"break of first-hour high 197.18, 2.0xATR trail",stop,1.784,2.0,1.56,0.63,0.358,3.138,0.1971,-0.087,0.675,1.012,10.58,Thu
high_break_trail,AMD,2026-07-30,2026-07-30 10:35:00-04:00,497.7888,2026-07-30 10:55:00-04:00,484.353,20,long,-268.71,-2.6991,20.0,"break of first-hour high 497.40, 2.0xATR trail",stop,7.549,7.746,4.233,0.74,0.358,4.887,0.5601,0.363,1.276,0.99,10.58,Thu
vwap_pullback,TSLA,2026-07-30,2026-07-30 10:25:00-04:00,307.3686,2026-07-30 10:55:00-04:00,304.4373,32,long,-93.8,-0.9537,30.0,bounce off session VWAP 305.51,stop,1.52,1.48,0.561,0.55,0.344,2.812,0.0809,0.254,0.784,0.775,10.42,Thu
ar_forecast,TSLA,2026-07-30,2026-07-30 10:40:00-04:00,307.886,2026-07-30 10:55:00-04:00,305.7328,32,short,68.9,0.6994,15.0,AR(12) forecasts -0.19% over 6 bars,signal,1.52,1.651,0.647,0.58,0.243,3.081,0.0628,0.117,0.732,0.841,10.67,Thu
rsi2_reversion,AMD,2026-07-30,2026-07-30 10:55:00-04:00,485.5627,2026-07-30 11:05:00-04:00,488.5056,20,long,58.86,0.6061,10.0,RSI(2)=3 dip above VWAP,signal,7.549,5.1,1.261,0.73,0.024,6.439,0.3341,0.544,1.207,0.688,10.92,Thu
rsi2_reversion,NVDA,2026-07-30,2026-07-30 10:55:00-04:00,194.9794,2026-07-30 11:10:00-04:00,195.1174,51,long,7.04,0.0707,15.0,RSI(2)=5 dip above VWAP,signal,1.784,0.791,0.276,0.62,0.024,3.079,0.101,0.197,0.617,0.604,10.92,Thu
ar_forecast,COIN,2026-07-30,2026-07-30 10:50:00-04:00,161.0045,2026-07-30 11:10:00-04:00,161.1806,62,short,-10.92,-0.1094,20.0,AR(12) forecasts -0.33% over 6 bars,signal,0.693,-0.109,-0.273,1.26,0.022,6.175,-0.0784,0.01,1.16,0.31,10.83,Thu
vwap_pullback,MSTR,2026-07-30,2026-07-30 11:05:00-04:00,96.5783,2026-07-30 11:10:00-04:00,95.6424,103,long,-96.4,-0.9691,5.0,bounce off session VWAP 95.98,stop,1.977,1.485,0.613,0.82,0.095,5.11,0.0271,-0.138,0.867,0.735,11.08,Thu
ar_forecast,NVDA,2026-07-30,2026-07-30 10:40:00-04:00,196.187,2026-07-30 11:10:00-04:00,195.3126,50,short,43.72,0.4457,30.0,AR(12) forecasts -0.19% over 6 bars,signal,1.784,1.415,0.944,0.66,0.243,3.106,0.173,0.06,0.653,0.814,10.67,Thu
vwap_pullback,NVDA,2026-07-30,2026-07-30 11:05:00-04:00,195.2126,2026-07-30 11:15:00-04:00,193.7769,51,long,-73.22,-0.7354,10.0,bounce off session VWAP 194.46,stop,1.784,0.911,0.38,0.64,0.095,2.904,0.0754,0.193,0.589,0.644,11.08,Thu
ar_forecast,PLTR,2026-07-30,2026-07-30 10:45:00-04:00,121.1605,2026-07-30 11:15:00-04:00,120.3198,82,long,-68.94,-0.6939,30.0,AR(12) forecasts +0.20% over 6 bars,signal,-1.666,0.133,-0.445,0.37,0.159,4.137,-0.0678,-0.251,0.858,0.255,10.75,Thu
ar_forecast,AMD,2026-07-30,2026-07-30 11:00:00-04:00,484.7523,2026-07-30 11:15:00-04:00,484.5776,20,long,-3.49,-0.036,15.0,AR(12) forecasts +0.23% over 6 bars,signal,7.549,4.925,1.046,0.71,0.029,6.323,0.2993,0.512,1.203,0.668,11.0,Thu
vwap_pullback,MSTR,2026-07-30,2026-07-30 11:25:00-04:00,96.1461,2026-07-30 11:25:00-04:00,95.6574,104,long,-50.83,-0.5083,0.0,bounce off session VWAP 95.99,stop,1.977,1.031,0.161,0.64,-0.17,5.029,0.0004,-0.136,0.818,0.594,11.42,Thu
ar_forecast,NVDA,2026-07-30,2026-07-30 11:15:00-04:00,194.2029,2026-07-30 11:30:00-04:00,193.6067,51,short,30.4,0.3069,15.0,AR(12) forecasts -0.18% over 6 bars,signal,1.784,0.389,-0.131,0.52,-0.079,3.022,0.0447,0.241,0.581,0.468,11.25,Thu
ar_forecast,TSLA,2026-07-30,2026-07-30 11:00:00-04:00,304.9474,2026-07-30 11:30:00-04:00,304.3677,32,long,-18.55,-0.1901,30.0,AR(12) forecasts +0.26% over 6 bars,signal,1.52,0.681,-0.287,0.81,0.029,2.862,0.0092,0.144,0.673,0.463,11.0,Thu
ema_crossover,MSTR,2026-07-30,2026-07-30 11:30:00-04:00,95.6524,2026-07-30 11:45:00-04:00,96.5182,104,short,-90.05,-0.9052,15.0,EMA9/20 cross down below VWAP,signal,1.977,0.512,-0.353,0.37,0.004,4.965,-0.0007,-0.155,0.788,0.432,11.5,Thu
rsi2_reversion,AMD,2026-07-30,2026-07-30 11:30:00-04:00,483.1114,2026-07-30 11:50:00-04:00,483.778,20,long,13.33,0.138,20.0,RSI(2)=5 dip above VWAP,signal,7.549,4.57,0.576,0.39,0.004,5.879,0.1345,0.498,1.046,0.628,11.5,Thu
ar_forecast,PLTR,2026-07-30,2026-07-30 11:35:00-04:00,121.5007,2026-07-30 12:00:00-04:00,121.1394,82,long,-29.63,-0.2974,25.0,AR(12) forecasts +0.33% over 6 bars,signal,-1.666,0.414,-0.039,0.66,-0.016,3.635,-0.0454,-0.278,0.67,0.362,11.58,Thu
ema_crossover,TSLA,2026-07-30,2026-07-30 11:15:00-04:00,304.5776,2026-07-30 12:00:00-04:00,306.7792,32,short,-70.45,-0.7228,45.0,EMA9/20 cross down below VWAP,stop,1.52,0.559,-0.397,0.49,-0.079,2.977,-0.0058,-0.002,0.64,0.415,11.25,Thu
vwap_pullback,COIN,2026-07-30,2026-07-30 10:10:00-04:00,160.6097,2026-07-30 12:05:00-04:00,162.6456,62,short,-126.23,-1.2676,115.0,rejection at session VWAP 162.08,stop,0.693,-0.354,-0.848,0.65,0.262,8.228,-0.0727,0.059,1.426,0.222,10.17,Thu
rsi2_reversion,NVDA,2026-07-30,2026-07-30 12:10:00-04:00,193.963,2026-07-30 12:20:00-04:00,193.8669,51,short,4.9,0.0495,10.0,RSI(2)=91 rip below VWAP,signal,1.784,0.265,-0.151,0.61,0.382,2.575,-0.0154,0.214,0.427,0.426,12.17,Thu
ema_crossover,TSLA,2026-07-30,2026-07-30 12:05:00-04:00,306.8383,2026-07-30 12:40:00-04:00,304.7475,32,long,-66.91,-0.6814,35.0,EMA9/20 cross up above VWAP,stop,1.52,1.305,0.35,0.62,0.291,2.651,-0.0086,-0.081,0.496,0.706,12.08,Thu
vwap_pullback,TSLA,2026-07-30,2026-07-30 11:50:00-04:00,306.4732,2026-07-30 12:40:00-04:00,304.6873,32,long,-57.15,-0.5827,50.0,bounce off session VWAP 305.76,stop,1.52,1.185,0.234,0.6,0.16,2.654,-0.0108,-0.028,0.503,0.659,11.83,Thu
rsi2_reversion,AMD,2026-07-30,2026-07-30 12:45:00-04:00,482.4661,2026-07-30 12:55:00-04:00,484.2378,20,long,35.43,0.3672,10.0,RSI(2)=10 dip above VWAP,signal,7.549,4.43,0.301,0.39,0.341,4.94,0.0346,0.41,0.65,0.612,12.75,Thu
rsi2_reversion,NVDA,2026-07-30,2026-07-30 13:05:00-04:00,193.7531,2026-07-30 13:15:00-04:00,193.6067,51,short,7.46,0.0755,10.0,RSI(2)=90 rip below VWAP,signal,1.784,0.157,-0.219,0.38,0.507,2.367,-0.019,0.159,0.333,0.39,13.08,Thu
ema_crossover,NVDA,2026-07-30,2026-07-30 11:25:00-04:00,193.783,2026-07-30 14:10:00-04:00,193.9869,51,short,-10.4,-0.1053,165.0,EMA9/20 cross down below VWAP,signal,1.784,0.172,-0.329,0.64,-0.17,2.913,0.0217,0.234,0.554,0.395,11.42,Thu
rsi2_reversion,TSLA,2026-07-30,2026-07-30 14:05:00-04:00,307.1785,2026-07-30 14:15:00-04:00,307.4462,32,long,8.57,0.0871,10.0,RSI(2)=7 dip above VWAP,signal,1.52,1.418,0.402,0.47,0.548,2.155,0.0049,-0.039,0.303,0.75,14.08,Thu
ema_crossover,COIN,2026-07-30,2026-07-30 11:45:00-04:00,161.7458,2026-07-30 14:15:00-04:00,162.1889,61,long,27.03,0.2739,150.0,EMA9/20 cross up above VWAP,signal,0.693,0.351,0.234,1.12,0.139,5.174,-0.0302,-0.105,0.85,0.445,11.75,Thu
rsi2_reversion,MSTR,2026-07-30,2026-07-30 14:05:00-04:00,96.7584,2026-07-30 14:25:00-04:00,96.7266,103,long,-3.27,-0.0328,20.0,RSI(2)=9 dip above VWAP,signal,1.977,1.674,0.506,0.46,0.548,3.689,0.0188,-0.203,0.405,0.773,14.08,Thu
rsi2_reversion,COIN,2026-07-30,2026-07-30 14:05:00-04:00,162.5612,2026-07-30 14:25:00-04:00,162.4387,61,long,-7.47,-0.0754,20.0,RSI(2)=6 dip above VWAP,signal,0.693,0.857,0.488,0.53,0.548,4.015,0.0246,-0.127,0.405,0.594,14.08,Thu
ema_crossover,PLTR,2026-07-30,2026-07-30 11:50:00-04:00,122.0405,2026-07-30 14:40:00-04:00,121.7091,81,long,-26.84,-0.2715,170.0,EMA9/20 cross up above VWAP,signal,-1.666,0.86,0.395,0.55,0.16,3.525,-0.027,-0.269,0.633,0.521,11.83,Thu
ema_crossover,AMD,2026-07-30,2026-07-30 13:00:00-04:00,486.0629,2026-07-30 15:00:00-04:00,486.3167,20,long,5.08,0.0522,120.0,EMA9/20 cross up above VWAP,signal,7.549,5.208,1.028,0.3,0.53,4.769,0.0297,0.404,0.605,0.7,13.0,Thu
rsi2_reversion,PLTR,2026-07-30,2026-07-30 14:40:00-04:00,121.8309,2026-07-30 15:00:00-04:00,121.959,82,long,10.5,0.1051,20.0,RSI(2)=10 dip above VWAP,signal,-1.666,0.687,0.124,0.53,0.581,2.669,0.0081,-0.308,0.272,0.459,14.67,Thu
ema_crossover,NVDA,2026-07-30,2026-07-30 14:20:00-04:00,193.2034,2026-07-30 15:05:00-04:00,194.167,51,short,-49.15,-0.4988,45.0,EMA9/20 cross down below VWAP,stop,1.784,-0.127,-0.471,0.49,0.579,2.124,-0.0142,0.139,0.245,0.294,14.33,Thu
squeeze_breakout,PLTR,2026-07-30,2026-07-30 13:10:00-04:00,122.3461,2026-07-30 15:05:00-04:00,121.6424,81,long,-57.0,-0.5752,115.0,squeeze breakout above upper band 122.18,stop,-1.666,1.113,0.612,0.56,0.496,3.085,0.0001,-0.305,0.403,0.611,13.17,Thu
vwap_pullback,NVDA,2026-07-30,2026-07-30 14:20:00-04:00,193.2034,2026-07-30 15:10:00-04:00,194.8047,51,short,-81.67,-0.8289,50.0,rejection at session VWAP 194.12,stop,1.784,-0.127,-0.471,0.49,0.579,2.124,-0.0142,0.139,0.245,0.294,14.33,Thu
high_break_trail,TSLA,2026-07-30,2026-07-30 15:10:00-04:00,309.7248,2026-07-30 15:50:00-04:00,309.1635,32,long,-17.96,-0.1812,40.0,"break of first-hour high 309.12, 2.0xATR trail",stop,1.52,2.258,1.14,1.33,0.818,1.992,0.0103,-0.04,0.252,0.959,15.17,Thu
squeeze_breakout,NVDA,2026-07-30,2026-07-30 15:10:00-04:00,194.4974,2026-07-30 15:55:00-04:00,195.0524,51,long,28.31,0.2854,45.0,squeeze breakout above upper band 194.15,eod,1.784,0.541,0.212,1.0,0.818,2.021,-0.011,0.143,0.226,0.52,15.17,Thu
vwap_pullback,PLTR,2026-07-30,2026-07-30 12:15:00-04:00,122.086,2026-07-30 15:55:00-04:00,122.1989,81,long,9.14,0.0924,220.0,bounce off session VWAP 121.56,eod,-1.666,0.898,0.425,0.63,0.394,3.482,-0.014,-0.309,0.571,0.534,12.25,Thu
orb,MSTR,2026-07-30,2026-07-30 10:00:00-04:00,97.0485,2026-07-30 15:55:00-04:00,97.5162,103,long,48.18,0.4819,355.0,break of opening range high 96.84,eod,1.977,1.979,1.379,0.74,0.344,8.198,0.342,-0.431,1.07,0.888,10.0,Thu
ema_crossover,AMD,2026-07-30,2026-07-30 15:10:00-04:00,489.8248,2026-07-30 15:55:00-04:00,485.9969,20,long,-76.56,-0.7815,45.0,EMA9/20 cross up above VWAP,signal,7.549,6.023,1.533,1.22,0.818,3.955,0.021,0.351,0.389,0.793,15.17,Thu
orb,AMD,2026-07-30,2026-07-30 09:50:00-04:00,476.7683,2026-07-30 15:55:00-04:00,485.3422,20,long,171.48,1.7983,365.0,break of opening range high 472.39,eod,7.549,3.197,2.08,0.68,0.247,4.548,1.0256,-0.469,1.69,0.872,9.83,Thu
ema_crossover,MSTR,2026-07-30,2026-07-30 15:15:00-04:00,97.3336,2026-07-30 15:55:00-04:00,97.5162,102,long,18.62,0.1876,40.0,EMA9/20 cross up above VWAP,eod,1.977,2.279,1.031,1.25,0.848,3.39,0.0134,-0.185,0.344,0.942,15.25,Thu
squeeze_breakout,TSLA,2026-07-30,2026-07-30 15:05:00-04:00,308.7343,2026-07-30 15:55:00-04:00,308.7356,32,long,0.04,0.0004,50.0,squeeze breakout above upper band 308.32,eod,1.52,1.931,0.837,1.07,0.778,2.004,0.0096,-0.033,0.251,0.885,15.08,Thu
orb,NVDA,2026-07-30,2026-07-30 09:55:00-04:00,194.247,2026-07-30 15:55:00-04:00,195.0524,51,long,41.08,0.4146,360.0,break of opening range high 193.50,eod,1.784,0.412,0.641,0.8,0.35,2.522,0.3369,0.201,0.818,0.668,9.92,Thu
ema_crossover,PLTR,2026-07-30,2026-07-30 15:15:00-04:00,122.4462,2026-07-30 15:55:00-04:00,122.1989,81,long,-20.03,-0.202,40.0,EMA9/20 cross up above VWAP,eod,-1.666,1.195,0.606,1.44,0.848,2.591,0.0075,-0.322,0.281,0.64,15.25,Thu
orb,TSLA,2026-07-30,2026-07-30 10:05:00-04:00,307.919,2026-07-30 15:55:00-04:00,308.7356,32,long,26.13,0.2652,350.0,break of opening range high 307.50,eod,1.52,1.662,0.831,0.68,0.233,2.977,0.114,0.003,0.876,0.895,10.08,Thu
ema_crossover,COIN,2026-07-30,2026-07-30 15:10:00-04:00,163.3616,2026-07-30 15:55:00-04:00,163.4782,61,long,7.11,0.0714,45.0,EMA9/20 cross up above VWAP,eod,0.693,1.354,0.919,1.15,0.818,3.699,0.0179,-0.119,0.348,0.741,15.17,Thu
ar_forecast,COIN,2026-07-31,2026-07-31 10:40:00-04:00,140.4302,2026-07-31 10:45:00-04:00,140.4797,71,long,3.52,0.0353,5.0,AR(12) forecasts +0.26% over 6 bars,signal,-6.395,-8.276,-2.698,0.37,-0.41,4.926,-0.3735,0.083,2.329,0.091,10.67,Fri
ar_forecast,TSLA,2026-07-31,2026-07-31 10:35:00-04:00,305.0725,2026-07-31 10:45:00-04:00,305.797,32,long,23.19,0.2375,10.0,AR(12) forecasts +0.28% over 6 bars,signal,0.23,-1.462,-0.807,0.37,-0.464,4.406,-0.1906,0.484,1.209,0.229,10.58,Fri
rsi2_reversion,TSLA,2026-07-31,2026-07-31 10:40:00-04:00,305.7987,2026-07-31 10:45:00-04:00,309.0111,32,short,-102.8,-1.0505,5.0,RSI(2)=97 rip below VWAP,stop,0.23,-1.228,-0.548,0.5,-0.41,4.278,-0.1567,0.494,1.152,0.283,10.67,Fri
ar_forecast,AMD,2026-07-31,2026-07-31 10:35:00-04:00,492.4461,2026-07-31 10:50:00-04:00,492.8435,20,long,7.95,0.0807,15.0,AR(12) forecasts +0.54% over 6 bars,signal,5.085,-3.494,-1.269,0.77,-0.464,6.634,-0.2507,0.448,1.451,0.285,10.58,Fri
ar_forecast,MSTR,2026-07-31,2026-07-31 10:35:00-04:00,90.3752,2026-07-31 11:05:00-04:00,91.3743,110,long,109.9,1.1055,30.0,AR(12) forecasts +0.22% over 6 bars,signal,-2.736,-4.764,-1.759,0.41,-0.464,5.654,-0.3898,0.357,1.288,0.2,10.58,Fri
ar_forecast,PLTR,2026-07-31,2026-07-31 10:35:00-04:00,120.2151,2026-07-31 11:05:00-04:00,120.6446,83,long,35.65,0.3573,30.0,AR(12) forecasts +0.30% over 6 bars,signal,0.065,-1.736,-1.275,0.56,-0.464,3.043,-0.2108,-0.076,1.136,0.12,10.58,Fri
ar_forecast,NVDA,2026-07-31,2026-07-31 10:35:00-04:00,197.2286,2026-07-31 11:05:00-04:00,197.6013,50,long,18.63,0.189,30.0,AR(12) forecasts +0.22% over 6 bars,signal,1.686,-0.611,-0.252,0.45,-0.464,3.073,-0.0745,0.445,0.889,0.443,10.58,Fri
rsi2_reversion,NVDA,2026-07-31,2026-07-31 10:40:00-04:00,197.5712,2026-07-31 11:05:00-04:00,197.799,50,short,-11.39,-0.1153,25.0,RSI(2)=97 rip below VWAP,signal,1.686,-0.438,-0.078,0.42,-0.41,2.978,-0.0523,0.455,0.853,0.51,10.67,Fri
rsi2_reversion,COIN,2026-07-31,2026-07-31 10:50:00-04:00,141.6491,2026-07-31 11:10:00-04:00,141.6058,70,short,3.04,0.0306,20.0,RSI(2)=96 rip below VWAP,signal,-6.395,-7.479,-1.713,0.5,-0.334,5.28,-0.2743,0.245,2.112,0.174,10.83,Fri
vwap_pullback,NVDA,2026-07-31,2026-07-31 10:50:00-04:00,198.7293,2026-07-31 11:10:00-04:00,197.0557,50,long,-83.68,-0.8422,20.0,bounce off session VWAP 197.75,stop,1.686,0.146,0.477,0.6,-0.334,2.967,-0.0142,0.382,0.799,0.735,10.83,Fri
ar_forecast,COIN,2026-07-31,2026-07-31 10:50:00-04:00,141.6491,2026-07-31 11:15:00-04:00,140.4102,70,short,86.73,0.8747,25.0,AR(12) forecasts -0.31% over 6 bars,signal,-6.395,-7.479,-1.713,0.5,-0.334,5.28,-0.2743,0.245,2.112,0.174,10.83,Fri
ar_forecast,AMD,2026-07-31,2026-07-31 10:55:00-04:00,491.3555,2026-07-31 11:15:00-04:00,491.684,20,long,6.57,0.0669,20.0,AR(12) forecasts +0.28% over 6 bars,signal,5.085,-3.708,-1.326,0.63,-0.293,6.079,-0.145,0.317,1.294,0.251,10.92,Fri
ar_forecast,TSLA,2026-07-31,2026-07-31 10:50:00-04:00,309.767,2026-07-31 11:20:00-04:00,307.6788,32,short,66.82,0.6741,30.0,AR(12) forecasts -0.26% over 6 bars,signal,0.23,0.054,0.696,1.59,-0.334,5.372,-0.0807,0.062,1.146,0.576,10.83,Fri
ar_forecast,PLTR,2026-07-31,2026-07-31 11:10:00-04:00,120.2451,2026-07-31 11:40:00-04:00,120.6147,83,long,30.67,0.3074,30.0,AR(12) forecasts +0.32% over 6 bars,signal,0.065,-1.712,-0.992,0.9,-0.34,2.784,-0.1194,-0.077,0.856,0.167,11.17,Fri
ar_forecast,NVDA,2026-07-31,2026-07-31 11:10:00-04:00,197.4063,2026-07-31 11:40:00-04:00,196.5932,50,short,40.65,0.4118,30.0,AR(12) forecasts -0.25% over 6 bars,signal,1.686,-0.521,-0.185,0.49,-0.34,2.665,-0.0031,0.387,0.709,0.478,11.17,Fri
rsi2_reversion,MSTR,2026-07-31,2026-07-31 11:40:00-04:00,91.2244,2026-07-31 11:50:00-04:00,91.1055,109,short,12.95,0.1303,10.0,RSI(2)=93 rip below VWAP,signal,-2.736,-3.869,-0.515,0.35,-0.384,4.711,-0.0883,0.344,0.88,0.345,11.67,Fri
rsi2_reversion,PLTR,2026-07-31,2026-07-31 11:45:00-04:00,121.0594,2026-07-31 12:15:00-04:00,122.3312,82,short,-104.28,-1.0505,30.0,RSI(2)=96 rip below VWAP,stop,0.065,-1.046,-0.158,0.42,-0.436,2.619,-0.0657,0.048,0.642,0.387,11.75,Fri
vwap_pullback,TSLA,2026-07-31,2026-07-31 11:25:00-04:00,306.2568,2026-07-31 12:20:00-04:00,308.7391,32,short,-79.43,-0.8105,55.0,rejection at session VWAP 307.66,stop,0.23,-1.08,-0.444,0.35,-0.588,4.655,-0.0162,-0.063,0.925,0.317,11.42,Fri
rsi2_reversion,COIN,2026-07-31,2026-07-31 12:05:00-04:00,142.7886,2026-07-31 12:30:00-04:00,144.2886,70,short,-105.0,-1.0505,25.0,RSI(2)=92 rip below VWAP,stop,-6.395,-6.735,-0.396,0.5,-0.22,4.867,-0.0723,0.178,1.17,0.252,12.08,Fri
rsi2_reversion,AMD,2026-07-31,2026-07-31 12:25:00-04:00,489.1253,2026-07-31 12:45:00-04:00,487.6837,20,short,28.83,0.2947,20.0,RSI(2)=92 rip below VWAP,signal,5.085,-4.145,-1.297,0.55,-0.035,4.715,-0.0592,0.292,0.808,0.182,12.42,Fri
ar_forecast,MSTR,2026-07-31,2026-07-31 12:15:00-04:00,92.3039,2026-07-31 12:45:00-04:00,92.024,108,long,-30.24,-0.3033,30.0,AR(12) forecasts +0.18% over 6 bars,signal,-2.736,-2.731,0.658,0.5,-0.185,4.492,-0.0228,0.323,0.746,0.53,12.25,Fri
vwap_pullback,NVDA,2026-07-31,2026-07-31 11:15:00-04:00,197.0514,2026-07-31 12:50:00-04:00,198.4666,50,short,-70.76,-0.7182,95.0,rejection at session VWAP 197.77,stop,1.686,-0.7,-0.355,0.56,-0.367,2.631,-0.0074,0.393,0.709,0.409,11.25,Fri
rsi2_reversion,MSTR,2026-07-31,2026-07-31 12:45:00-04:00,92.116,2026-07-31 12:55:00-04:00,92.4438,108,long,35.39,0.3558,10.0,RSI(2)=9 dip above VWAP,signal,-2.736,-2.929,0.416,0.43,-0.02,4.17,0.0063,0.321,0.626,0.498,12.75,Fri
rsi2_reversion,PLTR,2026-07-31,2026-07-31 12:55:00-04:00,122.2111,2026-07-31 13:10:00-04:00,122.2289,81,long,1.44,0.0145,15.0,RSI(2)=7 dip above VWAP,signal,0.065,-0.105,0.663,0.33,-0.008,2.409,0.0136,0.026,0.387,0.699,12.92,Fri
vwap_pullback,PLTR,2026-07-31,2026-07-31 10:10:00-04:00,121.2692,2026-07-31 13:20:00-04:00,122.8095,82,short,-126.31,-1.2702,190.0,rejection at session VWAP 122.38,stop,0.065,-0.874,-0.846,0.61,-0.833,3.077,-0.1919,-0.213,1.366,0.205,10.17,Fri
rsi2_reversion,AMD,2026-07-31,2026-07-31 13:25:00-04:00,490.8545,2026-07-31 13:40:00-04:00,490.7052,20,short,2.98,0.0304,15.0,RSI(2)=92 rip below VWAP,signal,5.085,-3.806,-0.802,0.35,0.216,4.215,-0.0321,0.272,0.561,0.235,13.42,Fri
rsi2_reversion,PLTR,2026-07-31,2026-07-31 14:10:00-04:00,122.2311,2026-07-31 14:25:00-04:00,122.2487,81,long,1.43,0.0144,15.0,RSI(2)=9 dip above VWAP,signal,0.065,-0.088,0.554,0.64,0.14,2.202,0.0226,-0.014,0.286,0.705,14.17,Fri
ema_crossover,PLTR,2026-07-31,2026-07-31 11:55:00-04:00,121.9309,2026-07-31 14:35:00-04:00,122.1589,82,long,18.69,0.187,160.0,EMA9/20 cross up above VWAP,signal,0.065,-0.334,0.548,0.53,-0.213,2.718,-0.0455,0.043,0.625,0.624,11.92,Fri
rsi2_reversion,TSLA,2026-07-31,2026-07-31 14:40:00-04:00,310.5041,2026-07-31 14:50:00-04:00,311.1543,32,long,20.81,0.2094,10.0,RSI(2)=6 dip above VWAP,signal,0.23,0.292,0.728,0.54,0.186,3.139,0.0292,-0.06,0.273,0.631,14.67,Fri
rsi2_reversion,NVDA,2026-07-31,2026-07-31 14:15:00-04:00,199.0095,2026-07-31 14:50:00-04:00,198.9505,50,long,-2.95,-0.0296,35.0,RSI(2)=9 dip above VWAP,signal,1.686,0.287,0.628,0.78,0.189,2.023,0.0202,0.323,0.277,0.79,14.25,Fri
rsi2_reversion,AMD,2026-07-31,2026-07-31 14:40:00-04:00,488.3007,2026-07-31 14:50:00-04:00,488.4641,20,short,-3.27,-0.0335,10.0,RSI(2)=91 rip below VWAP,signal,5.085,-4.306,-1.196,0.34,0.186,3.755,-0.0229,0.24,0.405,0.157,14.67,Fri
orb,MSTR,2026-07-31,2026-07-31 09:50:00-04:00,92.6236,2026-07-31 15:00:00-04:00,95.0975,107,short,-264.71,-2.671,310.0,break of opening range low 93.52,stop,-2.736,-2.395,-1.218,0.91,-0.36,5.852,-0.8138,0.1,1.568,0.326,9.83,Fri
gap_and_go,MSTR,2026-07-31,2026-07-31 10:10:00-04:00,89.8251,2026-07-31 15:00:00-04:00,95.0975,111,short,-585.24,-5.8697,290.0,"gap -2.7%, break of opening low 93.64",stop,-2.736,-5.344,-2.807,1.23,-0.833,5.339,-0.7282,-0.304,1.517,0.105,10.17,Fri
ema_crossover,NVDA,2026-07-31,2026-07-31 12:30:00-04:00,198.144,2026-07-31 15:10:00-04:00,198.2808,50,long,6.84,0.069,160.0,EMA9/20 cross up above VWAP,signal,1.686,-0.149,0.355,0.6,0.013,2.416,-0.0132,0.361,0.457,0.621,12.5,Fri
orb,NVDA,2026-07-31,2026-07-31 10:05:00-04:00,196.0869,2026-07-31 15:15:00-04:00,200.19,50,short,-205.16,-2.0925,310.0,break of opening range low 197.11,stop,1.686,-1.186,-1.056,0.57,-0.744,2.898,-0.2307,0.067,1.088,0.13,10.08,Fri
rsi2_reversion,NVDA,2026-07-31,2026-07-31 15:10:00-04:00,198.4792,2026-07-31 15:20:00-04:00,200.4197,50,long,97.03,0.9777,10.0,RSI(2)=7 dip above VWAP,signal,1.686,0.019,0.303,0.7,0.222,1.897,0.0183,0.305,0.23,0.687,15.17,Fri
ema_crossover,TSLA,2026-07-31,2026-07-31 12:15:00-04:00,308.184,2026-07-31 15:25:00-04:00,310.1049,32,long,61.47,0.6233,190.0,EMA9/20 cross up above VWAP,signal,0.23,-0.457,0.206,0.29,-0.185,4.089,0.0017,-0.06,0.602,0.459,12.25,Fri
high_break_trail,NVDA,2026-07-31,2026-07-31 15:20:00-04:00,200.6203,2026-07-31 15:30:00-04:00,199.9071,49,long,-34.95,-0.3555,10.0,"break of first-hour high 200.09, 2.0xATR trail",stop,1.686,1.098,1.283,2.3,0.378,2.106,0.0197,0.245,0.29,0.919,15.33,Fri
orb,PLTR,2026-07-31,2026-07-31 10:20:00-04:00,120.0599,2026-07-31 15:50:00-04:00,123.3817,83,short,-275.7,-2.7667,330.0,break of opening range low 120.88,stop,0.065,-1.863,-1.564,1.02,-0.694,3.005,-0.2478,-0.159,1.298,0.055,10.33,Fri
orb,TSLA,2026-07-31,2026-07-31 09:50:00-04:00,306.4567,2026-07-31 15:55:00-04:00,311.2756,32,short,-154.2,-1.5724,365.0,break of opening range low 308.50,eod,0.23,-1.015,-1.389,0.79,-0.36,4.913,-0.6865,-0.38,1.862,0.062,9.83,Fri
ema_crossover,PLTR,2026-07-31,2026-07-31 14:45:00-04:00,122.4962,2026-07-31 15:55:00-04:00,122.9985,81,long,40.68,0.41,70.0,EMA9/20 cross up above VWAP,eod,0.065,0.129,0.745,0.35,0.223,2.102,0.0207,-0.011,0.235,0.777,14.75,Fri
news_momentum,TSLA,2026-07-31,2026-07-31 10:50:00-04:00,310.077,2026-07-31 15:55:00-04:00,310.9644,32,long,28.4,0.2862,305.0,fresh headline <45m + breakout on volume,eod,0.23,0.154,0.797,1.59,-0.334,5.372,-0.0807,0.062,1.146,0.599,10.83,Fri
squeeze_breakout,MSTR,2026-07-31,2026-07-31 13:55:00-04:00,94.5273,2026-07-31 15:55:00-04:00,93.3233,105,long,-126.42,-1.2737,120.0,squeeze breakout above upper band 94.21,eod,-2.736,-0.388,2.728,0.94,0.102,4.232,0.0472,0.131,0.614,0.911,13.92,Fri
ema_crossover,MSTR,2026-07-31,2026-07-31 12:05:00-04:00,92.146,2026-07-31 15:55:00-04:00,93.3233,108,long,127.15,1.2776,230.0,EMA9/20 cross up above VWAP,eod,-2.736,-2.898,0.501,0.54,-0.22,4.638,-0.0392,0.322,0.791,0.503,12.08,Fri
orb,COIN,2026-07-31,2026-07-31 09:55:00-04:00,143.3333,2026-07-31 15:55:00-04:00,146.2931,69,short,-204.23,-2.065,360.0,break of opening range low 144.76,eod,-6.395,-6.379,-2.466,0.53,-0.368,6.068,-0.6616,-0.412,3.647,0.075,9.92,Fri
squeeze_breakout,TSLA,2026-07-31,2026-07-31 12:30:00-04:00,309.5276,2026-07-31 15:55:00-04:00,310.9644,32,long,45.98,0.4642,205.0,squeeze breakout above upper band 309.35,eod,0.23,-0.023,0.625,0.56,0.013,3.974,0.0097,-0.043,0.557,0.559,12.5,Fri
ema_crossover,AMD,2026-07-31,2026-07-31 14:00:00-04:00,489.0653,2026-07-31 15:55:00-04:00,476.3781,20,short,253.75,2.5942,115.0,EMA9/20 cross down below VWAP,eod,5.085,-4.157,-1.109,0.34,0.129,3.973,-0.0241,0.252,0.496,0.18,14.0,Fri
squeeze_breakout,PLTR,2026-07-31,2026-07-31 15:20:00-04:00,123.019,2026-07-31 15:55:00-04:00,122.9985,81,long,-1.66,-0.0167,35.0,squeeze breakout above upper band 122.82,eod,0.065,0.556,1.118,1.01,0.378,2.028,0.0209,-0.008,0.225,0.918,15.33,Fri
orb,AMD,2026-07-31,2026-07-31 09:50:00-04:00,494.9324,2026-07-31 15:55:00-04:00,476.3781,20,short,371.09,3.7489,365.0,break of opening range low 499.39,eod,5.085,-3.007,-2.213,0.58,-0.36,3.698,-1.0424,0.566,1.784,0.156,9.83,Fri
ema_crossover,NVDA,2026-07-31,2026-07-31 15:20:00-04:00,200.6203,2026-07-31 15:55:00-04:00,200.7096,49,long,4.38,0.0445,35.0,EMA9/20 cross up above VWAP,eod,1.686,1.098,1.283,2.3,0.378,2.106,0.0197,0.245,0.29,0.919,15.33,Fri
orb,NVDA,2026-08-03,2026-08-03 09:55:00-04:00,200.3252,2026-08-03 10:10:00-04:00,204.6932,49,long,214.03,2.1805,15.0,break of opening range high 199.83,target,-1.15,0.92,0.368,0.64,0.555,4.307,0.2566,0.405,0.731,0.525,9.92,Mon
ar_forecast,AMD,2026-08-03,2026-08-03 10:35:00-04:00,478.7705,2026-08-03 10:45:00-04:00,483.8,20,short,-100.59,-1.0505,10.0,AR(12) forecasts -0.16% over 6 bars,stop,-3.014,3.677,2.816,0.6,0.715,7.175,0.3424,-0.22,1.441,0.888,10.58,Mon
ar_forecast,PLTR,2026-08-03,2026-08-03 10:40:00-04:00,125.2626,2026-08-03 10:50:00-04:00,124.5627,79,long,-55.29,-0.5588,10.0,AR(12) forecasts +0.31% over 6 bars,signal,2.804,-0.986,-0.202,0.44,0.729,3.687,-0.0426,0.208,1.31,0.485,10.67,Mon
ar_forecast,TSLA,2026-08-03,2026-08-03 10:35:00-04:00,318.1309,2026-08-03 10:55:00-04:00,321.4728,31,short,-103.6,-1.0505,20.0,AR(12) forecasts -0.22% over 6 bars,stop,-0.035,2.29,0.482,0.48,0.715,3.504,0.0586,-0.235,0.804,0.861,10.58,Mon
ar_forecast,MSTR,2026-08-03,2026-08-03 10:35:00-04:00,95.2126,2026-08-03 11:00:00-04:00,95.5222,105,long,32.51,0.3252,25.0,AR(12) forecasts +0.24% over 6 bars,signal,-1.457,3.481,1.881,0.58,0.715,6.902,0.1997,-0.115,1.045,0.957,10.58,Mon
ar_forecast,COIN,2026-08-03,2026-08-03 10:35:00-04:00,147.5737,2026-08-03 11:00:00-04:00,149.8201,67,long,150.5,1.5222,25.0,AR(12) forecasts +0.62% over 6 bars,signal,-1.506,2.469,2.145,0.57,0.715,7.413,0.3449,-0.222,1.675,0.877,10.58,Mon
ar_forecast,COIN,2026-08-03,2026-08-03 11:05:00-04:00,148.9544,2026-08-03 11:05:00-04:00,147.3912,67,long,-104.74,-1.0495,0.0,AR(12) forecasts +0.26% over 6 bars,stop,-1.506,3.428,2.536,0.83,0.735,6.949,0.2703,-0.112,1.364,0.857,11.08,Mon
ar_forecast,NVDA,2026-08-03,2026-08-03 10:35:00-04:00,205.3773,2026-08-03 11:05:00-04:00,207.1835,48,short,-86.7,-0.8795,30.0,AR(12) forecasts -0.39% over 6 bars,signal,-1.15,3.465,1.647,0.7,0.715,3.133,0.3041,-0.174,0.668,0.891,10.58,Mon
ar_forecast,AMD,2026-08-03,2026-08-03 10:50:00-04:00,483.2882,2026-08-03 11:20:00-04:00,482.6912,20,short,11.94,0.1235,30.0,AR(12) forecasts -0.49% over 6 bars,signal,-3.014,4.655,3.402,0.66,0.731,6.873,0.3391,-0.261,1.319,0.905,10.83,Mon
ar_forecast,PLTR,2026-08-03,2026-08-03 10:55:00-04:00,125.1625,2026-08-03 11:25:00-04:00,125.3323,79,long,13.41,0.1356,30.0,AR(12) forecasts +0.16% over 6 bars,signal,2.804,-1.065,-0.248,0.51,0.791,3.696,-0.0391,0.107,1.161,0.455,10.92,Mon
ar_forecast,TSLA,2026-08-03,2026-08-03 11:00:00-04:00,322.0639,2026-08-03 11:30:00-04:00,323.3016,31,short,-38.37,-0.3843,30.0,AR(12) forecasts -0.27% over 6 bars,signal,-0.035,3.554,1.416,1.1,0.774,3.078,0.0897,-0.168,0.666,0.971,11.0,Mon
ar_forecast,MSTR,2026-08-03,2026-08-03 11:10:00-04:00,94.7874,2026-08-03 11:40:00-04:00,95.0425,105,long,26.78,0.2691,30.0,AR(12) forecasts +0.18% over 6 bars,signal,-1.457,3.019,0.996,0.59,0.749,5.857,0.1293,-0.051,0.835,0.79,11.17,Mon
ar_forecast,NVDA,2026-08-03,2026-08-03 11:10:00-04:00,206.3368,2026-08-03 11:40:00-04:00,206.6433,48,short,-14.71,-0.1485,30.0,AR(12) forecasts -0.19% over 6 bars,signal,-1.15,3.948,1.626,0.75,0.749,2.809,0.2096,-0.104,0.546,0.904,11.17,Mon
vwap_pullback,PLTR,2026-08-03,2026-08-03 10:50:00-04:00,124.5627,2026-08-03 12:30:00-04:00,125.9322,80,short,-109.56,-1.0994,100.0,rejection at session VWAP 125.49,stop,2.804,-1.539,-0.729,0.61,0.731,3.759,-0.0474,0.06,1.219,0.274,10.83,Mon
rsi2_reversion,NVDA,2026-08-03,2026-08-03 12:35:00-04:00,206.9734,2026-08-03 12:45:00-04:00,206.9965,48,long,1.11,0.0111,10.0,RSI(2)=9 dip above VWAP,signal,-1.15,4.269,1.441,0.53,0.914,2.318,0.094,-0.02,0.309,0.946,12.58,Mon
rsi2_reversion,MSTR,2026-08-03,2026-08-03 12:40:00-04:00,94.5978,2026-08-03 13:00:00-04:00,94.6926,105,long,9.96,0.1003,20.0,RSI(2)=10 dip above VWAP,signal,-1.457,2.812,0.536,1.36,0.938,4.595,0.0311,-0.044,0.551,0.752,12.67,Mon
rsi2_reversion,TSLA,2026-08-03,2026-08-03 12:25:00-04:00,322.256,2026-08-03 13:10:00-04:00,320.1299,31,long,-65.91,-0.6598,45.0,RSI(2)=7 dip above VWAP,signal,-0.035,3.616,0.89,0.68,0.951,2.513,0.0717,-0.059,0.383,0.859,12.42,Mon
vwap_pullback,PLTR,2026-08-03,2026-08-03 12:55:00-04:00,124.9475,2026-08-03 13:10:00-04:00,125.81,80,short,-69.0,-0.6903,15.0,rejection at session VWAP 125.37,stop,2.804,-1.235,-0.335,0.82,0.905,2.791,-0.0067,0.016,0.474,0.39,12.92,Mon
rsi2_reversion,PLTR,2026-08-03,2026-08-03 13:55:00-04:00,125.5933,2026-08-03 14:00:00-04:00,125.6371,79,long,3.47,0.0349,5.0,RSI(2)=8 dip above VWAP,signal,2.804,-0.725,0.159,0.5,1.095,2.517,0.0017,0.014,0.325,0.585,13.92,Mon
rsi2_reversion,MSTR,2026-08-03,2026-08-03 13:45:00-04:00,95.2626,2026-08-03 14:05:00-04:00,95.3023,104,long,4.13,0.0417,20.0,RSI(2)=9 dip above VWAP,signal,-1.457,3.535,1.064,0.39,1.067,4.12,0.0267,-0.046,0.428,0.845,13.75,Mon
rsi2_reversion,TSLA,2026-08-03,2026-08-03 14:30:00-04:00,321.5907,2026-08-03 14:40:00-04:00,322.1788,31,long,18.23,0.1829,10.0,RSI(2)=6 dip above VWAP,signal,-0.035,3.402,0.501,0.75,1.077,2.083,0.0235,0.029,0.232,0.811,14.5,Mon
rsi2_reversion,COIN,2026-08-03,2026-08-03 14:25:00-04:00,151.7358,2026-08-03 14:40:00-04:00,150.1434,65,long,-103.51,-1.0495,15.0,RSI(2)=6 dip above VWAP,stop,-1.506,5.359,3.02,0.8,1.085,4.618,0.0927,-0.112,0.476,0.939,14.42,Mon
rsi2_reversion,NVDA,2026-08-03,2026-08-03 14:30:00-04:00,207.8038,2026-08-03 14:45:00-04:00,207.896,48,long,4.42,0.0443,15.0,RSI(2)=5 dip above VWAP,signal,-1.15,4.687,1.41,0.48,1.077,1.967,0.053,0.057,0.223,0.912,14.5,Mon
rsi2_reversion,AMD,2026-08-03,2026-08-03 14:30:00-04:00,485.4126,2026-08-03 14:50:00-04:00,485.802,20,long,7.79,0.0802,20.0,RSI(2)=4 dip above VWAP,signal,-3.014,5.115,2.268,0.61,1.077,4.245,0.0681,-0.077,0.4,0.845,14.5,Mon
rsi2_reversion,COIN,2026-08-03,2026-08-03 14:45:00-04:00,150.4652,2026-08-03 14:50:00-04:00,150.7246,66,long,17.12,0.1724,5.0,RSI(2)=0 dip above VWAP,signal,-1.506,4.477,2.083,0.58,1.156,4.495,0.082,-0.1,0.437,0.828,14.75,Mon
ema_crossover,MSTR,2026-08-03,2026-08-03 13:10:00-04:00,94.7824,2026-08-03 15:20:00-04:00,94.8725,105,long,9.47,0.0951,130.0,EMA9/20 cross up above VWAP,signal,-1.457,3.013,0.678,0.36,0.943,4.406,0.0237,-0.063,0.507,0.789,13.17,Mon
rsi2_reversion,MSTR,2026-08-03,2026-08-03 15:00:00-04:00,95.2104,2026-08-03 15:25:00-04:00,95.3623,105,long,15.95,0.1596,25.0,RSI(2)=8 dip above VWAP,signal,-1.457,3.478,0.793,0.42,1.209,3.707,0.0235,-0.041,0.353,0.834,15.0,Mon
rsi2_reversion,COIN,2026-08-03,2026-08-03 15:15:00-04:00,150.17,2026-08-03 15:25:00-04:00,150.3148,66,long,9.55,0.0964,10.0,RSI(2)=9 dip above VWAP,signal,-1.506,4.272,1.775,0.67,1.188,4.361,0.0682,-0.081,0.419,0.802,15.25,Mon
squeeze_breakout,COIN,2026-08-03,2026-08-03 12:25:00-04:00,150.3251,2026-08-03 15:35:00-04:00,148.9294,66,long,-92.12,-0.9285,190.0,squeeze breakout above upper band 150.12,stop,-1.506,4.38,2.873,0.63,0.951,5.426,0.1319,-0.116,0.725,0.955,12.42,Mon
squeeze_breakout,TSLA,2026-08-03,2026-08-03 14:50:00-04:00,323.575,2026-08-03 15:45:00-04:00,322.0507,30,long,-45.73,-0.4711,55.0,squeeze breakout above upper band 323.27,stop,-0.035,4.04,1.086,0.69,1.153,2.045,0.0226,0.036,0.232,0.955,14.83,Mon
high_break_trail,NVDA,2026-08-03,2026-08-03 10:40:00-04:00,205.998,2026-08-03 15:50:00-04:00,205.8866,48,long,-5.34,-0.054,310.0,"break of first-hour high 205.72, 2.0xATR trail",stop,-1.15,3.777,1.869,0.76,0.729,3.04,0.2886,-0.165,0.65,0.955,10.67,Mon
squeeze_breakout,NVDA,2026-08-03,2026-08-03 13:15:00-04:00,207.6338,2026-08-03 15:50:00-04:00,206.8892,48,long,-35.74,-0.3586,155.0,squeeze breakout above upper band 207.40,stop,-1.15,4.601,1.636,0.78,0.978,2.126,0.0713,-0.002,0.255,0.975,13.25,Mon
orb,TSLA,2026-08-03,2026-08-03 10:00:00-04:00,318.9844,2026-08-03 15:55:00-04:00,321.9672,31,long,92.47,0.9351,355.0,break of opening range high 318.41,eod,-0.035,2.564,0.925,0.81,0.53,4.913,0.1701,-0.425,1.112,0.957,10.0,Mon
high_break_trail,TSLA,2026-08-03,2026-08-03 10:45:00-04:00,319.7296,2026-08-03 15:55:00-04:00,321.9672,31,long,69.37,0.6999,310.0,"break of first-hour high 319.37, 2.0xATR trail",eod,-0.035,2.804,0.889,0.87,0.725,3.271,0.0673,-0.192,0.746,0.912,10.75,Mon
high_break_trail,COIN,2026-08-03,2026-08-03 10:40:00-04:00,148.4342,2026-08-03 15:55:00-04:00,147.3817,67,long,-70.51,-0.709,315.0,"break of first-hour high 147.62, 2.0xATR trail",stop,-1.506,3.067,2.601,0.67,0.729,7.133,0.3416,-0.224,1.597,0.907,10.67,Mon
orb,COIN,2026-08-03,2026-08-03 09:55:00-04:00,145.3176,2026-08-03 15:55:00-04:00,146.3968,68,long,73.38,0.7426,360.0,break of opening range high 145.00,eod,-1.506,0.903,1.544,0.55,0.555,8.769,0.6862,-0.126,2.319,0.691,9.92,Mon
vwap_pullback,TSLA,2026-08-03,2026-08-03 13:15:00-04:00,321.4908,2026-08-03 15:55:00-04:00,321.9672,31,long,14.77,0.1482,160.0,bounce off session VWAP 319.62,eod,-0.035,3.37,0.576,0.65,0.978,2.332,0.035,0.025,0.316,0.803,13.25,Mon
orb,MSTR,2026-08-03,2026-08-03 09:55:00-04:00,94.5472,2026-08-03 15:55:00-04:00,94.7526,105,long,21.56,0.2172,360.0,break of opening range high 93.71,eod,-1.457,2.758,1.873,0.63,0.555,7.137,0.6291,-0.271,1.194,0.822,9.92,Mon
high_break_trail,AMD,2026-08-03,2026-08-03 10:35:00-04:00,479.2495,2026-08-03 15:55:00-04:00,484.4876,20,long,104.76,1.093,320.0,"break of first-hour high 477.11, 2.0xATR trail",eod,-3.014,3.781,2.919,0.6,0.715,7.175,0.3424,-0.22,1.441,0.906,10.58,Mon
orb,AMD,2026-08-03,2026-08-03 10:00:00-04:00,470.8753,2026-08-03 15:55:00-04:00,484.4876,21,long,285.86,2.8909,355.0,break of opening range high 468.25,eod,-3.014,1.967,1.932,0.6,0.53,10.866,0.2864,-0.215,1.853,0.962,10.0,Mon
ema_crossover,TSLA,2026-08-03,2026-08-03 13:35:00-04:00,322.2811,2026-08-03 15:55:00-04:00,321.1194,31,long,-36.01,-0.3605,140.0,EMA9/20 cross up above VWAP,signal,-0.035,3.624,0.795,0.42,1.037,2.237,0.031,0.022,0.275,0.861,13.58,Mon
squeeze_breakout,MSTR,2026-08-03,2026-08-03 13:15:00-04:00,95.5377,2026-08-03 15:55:00-04:00,94.7526,104,long,-81.65,-0.8218,160.0,squeeze breakout above upper band 95.34,eod,-1.457,3.834,1.458,1.04,0.978,4.356,0.0251,-0.055,0.491,0.944,13.25,Mon
high_break_trail,MSTR,2026-08-03,2026-08-03 10:45:00-04:00,95.4777,2026-08-03 15:55:00-04:00,94.7526,104,long,-75.41,-0.7595,310.0,"break of first-hour high 95.40, 2.0xATR trail",eod,-1.457,3.769,1.996,0.62,0.725,6.438,0.1898,-0.12,0.964,0.953,10.75,Mon
squeeze_breakout,AMD,2026-08-03,2026-08-03 13:35:00-04:00,484.9624,2026-08-03 15:55:00-04:00,484.4876,20,long,-9.49,-0.0979,140.0,squeeze breakout above upper band 483.63,eod,-3.014,5.018,2.599,0.64,1.037,4.541,0.0724,-0.097,0.439,0.94,13.58,Mon
vwap_pullback,MSTR,2026-08-04,2026-08-04 10:20:00-04:00,93.8531,2026-08-04 10:25:00-04:00,94.8508,106,short,-105.76,-1.0631,5.0,rejection at session VWAP 94.52,stop,-0.939,-0.061,-0.683,0.45,0.486,2.937,-0.1051,-0.706,1.408,0.197,10.33,Tue
rsi2_reversion,COIN,2026-08-04,2026-08-04 10:30:00-04:00,147.6162,2026-08-04 10:40:00-04:00,149.1669,67,short,-103.9,-1.0505,10.0,RSI(2)=90 rip below VWAP,stop,0.635,0.147,-0.232,0.55,0.566,5.038,-0.1455,0.372,1.704,0.324,10.5,Tue
ar_forecast,COIN,2026-08-04,2026-08-04 10:35:00-04:00,148.016,2026-08-04 10:40:00-04:00,149.5709,67,short,-104.18,-1.0505,5.0,AR(12) forecasts -0.53% over 6 bars,stop,0.635,0.418,0.027,0.85,0.596,4.97,-0.096,0.414,1.626,0.388,10.58,Tue
ar_forecast,PLTR,2026-08-04,2026-08-04 10:35:00-04:00,158.2038,2026-08-04 10:50:00-04:00,159.3053,63,long,69.4,0.6963,15.0,AR(12) forecasts +0.27% over 6 bars,signal,15.277,8.997,3.965,0.65,0.596,5.501,0.4498,-0.612,2.222,0.974,10.58,Tue
ar_forecast,COIN,2026-08-04,2026-08-04 10:45:00-04:00,149.1154,2026-08-04 10:55:00-04:00,149.2146,67,short,-6.64,-0.0665,10.0,AR(12) forecasts -0.35% over 6 bars,signal,0.635,1.164,0.714,0.71,0.695,4.688,-0.0275,0.426,1.464,0.565,10.75,Tue
ar_forecast,AMD,2026-08-04,2026-08-04 10:45:00-04:00,515.8919,2026-08-04 11:00:00-04:00,516.9283,19,short,-19.69,-0.2009,15.0,AR(12) forecasts -0.20% over 6 bars,signal,4.826,1.529,0.676,0.43,0.695,2.823,0.0894,-0.643,0.882,0.851,10.75,Tue
ar_forecast,NVDA,2026-08-04,2026-08-04 10:35:00-04:00,210.2801,2026-08-04 11:05:00-04:00,209.795,47,long,-22.8,-0.2307,30.0,AR(12) forecasts +0.17% over 6 bars,signal,1.93,-0.19,-0.189,0.51,0.596,1.688,-0.04,-0.192,0.538,0.381,10.58,Tue
ar_forecast,PLTR,2026-08-04,2026-08-04 11:05:00-04:00,157.6162,2026-08-04 11:10:00-04:00,159.2719,63,short,-104.31,-1.0505,5.0,AR(12) forecasts -0.62% over 6 bars,stop,15.277,8.592,2.679,0.51,0.818,5.603,0.3296,-0.275,1.703,0.837,11.08,Tue
ar_forecast,MSTR,2026-08-04,2026-08-04 11:25:00-04:00,95.7679,2026-08-04 11:45:00-04:00,95.912,104,long,14.99,0.1505,20.0,AR(12) forecasts +0.16% over 6 bars,signal,-0.939,1.978,0.906,0.36,0.883,2.909,0.0702,-0.189,0.81,0.924,11.42,Tue
vwap_pullback,COIN,2026-08-04,2026-08-04 10:40:00-04:00,148.8944,2026-08-04 11:55:00-04:00,151.5437,67,long,177.5,1.7793,75.0,bounce off session VWAP 147.98,target,0.635,1.014,0.584,0.47,0.678,4.864,-0.0543,0.439,1.543,0.529,10.67,Tue
orb,COIN,2026-08-04,2026-08-04 09:55:00-04:00,146.5967,2026-08-04 12:00:00-04:00,151.9009,68,short,-360.69,-3.6183,125.0,break of opening range low 146.72,stop,0.635,-0.545,-1.352,0.8,0.363,4.057,-0.6927,-0.183,2.383,0.16,9.92,Tue
rsi2_reversion,PLTR,2026-08-04,2026-08-04 12:00:00-04:00,158.154,2026-08-04 12:05:00-04:00,158.8505,63,long,43.88,0.4404,5.0,RSI(2)=10 dip above VWAP,signal,15.277,8.963,2.448,0.51,1.064,5.07,0.1854,-0.159,1.093,0.869,12.0,Tue
ar_forecast,TSLA,2026-08-04,2026-08-04 11:45:00-04:00,324.162,2026-08-04 12:15:00-04:00,324.4077,30,long,7.37,0.0758,30.0,AR(12) forecasts +0.15% over 6 bars,signal,0.999,-0.364,0.17,0.47,1.054,1.958,0.0157,0.021,0.444,0.552,11.75,Tue
ema_crossover,NVDA,2026-08-04,2026-08-04 11:50:00-04:00,210.7353,2026-08-04 12:40:00-04:00,210.0949,47,long,-30.1,-0.3039,50.0,EMA9/20 cross up above VWAP,signal,1.93,0.026,0.117,0.51,1.004,1.807,-0.0083,-0.263,0.336,0.54,11.83,Tue
rsi2_reversion,MSTR,2026-08-04,2026-08-04 12:35:00-04:00,95.953,2026-08-04 13:00:00-04:00,95.9195,104,long,-3.48,-0.0348,25.0,RSI(2)=8 dip above VWAP,signal,-0.939,2.175,0.823,0.35,1.164,2.567,0.0569,-0.089,0.533,0.76,12.58,Tue
rsi2_reversion,COIN,2026-08-04,2026-08-04 12:35:00-04:00,150.6553,2026-08-04 13:00:00-04:00,150.3548,66,long,-19.83,-0.1995,25.0,RSI(2)=7 dip above VWAP,signal,0.635,2.208,1.124,0.67,1.164,3.672,0.073,0.396,0.699,0.797,12.58,Tue
vwap_pullback,NVDA,2026-08-04,2026-08-04 11:30:00-04:00,209.795,2026-08-04 13:05:00-04:00,211.2415,47,short,-67.98,-0.6895,95.0,rejection at session VWAP 210.50,stop,1.93,-0.42,-0.33,0.41,0.872,1.871,-0.0192,-0.327,0.386,0.239,11.5,Tue
high_break_trail,TSLA,2026-08-04,2026-08-04 13:25:00-04:00,327.4436,2026-08-04 13:50:00-04:00,325.3961,30,long,-61.42,-0.6253,25.0,"break of first-hour high 326.90, 2.0xATR trail",stop,0.999,0.645,1.033,1.49,1.4,1.825,0.0209,-0.145,0.274,0.999,13.42,Tue
rsi2_reversion,COIN,2026-08-04,2026-08-04 13:55:00-04:00,150.7253,2026-08-04 14:05:00-04:00,151.1094,66,long,25.35,0.2548,10.0,RSI(2)=7 dip above VWAP,signal,0.635,2.256,1.004,0.65,1.438,3.267,0.0496,0.339,0.465,0.808,13.92,Tue
rsi2_reversion,MSTR,2026-08-04,2026-08-04 13:55:00-04:00,96.3281,2026-08-04 14:05:00-04:00,96.5517,103,long,23.03,0.2321,10.0,RSI(2)=4 dip above VWAP,signal,-0.939,2.575,1.008,0.62,1.438,2.492,0.0445,-0.022,0.426,0.821,13.92,Tue
rsi2_reversion,NVDA,2026-08-04,2026-08-04 14:05:00-04:00,211.2256,2026-08-04 14:10:00-04:00,211.3793,47,long,7.22,0.0728,5.0,RSI(2)=6 dip above VWAP,signal,1.93,0.259,0.266,0.68,1.475,1.457,0.0111,-0.21,0.206,0.697,14.08,Tue
vwap_pullback,MSTR,2026-08-04,2026-08-04 10:35:00-04:00,95.1642,2026-08-04 14:15:00-04:00,96.9393,105,long,186.39,1.8653,220.0,bounce off session VWAP 94.54,target,-0.939,1.335,0.617,0.79,0.596,3.242,0.0002,-0.017,1.251,0.767,10.58,Tue
rsi2_reversion,TSLA,2026-08-04,2026-08-04 13:55:00-04:00,325.9329,2026-08-04 14:15:00-04:00,326.1968,30,long,7.92,0.081,20.0,RSI(2)=4 dip above VWAP,signal,0.999,0.181,0.522,0.82,1.438,1.748,0.0215,-0.108,0.245,0.772,13.92,Tue
orb,NVDA,2026-08-04,2026-08-04 10:00:00-04:00,209.895,2026-08-04 14:20:00-04:00,212.277,47,short,-111.95,-1.1348,260.0,break of opening range low 210.48,stop,1.93,-0.373,-0.5,0.69,0.426,1.8,-0.0823,-0.463,0.692,0.237,10.0,Tue
ar_forecast,MSTR,2026-08-04,2026-08-04 13:55:00-04:00,96.3281,2026-08-04 14:25:00-04:00,96.7316,103,long,41.56,0.4188,30.0,AR(12) forecasts +0.20% over 6 bars,signal,-0.939,2.575,1.008,0.62,1.438,2.492,0.0445,-0.022,0.426,0.821,13.92,Tue
rsi2_reversion,PLTR,2026-08-04,2026-08-04 14:15:00-04:00,163.1015,2026-08-04 14:30:00-04:00,163.0185,61,long,-5.07,-0.0509,15.0,RSI(2)=10 dip above VWAP,signal,15.277,12.371,4.188,0.51,1.509,4.108,0.1247,-0.101,0.534,0.934,14.25,Tue
ar_forecast,TSLA,2026-08-04,2026-08-04 14:10:00-04:00,325.8619,2026-08-04 14:40:00-04:00,326.8265,30,long,28.94,0.296,30.0,AR(12) forecasts +0.21% over 6 bars,signal,0.999,0.159,0.485,0.51,1.518,1.726,0.0202,-0.095,0.236,0.762,14.17,Tue
rsi2_reversion,AMD,2026-08-04,2026-08-04 14:40:00-04:00,526.4432,2026-08-04 14:50:00-04:00,527.701,18,long,22.64,0.2389,10.0,RSI(2)=6 dip above VWAP,signal,4.826,3.606,1.561,0.59,1.458,1.959,0.0531,-0.413,0.312,0.854,14.67,Tue
rsi2_reversion,MSTR,2026-08-04,2026-08-04 14:40:00-04:00,96.5783,2026-08-04 14:50:00-04:00,97.2414,103,long,68.3,0.6866,10.0,RSI(2)=9 dip above VWAP,signal,-0.939,2.841,1.168,0.53,1.458,2.362,0.041,-0.018,0.36,0.885,14.67,Tue
squeeze_breakout,COIN,2026-08-04,2026-08-04 15:05:00-04:00,152.2461,2026-08-04 15:25:00-04:00,151.2536,65,long,-64.51,-0.6519,20.0,squeeze breakout above upper band 151.98,stop,0.635,3.288,1.847,1.34,1.629,2.988,0.0419,0.328,0.351,0.993,15.08,Tue
high_break_trail,COIN,2026-08-04,2026-08-04 15:05:00-04:00,152.2461,2026-08-04 15:25:00-04:00,151.0544,65,long,-77.46,-0.7828,20.0,"break of first-hour high 151.82, 2.0xATR trail",stop,0.635,3.288,1.847,1.34,1.629,2.988,0.0419,0.328,0.351,0.993,15.08,Tue
high_break_trail,NVDA,2026-08-04,2026-08-04 14:30:00-04:00,212.6763,2026-08-04 15:50:00-04:00,212.1199,47,long,-26.15,-0.2616,80.0,"break of first-hour high 212.17, 2.0xATR trail",stop,1.93,0.948,0.9,1.63,1.517,1.426,0.0143,-0.154,0.191,0.964,14.5,Tue
squeeze_breakout,AMD,2026-08-04,2026-08-04 13:45:00-04:00,528.164,2026-08-04 15:50:00-04:00,524.6116,18,long,-63.94,-0.6726,125.0,squeeze breakout above upper band 527.51,stop,4.826,3.944,2.09,0.81,1.591,2.025,0.063,-0.514,0.344,0.922,13.75,Tue
news_momentum,TSLA,2026-08-04,2026-08-04 14:50:00-04:00,328.3041,2026-08-04 15:50:00-04:00,326.6266,30,long,-50.32,-0.511,60.0,fresh headline <45m + breakout on volume,stop,0.999,0.91,1.136,1.65,1.493,1.644,0.0214,-0.072,0.231,0.938,14.83,Tue
rsi2_reversion,TSLA,2026-08-04,2026-08-04 15:30:00-04:00,327.9139,2026-08-04 15:50:00-04:00,328.0459,30,long,3.96,0.0403,20.0,RSI(2)=8 dip above VWAP,signal,0.999,0.79,0.884,1.16,1.572,1.644,0.0243,-0.082,0.241,0.811,15.5,Tue
vwap_pullback,NVDA,2026-08-04,2026-08-04 13:10:00-04:00,211.3856,2026-08-04 15:55:00-04:00,211.7341,47,long,16.38,0.1648,165.0,bounce off session VWAP 210.51,eod,1.93,0.335,0.41,0.79,1.392,1.556,0.0041,-0.211,0.215,0.748,13.17,Tue
high_break_trail,PLTR,2026-08-04,2026-08-04 10:35:00-04:00,158.2038,2026-08-04 15:55:00-04:00,162.5487,63,long,273.73,2.7464,320.0,"break of first-hour high 158.11, 2.0xATR trail",eod,15.277,8.997,3.965,0.65,0.596,5.501,0.4498,-0.612,2.222,0.974,10.58,Tue
squeeze_breakout,MSTR,2026-08-04,2026-08-04 14:50:00-04:00,97.3386,2026-08-04 15:55:00-04:00,97.5832,102,long,24.94,0.2512,65.0,squeeze breakout above upper band 97.24,eod,-0.939,3.651,1.863,2.57,1.493,2.515,0.0422,0.04,0.397,0.912,14.83,Tue
ema_crossover,NVDA,2026-08-04,2026-08-04 12:45:00-04:00,210.5953,2026-08-04 15:55:00-04:00,211.7341,47,long,53.52,0.5408,190.0,EMA9/20 cross up above VWAP,eod,1.93,-0.04,0.05,0.46,1.258,1.608,-0.0004,-0.224,0.245,0.495,12.75,Tue
high_break_trail,AMD,2026-08-04,2026-08-04 11:05:00-04:00,518.279,2026-08-04 15:55:00-04:00,521.4371,19,long,60.0,0.6093,290.0,"break of first-hour high 517.82, 2.0xATR trail",stop,4.826,1.999,1.002,0.91,0.818,2.748,0.0806,-0.694,0.78,0.905,11.08,Tue
orb,AMD,2026-08-04,2026-08-04 10:30:00-04:00,517.6787,2026-08-04 15:55:00-04:00,525.737,19,long,153.11,1.5566,325.0,break of opening range high 516.69,eod,4.826,1.881,1.093,0.5,0.566,3.078,0.1137,-0.759,1.008,0.989,10.5,Tue
orb,PLTR,2026-08-04,2026-08-04 09:55:00-04:00,152.4212,2026-08-04 15:55:00-04:00,162.5487,65,long,658.29,6.6444,360.0,break of opening range high 152.28,eod,15.277,5.013,1.799,0.5,0.363,4.635,0.488,0.136,3.31,0.841,9.92,Tue
orb,MSTR,2026-08-04,2026-08-04 10:45:00-04:00,95.7779,2026-08-04 15:55:00-04:00,97.5832,104,long,187.75,1.8849,310.0,break of opening range high 95.70,eod,-0.939,1.989,1.178,0.67,0.695,3.335,0.0442,-0.115,1.158,0.951,10.75,Tue
squeeze_breakout,PLTR,2026-08-04,2026-08-04 13:50:00-04:00,164.062,2026-08-04 15:55:00-04:00,162.5487,60,long,-90.8,-0.9224,125.0,squeeze breakout above upper band 163.86,eod,15.277,13.033,5.069,0.86,1.478,4.223,0.1342,-0.14,0.585,0.986,13.83,Tue
squeeze_breakout,NVDA,2026-08-04,2026-08-04 14:30:00-04:00,212.6763,2026-08-04 15:55:00-04:00,211.7341,47,long,-44.28,-0.443,85.0,squeeze breakout above upper band 212.39,eod,1.93,0.948,0.9,1.63,1.517,1.426,0.0143,-0.154,0.191,0.964,14.5,Tue
high_break_trail,MSTR,2026-08-04,2026-08-04 10:45:00-04:00,95.7779,2026-08-04 15:55:00-04:00,97.5832,104,long,187.75,1.8849,310.0,"break of first-hour high 95.70, 2.0xATR trail",eod,-0.939,1.989,1.178,0.67,0.695,3.335,0.0442,-0.115,1.158,0.951,10.75,Tue
orb,AMD,2026-08-05,2026-08-05 09:50:00-04:00,501.0404,2026-08-05 10:45:00-04:00,480.1998,19,long,-395.97,-4.1595,55.0,break of opening range high 498.39,stop,-7.891,3.415,1.828,0.48,0.005,10.864,0.0981,-0.885,2.658,0.955,9.83,Wed
ar_forecast,COIN,2026-08-05,2026-08-05 10:35:00-04:00,151.2206,2026-08-05 10:50:00-04:00,149.6335,66,long,-104.75,-1.0495,15.0,AR(12) forecasts +0.54% over 6 bars,stop,0.007,0.325,0.225,0.37,-0.249,5.099,0.0335,0.287,1.27,0.566,10.58,Wed
ar_forecast,MSTR,2026-08-05,2026-08-05 10:35:00-04:00,97.5037,2026-08-05 10:50:00-04:00,96.4804,102,long,-104.38,-1.0495,15.0,AR(12) forecasts +0.43% over 6 bars,stop,0.254,-0.384,-0.155,0.71,-0.249,4.387,0.0179,0.039,1.164,0.471,10.58,Wed
ar_forecast,AMD,2026-08-05,2026-08-05 10:35:00-04:00,484.0219,2026-08-05 10:50:00-04:00,478.9421,20,long,-101.6,-1.0495,15.0,AR(12) forecasts +0.28% over 6 bars,stop,-7.891,-0.098,-1.425,0.44,-0.249,6.201,-0.2069,-0.588,1.84,0.166,10.58,Wed
ar_forecast,PLTR,2026-08-05,2026-08-05 10:45:00-04:00,160.9904,2026-08-05 11:05:00-04:00,159.3008,62,long,-104.75,-1.0495,20.0,AR(12) forecasts +0.16% over 6 bars,stop,-0.357,-0.654,-1.151,0.34,-0.164,5.821,-0.1764,-0.009,1.63,0.148,10.75,Wed
rsi2_reversion,NVDA,2026-08-05,2026-08-05 10:35:00-04:00,220.4902,2026-08-05 11:10:00-04:00,219.2003,45,long,-58.04,-0.585,35.0,RSI(2)=9 dip above VWAP,signal,2.37,1.674,0.222,0.54,-0.249,4.225,0.0384,-0.577,0.923,0.703,10.58,Wed
ar_forecast,TSLA,2026-08-05,2026-08-05 10:45:00-04:00,324.6022,2026-08-05 11:15:00-04:00,322.2638,30,long,-70.15,-0.7204,30.0,AR(12) forecasts +0.29% over 6 bars,signal,-1.151,0.294,0.082,0.41,-0.164,1.916,-0.0073,-0.38,0.648,0.622,10.75,Wed
ar_forecast,MSTR,2026-08-05,2026-08-05 10:55:00-04:00,96.9084,2026-08-05 11:15:00-04:00,97.1514,103,long,25.03,0.2507,20.0,AR(12) forecasts +0.48% over 6 bars,signal,0.254,-0.993,-0.634,0.8,-0.307,4.164,-0.0247,-0.091,1.039,0.253,10.92,Wed
ar_forecast,AMD,2026-08-05,2026-08-05 10:55:00-04:00,480.35,2026-08-05 11:25:00-04:00,481.6191,20,long,25.38,0.2642,30.0,AR(12) forecasts +0.50% over 6 bars,signal,-7.891,-0.856,-1.98,0.46,-0.307,5.594,-0.2112,-0.601,1.564,0.09,10.92,Wed
ar_forecast,NVDA,2026-08-05,2026-08-05 11:00:00-04:00,218.9194,2026-08-05 11:30:00-04:00,218.9894,45,long,3.15,0.032,30.0,AR(12) forecasts +0.19% over 6 bars,signal,2.37,0.95,-0.458,0.49,-0.286,3.728,-0.0239,-0.515,0.78,0.433,11.0,Wed
ar_forecast,PLTR,2026-08-05,2026-08-05 11:10:00-04:00,159.78,2026-08-05 11:35:00-04:00,159.6201,62,long,-9.91,-0.1,25.0,AR(12) forecasts +0.19% over 6 bars,signal,-0.357,-1.401,-1.666,0.53,-0.36,5.119,-0.1492,-0.025,1.317,0.107,11.17,Wed
rsi2_reversion,PLTR,2026-08-05,2026-08-05 11:40:00-04:00,160.2998,2026-08-05 11:50:00-04:00,159.7298,62,short,35.34,0.3556,10.0,RSI(2)=95 rip below VWAP,signal,-0.357,-1.08,-1.138,0.59,-0.495,4.616,-0.117,0.022,1.009,0.235,11.67,Wed
vwap_pullback,NVDA,2026-08-05,2026-08-05 11:40:00-04:00,220.3151,2026-08-05 11:50:00-04:00,219.0955,45,long,-54.88,-0.5536,10.0,bounce off session VWAP 219.86,stop,2.37,1.593,0.204,0.38,-0.495,3.147,-0.0243,-0.449,0.581,0.673,11.67,Wed
rsi2_reversion,NVDA,2026-08-05,2026-08-05 11:35:00-04:00,219.5667,2026-08-05 11:50:00-04:00,219.7398,45,short,-7.79,-0.0789,15.0,RSI(2)=92 rip below VWAP,signal,2.37,1.248,-0.136,0.48,-0.478,3.2,-0.0267,-0.443,0.606,0.544,11.58,Wed
ar_forecast,TSLA,2026-08-05,2026-08-05 11:20:00-04:00,323.1215,2026-08-05 11:50:00-04:00,322.6136,30,long,-15.24,-0.1572,30.0,AR(12) forecasts +0.19% over 6 bars,signal,-1.151,-0.163,-0.28,1.11,-0.462,1.897,-0.0337,-0.299,0.539,0.401,11.33,Wed
ar_forecast,NVDA,2026-08-05,2026-08-05 11:35:00-04:00,219.7863,2026-08-05 11:55:00-04:00,219.1604,45,long,-28.17,-0.2848,20.0,AR(12) forecasts +0.17% over 6 bars,signal,2.37,1.349,-0.036,0.48,-0.478,3.2,-0.0267,-0.443,0.606,0.582,11.58,Wed
orb,MSTR,2026-08-05,2026-08-05 09:55:00-04:00,98.039,2026-08-05 11:55:00-04:00,96.1719,102,long,-190.44,-1.9044,120.0,break of opening range high 97.90,stop,0.254,0.162,0.733,0.71,0.11,1.982,0.3227,0.038,1.449,0.719,9.92,Wed
ema_crossover,COIN,2026-08-05,2026-08-05 11:20:00-04:00,150.1299,2026-08-05 12:10:00-04:00,151.2056,66,short,-70.99,-0.7165,50.0,EMA9/20 cross down below VWAP,stop,0.007,-0.398,-0.446,0.57,-0.462,4.126,-0.0408,0.207,0.908,0.395,11.33,Wed
high_break_trail,MSTR,2026-08-05,2026-08-05 12:00:00-04:00,96.1119,2026-08-05 12:15:00-04:00,97.5668,104,short,-151.31,-1.5137,15.0,"break of first-hour low 96.22, 2.0xATR trail",stop,0.254,-1.806,-1.341,0.69,-0.646,3.446,-0.0423,0.031,0.688,-0.003,12.0,Wed
vwap_pullback,COIN,2026-08-05,2026-08-05 11:15:00-04:00,150.2698,2026-08-05 12:15:00-04:00,151.3657,66,short,-72.33,-0.7293,60.0,rejection at session VWAP 150.84,stop,0.007,-0.305,-0.361,0.63,-0.442,4.228,-0.0382,0.215,0.948,0.417,11.25,Wed
vwap_pullback,MSTR,2026-08-05,2026-08-05 11:20:00-04:00,97.0413,2026-08-05 12:20:00-04:00,97.8514,103,short,-83.44,-0.8348,60.0,rejection at session VWAP 97.51,stop,0.254,-0.857,-0.474,0.49,-0.462,3.749,-0.029,-0.03,0.901,0.301,11.33,Wed
ema_crossover,MSTR,2026-08-05,2026-08-05 11:15:00-04:00,97.1514,2026-08-05 12:20:00-04:00,97.9189,102,short,-78.29,-0.79,65.0,EMA9/20 cross down below VWAP,stop,0.254,-0.744,-0.367,0.59,-0.442,3.839,-0.0262,-0.032,0.949,0.342,11.25,Wed
vwap_pullback,AMD,2026-08-05,2026-08-05 12:30:00-04:00,491.4906,2026-08-05 12:35:00-04:00,487.2302,20,long,-85.21,-0.8668,5.0,bounce off session VWAP 488.94,stop,-7.891,1.444,0.521,0.55,-0.536,4.663,-0.0415,-0.443,0.788,0.558,12.5,Wed
rsi2_reversion,PLTR,2026-08-05,2026-08-05 12:30:00-04:00,160.8595,2026-08-05 12:40:00-04:00,160.8804,62,short,-1.29,-0.013,10.0,RSI(2)=93 rip below VWAP,signal,-0.357,-0.735,-0.66,0.37,-0.536,4.037,-0.0626,0.042,0.666,0.309,12.5,Wed
rsi2_reversion,TSLA,2026-08-05,2026-08-05 12:30:00-04:00,323.4582,2026-08-05 13:00:00-04:00,323.8368,30,short,-11.36,-0.1171,30.0,RSI(2)=95 rip below VWAP,signal,-1.151,-0.059,-0.091,0.49,-0.536,1.693,-0.0255,-0.287,0.368,0.451,12.5,Wed
vwap_pullback,COIN,2026-08-05,2026-08-05 12:20:00-04:00,151.2156,2026-08-05 13:10:00-04:00,150.1634,66,long,-69.44,-0.6958,50.0,bounce off session VWAP 150.69,stop,0.007,0.322,0.336,0.51,-0.615,3.587,-0.0342,0.198,0.632,0.565,12.33,Wed
ar_forecast,COIN,2026-08-05,2026-08-05 12:45:00-04:00,151.1355,2026-08-05 13:15:00-04:00,150.2948,66,long,-55.49,-0.5563,30.0,AR(12) forecasts +0.23% over 6 bars,signal,0.007,0.269,0.256,0.36,-0.57,3.408,-0.017,0.209,0.544,0.553,12.75,Wed
squeeze_breakout,TSLA,2026-08-05,2026-08-05 12:50:00-04:00,323.9969,2026-08-05 13:30:00-04:00,322.6674,30,long,-39.88,-0.4103,40.0,squeeze breakout above upper band 323.80,stop,-1.151,0.107,0.076,0.47,-0.495,1.628,-0.0186,-0.263,0.325,0.532,12.83,Wed
vwap_pullback,MSTR,2026-08-05,2026-08-05 13:10:00-04:00,97.2014,2026-08-05 13:35:00-04:00,97.7746,102,short,-58.47,-0.5897,25.0,rejection at session VWAP 97.43,stop,0.254,-0.693,-0.234,0.32,-0.561,3.114,-0.01,0.081,0.48,0.383,13.17,Wed
ema_crossover,TSLA,2026-08-05,2026-08-05 12:50:00-04:00,323.9969,2026-08-05 13:45:00-04:00,322.5187,30,long,-44.35,-0.4563,55.0,EMA9/20 cross up above VWAP,stop,-1.151,0.107,0.076,0.47,-0.495,1.628,-0.0186,-0.263,0.325,0.532,12.83,Wed
ema_crossover,AMD,2026-08-05,2026-08-05 13:30:00-04:00,485.8769,2026-08-05 13:55:00-04:00,487.9739,20,short,-41.94,-0.4316,25.0,EMA9/20 cross down below VWAP,stop,-7.891,0.285,-0.605,0.26,-0.549,4.094,-0.017,-0.405,0.507,0.323,13.5,Wed
rsi2_reversion,MSTR,2026-08-05,2026-08-05 14:10:00-04:00,97.5537,2026-08-05 14:15:00-04:00,98.3959,102,long,85.9,0.8632,5.0,RSI(2)=5 dip above VWAP,signal,0.254,-0.333,0.083,0.38,-0.523,3.055,0.0023,0.007,0.435,0.508,14.17,Wed
rsi2_reversion,AMD,2026-08-05,2026-08-05 14:00:00-04:00,487.1563,2026-08-05 14:15:00-04:00,486.338,20,short,16.36,0.168,15.0,RSI(2)=93 rip below VWAP,signal,-7.891,0.549,-0.329,0.3,-0.481,3.871,-0.0124,-0.402,0.427,0.376,14.0,Wed
rsi2_reversion,COIN,2026-08-05,2026-08-05 14:05:00-04:00,152.1761,2026-08-05 14:15:00-04:00,152.1739,65,long,-0.14,-0.0014,10.0,RSI(2)=10 dip above VWAP,signal,0.007,0.959,0.828,0.83,-0.508,3.063,0.0052,0.219,0.434,0.716,14.08,Wed
ema_crossover,AMD,2026-08-05,2026-08-05 14:15:00-04:00,485.852,2026-08-05 14:25:00-04:00,487.6967,20,short,-36.9,-0.3797,10.0,EMA9/20 cross down below VWAP,signal,-7.891,0.28,-0.59,0.27,-0.491,3.781,-0.0109,-0.404,0.399,0.322,14.25,Wed
rsi2_reversion,PLTR,2026-08-05,2026-08-05 14:15:00-04:00,160.5097,2026-08-05 14:25:00-04:00,159.8249,62,short,42.46,0.4267,10.0,RSI(2)=96 rip below VWAP,signal,-0.357,-0.951,-0.648,0.94,-0.491,3.47,-0.0368,0.002,0.431,0.263,14.25,Wed
squeeze_breakout,MSTR,2026-08-05,2026-08-05 14:15:00-04:00,98.4943,2026-08-05 14:30:00-04:00,97.6033,101,long,-89.99,-0.9046,15.0,squeeze breakout above upper band 98.21,stop,0.254,0.628,1.033,1.69,-0.491,3.029,0.0038,-0.001,0.436,0.84,14.25,Wed
rsi2_reversion,AMD,2026-08-05,2026-08-05 14:30:00-04:00,488.0558,2026-08-05 14:35:00-04:00,487.3636,20,short,13.85,0.1418,5.0,RSI(2)=91 rip below VWAP,signal,-7.891,0.735,-0.135,0.3,-0.579,3.703,-0.0087,-0.398,0.379,0.414,14.5,Wed
squeeze_breakout,COIN,2026-08-05,2026-08-05 13:40:00-04:00,152.5963,2026-08-05 14:45:00-04:00,151.0698,65,long,-99.22,-1.0003,65.0,squeeze breakout above upper band 152.32,stop,0.007,1.238,1.166,1.27,-0.535,3.145,-0.0018,0.2,0.449,0.782,13.67,Wed
orb,TSLA,2026-08-05,2026-08-05 10:10:00-04:00,326.5432,2026-08-05 14:50:00-04:00,320.2698,30,long,-188.2,-1.9212,280.0,break of opening range high 325.75,stop,-1.151,0.894,0.692,0.66,0.04,2.375,0.0726,-0.672,0.838,0.911,10.17,Wed
ema_crossover,COIN,2026-08-05,2026-08-05 12:20:00-04:00,151.2156,2026-08-05 14:50:00-04:00,150.8445,66,long,-24.49,-0.2454,150.0,EMA9/20 cross up above VWAP,signal,0.007,0.322,0.336,0.51,-0.615,3.587,-0.0342,0.198,0.632,0.565,12.33,Wed
news_momentum,MSTR,2026-08-05,2026-08-05 14:15:00-04:00,98.4943,2026-08-05 14:55:00-04:00,97.2613,101,long,-124.53,-1.2518,40.0,fresh headline <45m + breakout on volume,stop,0.254,0.628,1.033,1.69,-0.491,3.029,0.0038,-0.001,0.436,0.84,14.25,Wed
ema_crossover,MSTR,2026-08-05,2026-08-05 12:30:00-04:00,97.949,2026-08-05 14:55:00-04:00,97.3213,102,long,-64.02,-0.6408,145.0,EMA9/20 cross up above VWAP,signal,0.254,0.07,0.543,0.54,-0.536,3.378,-0.0231,0.079,0.605,0.647,12.5,Wed
squeeze_breakout,COIN,2026-08-05,2026-08-05 14:55:00-04:00,150.015,2026-08-05 15:25:00-04:00,151.78,66,short,-116.49,-1.1766,30.0,squeeze breakdown below lower band 150.43,stop,0.007,-0.474,-0.618,0.73,-0.575,3.051,0.0041,0.142,0.411,0.377,14.92,Wed
ema_crossover,TSLA,2026-08-05,2026-08-05 13:50:00-04:00,321.934,2026-08-05 15:35:00-04:00,322.6012,31,short,-20.69,-0.2073,105.0,EMA9/20 cross down below VWAP,signal,-1.151,-0.53,-0.537,0.77,-0.543,1.532,-0.0119,-0.259,0.267,0.224,13.83,Wed
ema_crossover,NVDA,2026-08-05,2026-08-05 12:25:00-04:00,220.8234,2026-08-05 15:40:00-04:00,220.5397,45,long,-12.77,-0.1285,195.0,EMA9/20 cross up above VWAP,signal,2.37,1.828,0.437,0.52,-0.483,2.879,-0.0129,-0.353,0.472,0.76,12.42,Wed
rsi2_reversion,TSLA,2026-08-05,2026-08-05 15:10:00-04:00,321.3292,2026-08-05 15:45:00-04:00,322.271,31,short,-29.2,-0.2931,35.0,RSI(2)=95 rip below VWAP,signal,-1.151,-0.717,-0.603,0.77,-0.531,1.431,-0.0154,-0.18,0.204,0.153,15.17,Wed
orb,PLTR,2026-08-05,2026-08-05 10:20:00-04:00,160.2498,2026-08-05 15:55:00-04:00,158.5042,62,short,108.23,1.0893,335.0,break of opening range low 160.70,eod,-0.357,-1.111,-1.767,0.49,-0.012,6.817,-0.2697,0.045,2.108,0.024,10.33,Wed
orb,COIN,2026-08-05,2026-08-05 09:50:00-04:00,152.2261,2026-08-05 15:55:00-04:00,149.825,65,long,-156.07,-1.5773,365.0,break of opening range high 151.70,eod,0.007,0.993,1.445,0.43,0.005,5.653,0.6408,0.779,1.793,0.902,9.83,Wed
high_break_trail,AMD,2026-08-05,2026-08-05 10:55:00-04:00,479.8699,2026-08-05 15:55:00-04:00,481.8808,20,short,-40.22,-0.4191,300.0,"break of first-hour low 480.44, 2.0xATR trail",eod,-7.891,-0.955,-2.078,0.46,-0.307,5.594,-0.2112,-0.601,1.564,0.07,10.92,Wed
high_break_trail,PLTR,2026-08-05,2026-08-05 11:05:00-04:00,159.7001,2026-08-05 15:55:00-04:00,158.5042,62,short,74.15,0.7488,290.0,"break of first-hour low 160.11, 2.0xATR trail",eod,-0.357,-1.45,-1.761,0.8,-0.286,5.259,-0.1509,-0.026,1.383,0.076,11.08,Wed
squeeze_breakout,TSLA,2026-08-05,2026-08-05 13:50:00-04:00,321.934,2026-08-05 15:55:00-04:00,321.6207,31,short,9.71,0.0973,125.0,squeeze breakdown below lower band 322.28,eod,-1.151,-0.53,-0.537,0.77,-0.543,1.532,-0.0119,-0.259,0.267,0.224,13.83,Wed
squeeze_breakout,NVDA,2026-08-05,2026-08-05 12:25:00-04:00,220.8234,2026-08-05 15:55:00-04:00,219.3737,45,long,-65.23,-0.6565,210.0,squeeze breakout above upper band 220.42,stop,2.37,1.828,0.437,0.52,-0.483,2.879,-0.0129,-0.353,0.472,0.76,12.42,Wed
vwap_pullback,TSLA,2026-08-05,2026-08-05 10:55:00-04:00,322.7785,2026-08-05 15:55:00-04:00,321.6207,30,short,34.73,0.3587,300.0,rejection at session VWAP 324.28,eod,-1.151,-0.269,-0.446,0.89,-0.307,1.931,-0.0231,-0.269,0.615,0.35,10.92,Wed
orb,NVDA,2026-08-05,2026-08-05 10:15:00-04:00,222.041,2026-08-05 15:55:00-04:00,219.0904,45,long,-132.78,-1.3288,340.0,break of opening range high 221.77,eod,2.37,2.389,0.982,0.64,-0.023,4.701,0.127,-0.836,1.067,0.969,10.25,Wed
vwap_pullback,NVDA,2026-08-05,2026-08-05 12:25:00-04:00,220.8234,2026-08-05 15:55:00-04:00,219.0678,45,long,-79.0,-0.795,210.0,bounce off session VWAP 219.84,stop,2.37,1.828,0.437,0.52,-0.483,2.879,-0.0129,-0.353,0.472,0.76,12.42,Wed
ema_crossover,PLTR,2026-08-05,2026-08-05 12:50:00-04:00,159.92,2026-08-05 15:55:00-04:00,158.5042,62,short,87.78,0.8853,185.0,EMA9/20 cross down below VWAP,eod,-0.357,-1.314,-1.208,0.4,-0.495,3.858,-0.0516,0.04,0.597,0.185,12.83,Wed
squeeze_breakout,AMD,2026-08-05,2026-08-05 15:30:00-04:00,485.1673,2026-08-05 15:55:00-04:00,481.2272,20,short,78.8,0.8121,25.0,squeeze breakdown below lower band 485.68,target,-7.891,0.139,-0.699,0.49,-0.556,3.428,-0.005,-0.379,0.34,0.293,15.5,Wed
ar_forecast,COIN,2026-08-06,2026-08-06 10:50:00-04:00,148.5542,2026-08-06 11:00:00-04:00,149.4253,67,long,58.36,0.5863,10.0,AR(12) forecasts +0.24% over 6 bars,signal,-2.098,1.226,0.247,0.45,0.031,4.185,0.0284,-0.48,1.043,0.65,10.83,Thu
ar_forecast,MSTR,2026-08-06,2026-08-06 10:35:00-04:00,97.7288,2026-08-06 11:00:00-04:00,97.941,102,long,21.64,0.2171,25.0,AR(12) forecasts +0.15% over 6 bars,signal,-2.229,1.727,0.797,0.63,-0.058,3.145,0.0308,0.011,0.966,0.8,10.58,Thu
vwap_pullback,NVDA,2026-08-06,2026-08-06 10:15:00-04:00,221.2176,2026-08-06 11:00:00-04:00,218.0405,45,short,142.97,1.4362,45.0,rejection at session VWAP 222.19,target,1.063,-0.141,-0.409,0.48,0.194,2.712,-0.0732,-0.375,0.744,0.332,10.25,Thu
ar_forecast,AMD,2026-08-06,2026-08-06 10:35:00-04:00,489.8349,2026-08-06 11:05:00-04:00,490.8385,20,short,-20.07,-0.2049,30.0,AR(12) forecasts -0.41% over 6 bars,signal,-2.179,3.967,1.506,0.58,-0.058,5.886,0.1825,-0.631,1.464,0.876,10.58,Thu
ar_forecast,NVDA,2026-08-06,2026-08-06 10:35:00-04:00,219.8399,2026-08-06 11:05:00-04:00,217.7161,45,long,-95.57,-0.9661,30.0,AR(12) forecasts +0.17% over 6 bars,signal,1.063,-0.763,-0.796,0.77,-0.058,2.384,-0.1269,-0.312,0.677,0.195,10.58,Thu
ar_forecast,PLTR,2026-08-06,2026-08-06 10:40:00-04:00,156.9584,2026-08-06 11:10:00-04:00,157.2713,63,long,19.71,0.1993,30.0,AR(12) forecasts +0.19% over 6 bars,signal,-1.651,0.737,1.364,0.31,-0.008,3.426,0.235,-0.08,1.477,0.803,10.67,Thu
ar_forecast,TSLA,2026-08-06,2026-08-06 11:00:00-04:00,322.181,2026-08-06 11:25:00-04:00,321.0194,31,long,-36.01,-0.3605,25.0,AR(12) forecasts +0.20% over 6 bars,signal,-1.372,1.618,0.79,0.87,0.01,2.305,0.0447,-0.121,0.597,0.92,11.0,Thu
ar_forecast,AMD,2026-08-06,2026-08-06 11:10:00-04:00,493.4558,2026-08-06 11:25:00-04:00,491.5056,20,short,39.0,0.3952,15.0,AR(12) forecasts -0.22% over 6 bars,signal,-2.179,4.735,1.908,0.63,-0.032,4.974,0.1458,-0.55,1.137,0.926,11.17,Thu
ar_forecast,COIN,2026-08-06,2026-08-06 11:05:00-04:00,149.5547,2026-08-06 11:30:00-04:00,147.9852,66,long,-103.59,-1.0495,25.0,AR(12) forecasts +0.18% over 6 bars,stop,-2.098,1.908,0.832,0.46,0.047,3.977,0.0485,-0.422,0.952,0.775,11.08,Thu
rsi2_reversion,PLTR,2026-08-06,2026-08-06 11:25:00-04:00,155.5777,2026-08-06 11:30:00-04:00,156.8415,64,long,80.88,0.8123,5.0,RSI(2)=7 dip above VWAP,signal,-1.651,-0.149,0.274,0.45,-0.126,3.677,0.1051,-0.03,1.053,0.543,11.42,Thu
ar_forecast,PLTR,2026-08-06,2026-08-06 11:15:00-04:00,156.6908,2026-08-06 11:30:00-04:00,156.8415,63,long,9.5,0.0962,15.0,AR(12) forecasts +0.23% over 6 bars,signal,-1.651,0.565,1.02,0.35,-0.162,3.433,0.1289,-0.003,1.114,0.753,11.25,Thu
ar_forecast,NVDA,2026-08-06,2026-08-06 11:10:00-04:00,218.2591,2026-08-06 11:40:00-04:00,217.5812,45,long,-30.51,-0.3106,30.0,AR(12) forecasts +0.20% over 6 bars,signal,1.063,-1.477,-1.254,0.63,-0.032,2.31,-0.1182,-0.255,0.567,0.093,11.17,Thu
ar_forecast,MSTR,2026-08-06,2026-08-06 11:15:00-04:00,97.6188,2026-08-06 11:45:00-04:00,97.1714,102,long,-45.63,-0.4583,30.0,AR(12) forecasts +0.22% over 6 bars,signal,-2.229,1.612,0.484,0.78,-0.162,3.397,0.0397,0.068,0.814,0.744,11.25,Thu
vwap_pullback,TSLA,2026-08-06,2026-08-06 11:00:00-04:00,322.181,2026-08-06 12:00:00-04:00,318.448,31,long,-115.72,-1.1587,60.0,bounce off session VWAP 319.57,stop,-1.372,1.618,0.79,0.87,0.01,2.305,0.0447,-0.121,0.597,0.92,11.0,Thu
high_break_trail,TSLA,2026-08-06,2026-08-06 11:00:00-04:00,322.181,2026-08-06 12:00:00-04:00,319.0081,31,long,-98.36,-0.9848,60.0,"break of first-hour high 321.94, 2.0xATR trail",stop,-1.372,1.618,0.79,0.87,0.01,2.305,0.0447,-0.121,0.597,0.92,11.0,Thu
vwap_pullback,COIN,2026-08-06,2026-08-06 10:20:00-04:00,148.8843,2026-08-06 12:00:00-04:00,147.455,67,long,-95.77,-0.96,100.0,bounce off session VWAP 147.97,stop,-2.098,1.451,0.573,0.65,0.132,3.44,-0.0054,-0.19,1.221,0.796,10.33,Thu
vwap_pullback,MSTR,2026-08-06,2026-08-06 10:35:00-04:00,97.7288,2026-08-06 12:00:00-04:00,96.5879,102,long,-116.37,-1.1674,85.0,bounce off session VWAP 96.93,stop,-2.229,1.727,0.797,0.63,-0.058,3.145,0.0308,0.011,0.966,0.8,10.58,Thu
high_break_trail,COIN,2026-08-06,2026-08-06 11:10:00-04:00,150.035,2026-08-06 12:10:00-04:00,147.4125,66,long,-173.09,-1.7479,60.0,"break of first-hour high 149.64, 2.0xATR trail",stop,-2.098,2.235,1.137,0.92,-0.032,4.051,0.0466,-0.442,0.952,0.878,11.17,Thu
ar_forecast,TSLA,2026-08-06,2026-08-06 11:55:00-04:00,319.9049,2026-08-06 12:25:00-04:00,318.5856,31,long,-40.9,-0.4124,30.0,AR(12) forecasts +0.26% over 6 bars,signal,-1.372,0.9,-0.039,0.67,-0.271,2.225,0.0197,-0.165,0.487,0.586,11.92,Thu
rsi2_reversion,PLTR,2026-08-06,2026-08-06 12:05:00-04:00,156.4682,2026-08-06 12:30:00-04:00,154.8261,63,long,-103.45,-1.0495,25.0,RSI(2)=9 dip above VWAP,stop,-1.651,0.422,0.687,0.39,-0.243,3.289,0.0653,-0.052,0.745,0.711,12.08,Thu
rsi2_reversion,NVDA,2026-08-06,2026-08-06 12:20:00-04:00,218.5007,2026-08-06 12:30:00-04:00,218.6493,45,short,-6.69,-0.068,10.0,RSI(2)=92 rip below VWAP,signal,1.063,-1.367,-0.845,0.54,-0.252,2.069,-0.0716,-0.223,0.395,0.194,12.33,Thu
rsi2_reversion,AMD,2026-08-06,2026-08-06 12:30:00-04:00,487.1635,2026-08-06 12:35:00-04:00,487.9659,20,long,16.05,0.1647,5.0,RSI(2)=8 dip above VWAP,signal,-2.179,3.4,0.353,0.35,-0.247,4.2,0.0512,-0.465,0.724,0.68,12.5,Thu
vwap_pullback,COIN,2026-08-06,2026-08-06 13:05:00-04:00,148.5742,2026-08-06 13:10:00-04:00,147.8046,67,long,-51.57,-0.518,5.0,bounce off session VWAP 148.32,stop,-2.098,1.24,0.168,0.73,-0.243,3.459,-0.0094,-0.453,0.511,0.565,13.08,Thu
rsi2_reversion,COIN,2026-08-06,2026-08-06 13:00:00-04:00,148.1609,2026-08-06 13:15:00-04:00,147.7839,67,short,25.26,0.2545,15.0,RSI(2)=95 rip below VWAP,signal,-2.098,0.958,-0.11,0.71,-0.187,3.491,-0.0097,-0.451,0.516,0.477,13.0,Thu
ema_crossover,MSTR,2026-08-06,2026-08-06 12:00:00-04:00,97.0115,2026-08-06 13:15:00-04:00,97.1686,103,short,-16.18,-0.1619,75.0,EMA9/20 cross down below VWAP,signal,-2.229,0.98,-0.161,0.31,-0.28,3.376,0.0082,-0.136,0.661,0.536,12.0,Thu
ema_crossover,PLTR,2026-08-06,2026-08-06 13:35:00-04:00,156.113,2026-08-06 13:45:00-04:00,155.4922,64,long,-39.73,-0.3977,10.0,EMA9/20 cross up above VWAP,stop,-1.651,0.194,0.443,0.33,-0.284,2.925,0.0094,-0.086,0.428,0.644,13.58,Thu
vwap_pullback,MSTR,2026-08-06,2026-08-06 13:05:00-04:00,97.3587,2026-08-06 13:45:00-04:00,96.7666,102,long,-60.39,-0.6081,40.0,bounce off session VWAP 97.11,stop,-2.229,1.341,0.256,0.69,-0.243,3.003,-0.0122,-0.188,0.471,0.655,13.08,Thu
squeeze_breakout,TSLA,2026-08-06,2026-08-06 13:45:00-04:00,317.2613,2026-08-06 13:55:00-04:00,318.6499,31,short,-43.04,-0.4377,10.0,squeeze breakdown below lower band 317.51,stop,-1.372,0.067,-0.743,0.64,-0.289,1.756,-0.0159,-0.178,0.25,0.233,13.75,Thu
squeeze_breakout,AMD,2026-08-06,2026-08-06 13:00:00-04:00,496.0779,2026-08-06 14:00:00-04:00,489.9875,20,long,-121.81,-1.2277,60.0,squeeze breakout above upper band 494.11,stop,-2.179,5.292,2.057,0.96,-0.187,4.115,0.0487,-0.45,0.637,0.987,13.0,Thu
squeeze_breakout,COIN,2026-08-06,2026-08-06 13:45:00-04:00,146.8815,2026-08-06 14:15:00-04:00,147.7761,68,short,-60.83,-0.609,30.0,squeeze breakdown below lower band 146.94,stop,-2.098,0.086,-0.884,1.44,-0.289,3.233,-0.0169,-0.43,0.416,0.203,13.75,Thu
rsi2_reversion,AMD,2026-08-06,2026-08-06 13:40:00-04:00,493.4416,2026-08-06 14:15:00-04:00,488.2629,20,long,-103.57,-1.0495,35.0,RSI(2)=7 dip above VWAP,stop,-2.179,4.732,1.372,0.29,-0.269,3.835,0.0473,-0.429,0.511,0.878,13.67,Thu
ema_crossover,AMD,2026-08-06,2026-08-06 12:45:00-04:00,489.9956,2026-08-06 14:15:00-04:00,490.8545,20,long,17.18,0.1753,90.0,EMA9/20 cross up above VWAP,signal,-2.179,4.001,0.906,0.46,-0.233,4.106,0.0462,-0.459,0.669,0.791,12.75,Thu
high_break_trail,NVDA,2026-08-06,2026-08-06 10:40:00-04:00,218.8705,2026-08-06 14:15:00-04:00,220.3434,45,short,-66.28,-0.673,215.0,"break of first-hour low 219.33, 2.0xATR trail",stop,1.063,-1.201,-1.195,0.87,-0.008,2.347,-0.1284,-0.358,0.657,-0.011,10.67,Thu
ema_crossover,COIN,2026-08-06,2026-08-06 12:05:00-04:00,147.926,2026-08-06 14:25:00-04:00,148.4042,67,short,-32.04,-0.3232,140.0,EMA9/20 cross down below VWAP,signal,-2.098,0.798,-0.322,0.61,-0.243,3.898,0.0094,-0.461,0.732,0.427,12.08,Thu
rsi2_reversion,TSLA,2026-08-06,2026-08-06 14:00:00-04:00,318.1508,2026-08-06 14:30:00-04:00,318.7143,31,short,-17.47,-0.1771,30.0,RSI(2)=93 rip below VWAP,signal,-1.372,0.347,-0.451,0.56,-0.171,1.723,-0.0159,-0.165,0.238,0.352,14.0,Thu
rsi2_reversion,COIN,2026-08-06,2026-08-06 14:15:00-04:00,147.4183,2026-08-06 14:30:00-04:00,147.7689,67,short,-23.49,-0.2378,15.0,RSI(2)=94 rip below VWAP,signal,-2.098,0.452,-0.472,0.52,-0.114,3.106,-0.0173,-0.413,0.38,0.318,14.25,Thu
rsi2_reversion,NVDA,2026-08-06,2026-08-06 14:00:00-04:00,219.5002,2026-08-06 14:35:00-04:00,219.9299,45,short,-19.34,-0.1958,35.0,RSI(2)=94 rip below VWAP,signal,1.063,-0.916,-0.295,0.44,-0.171,1.794,-0.0223,-0.197,0.248,0.351,14.0,Thu
ema_crossover,PLTR,2026-08-06,2026-08-06 14:05:00-04:00,155.9679,2026-08-06 14:40:00-04:00,155.3723,64,long,-38.12,-0.3819,35.0,EMA9/20 cross up above VWAP,stop,-1.651,0.101,0.339,0.43,-0.175,2.781,0.0063,-0.086,0.375,0.617,14.08,Thu
ema_crossover,TSLA,2026-08-06,2026-08-06 12:00:00-04:00,319.5901,2026-08-06 14:55:00-04:00,318.8493,31,short,22.96,0.2318,175.0,EMA9/20 cross down below VWAP,signal,-1.372,0.801,-0.13,0.6,-0.28,2.209,0.0152,-0.158,0.48,0.544,12.0,Thu
rsi2_reversion,TSLA,2026-08-06,2026-08-06 15:00:00-04:00,318.5606,2026-08-06 15:15:00-04:00,319.1995,31,short,-19.81,-0.2006,15.0,RSI(2)=90 rip below VWAP,signal,-1.372,0.476,-0.288,0.44,-0.082,1.578,-0.0125,-0.158,0.187,0.406,15.0,Thu
squeeze_breakout,AMD,2026-08-06,2026-08-06 15:05:00-04:00,496.0079,2026-08-06 15:20:00-04:00,492.4268,20,long,-71.62,-0.722,15.0,squeeze breakout above upper band 494.83,stop,-2.179,5.277,1.701,0.79,-0.066,3.411,0.0318,-0.394,0.43,0.974,15.08,Thu
squeeze_breakout,PLTR,2026-08-06,2026-08-06 14:45:00-04:00,155.1924,2026-08-06 15:30:00-04:00,155.9492,64,short,-48.44,-0.4877,45.0,squeeze breakdown below lower band 155.33,stop,-1.651,-0.396,-0.176,0.58,-0.173,2.656,0.0042,-0.078,0.338,0.47,14.75,Thu
rsi2_reversion,AMD,2026-08-06,2026-08-06 15:25:00-04:00,492.1801,2026-08-06 15:35:00-04:00,492.7535,20,long,11.47,0.1165,10.0,RSI(2)=8 dip above VWAP,signal,-2.179,4.465,0.883,0.51,-0.201,3.373,0.0292,-0.37,0.419,0.832,15.42,Thu
rsi2_reversion,COIN,2026-08-06,2026-08-06 15:10:00-04:00,146.9165,2026-08-06 15:35:00-04:00,146.8234,68,short,6.33,0.0634,25.0,RSI(2)=94 rip below VWAP,signal,-2.098,0.11,-0.677,1.13,-0.114,3.004,-0.0207,-0.323,0.366,0.211,15.17,Thu
vwap_pullback,TSLA,2026-08-06,2026-08-06 15:10:00-04:00,319.863,2026-08-06 15:40:00-04:00,318.3652,31,long,-46.43,-0.4683,30.0,bounce off session VWAP 319.48,stop,-1.372,0.887,0.119,0.73,-0.114,1.575,-0.0115,-0.154,0.193,0.581,15.17,Thu
orb,COIN,2026-08-06,2026-08-06 10:45:00-04:00,149.5747,2026-08-06 15:40:00-04:00,145.8589,66,long,-245.24,-2.4843,295.0,break of opening range high 149.37,stop,-2.098,1.921,0.942,0.53,-0.07,4.305,0.0292,-0.474,1.091,0.903,10.75,Thu
ema_crossover,AMD,2026-08-06,2026-08-06 14:25:00-04:00,493.5466,2026-08-06 15:45:00-04:00,491.794,20,long,-35.05,-0.3551,80.0,EMA9/20 cross up above VWAP,signal,-2.179,4.755,1.266,0.42,-0.101,3.568,0.0362,-0.411,0.492,0.882,14.42,Thu
high_break_trail,AMD,2026-08-06,2026-08-06 11:10:00-04:00,493.9495,2026-08-06 15:55:00-04:00,489.4252,20,long,-90.49,-0.916,285.0,"break of first-hour high 492.67, 2.0xATR trail",eod,-2.179,4.84,2.01,0.63,-0.032,4.974,0.1458,-0.55,1.137,0.945,11.17,Thu
vwap_pullback,NVDA,2026-08-06,2026-08-06 14:40:00-04:00,219.6801,2026-08-06 15:55:00-04:00,219.0995,45,short,26.13,0.2643,75.0,rejection at session VWAP 220.13,eod,1.063,-0.835,-0.204,0.43,-0.186,1.727,-0.0117,-0.165,0.294,0.379,14.67,Thu
orb,PLTR,2026-08-06,2026-08-06 10:35:00-04:00,157.6088,2026-08-06 15:55:00-04:00,155.902,63,long,-107.53,-1.0829,320.0,break of opening range high 157.36,eod,-1.651,1.154,1.827,0.37,-0.058,3.562,0.2469,-0.068,1.548,0.926,10.58,Thu
orb,NVDA,2026-08-06,2026-08-06 10:30:00-04:00,219.7119,2026-08-06 15:55:00-04:00,219.0995,45,short,27.56,0.2787,325.0,break of opening range low 220.02,eod,1.063,-0.821,-0.922,0.8,0.076,2.404,-0.1158,-0.304,0.69,0.122,10.5,Thu
orb,MSTR,2026-08-06,2026-08-06 09:50:00-04:00,97.6688,2026-08-06 15:55:00-04:00,96.8216,102,long,-86.42,-0.8675,365.0,break of opening range high 97.56,eod,-2.229,1.664,1.017,0.41,0.092,3.057,0.3473,-0.773,1.272,0.929,9.83,Thu
ema_crossover,COIN,2026-08-06,2026-08-06 14:35:00-04:00,146.6966,2026-08-06 15:55:00-04:00,145.4227,68,short,86.63,0.8684,80.0,EMA9/20 cross down below VWAP,eod,-2.098,-0.04,-0.929,1.32,-0.179,3.138,-0.0173,-0.337,0.424,0.164,14.58,Thu
orb,TSLA,2026-08-06,2026-08-06 10:00:00-04:00,320.3901,2026-08-06 15:55:00-04:00,319.4602,31,long,-28.83,-0.2903,355.0,break of opening range high 319.44,eod,-1.372,1.054,0.616,0.62,0.119,1.746,0.1044,-0.278,0.786,0.909,10.0,Thu
ema_crossover,MSTR,2026-08-06,2026-08-06 13:50:00-04:00,96.7116,2026-08-06 15:55:00-04:00,96.9184,103,short,-21.3,-0.2138,125.0,EMA9/20 cross down below VWAP,eod,-2.229,0.668,-0.409,0.58,-0.231,2.795,-0.0092,-0.178,0.395,0.434,13.83,Thu
vwap_pullback,PLTR,2026-08-06,2026-08-06 10:15:00-04:00,156.5732,2026-08-06 15:55:00-04:00,155.902,63,long,-42.29,-0.4287,340.0,bounce off session VWAP 154.27,eod,-1.651,0.49,1.412,0.62,0.194,3.969,0.2442,-0.095,1.867,0.832,10.25,Thu
orb,AMD,2026-08-06,2026-08-06 10:10:00-04:00,486.5532,2026-08-06 15:55:00-04:00,489.4252,20,long,57.44,0.5903,345.0,break of opening range high 483.75,eod,-2.179,3.27,1.326,0.74,0.174,6.392,0.1902,-0.583,1.72,0.852,10.17,Thu
orb,MSTR,2026-08-07,2026-08-07 09:50:00-04:00,104.112,2026-08-07 10:00:00-04:00,100.5197,96,long,-344.86,-3.4504,10.0,break of opening range high 104.09,stop,4.263,3.081,1.386,0.74,0.125,6.128,0.4216,0.485,1.644,0.913,9.83,Fri
vwap_pullback,NVDA,2026-08-07,2026-08-07 10:15:00-04:00,221.2993,2026-08-07 10:25:00-04:00,222.9734,45,short,-75.34,-0.7565,10.0,rejection at session VWAP 222.19,stop,1.374,-0.316,-0.396,0.67,0.104,2.843,-0.0265,-0.619,0.788,0.255,10.25,Fri
ar_forecast,TSLA,2026-08-07,2026-08-07 10:35:00-04:00,327.8789,2026-08-07 10:45:00-04:00,328.6556,30,long,23.3,0.2369,10.0,AR(12) forecasts +0.31% over 6 bars,signal,0.823,1.747,0.696,0.88,0.114,4.106,0.0646,0.33,0.742,0.864,10.58,Fri
vwap_pullback,MSTR,2026-08-07,2026-08-07 10:30:00-04:00,103.8269,2026-08-07 10:50:00-04:00,101.9284,96,long,-182.25,-1.8285,20.0,bounce off session VWAP 102.29,stop,4.263,2.799,1.324,0.6,0.206,9.163,-0.003,0.521,1.485,0.829,10.5,Fri
ar_forecast,NVDA,2026-08-07,2026-08-07 10:35:00-04:00,223.3766,2026-08-07 10:50:00-04:00,223.3533,44,long,-1.03,-0.0105,15.0,AR(12) forecasts +0.19% over 6 bars,signal,1.374,0.62,0.464,0.87,0.114,2.852,0.0201,-0.506,0.69,0.915,10.58,Fri
high_break_trail,MSTR,2026-08-07,2026-08-07 10:35:00-04:00,104.7323,2026-08-07 10:50:00-04:00,102.3413,95,long,-227.15,-2.283,15.0,"break of first-hour high 104.45, 2.0xATR trail",stop,4.263,3.695,2.03,1.25,0.114,9.023,0.0396,0.458,1.501,0.864,10.58,Fri
ar_forecast,MSTR,2026-08-07,2026-08-07 10:35:00-04:00,104.6277,2026-08-07 11:00:00-04:00,101.5458,95,short,292.78,2.9456,25.0,AR(12) forecasts -0.29% over 6 bars,signal,4.263,3.592,1.928,1.25,0.114,9.023,0.0396,0.458,1.501,0.845,10.58,Fri
ar_forecast,COIN,2026-08-07,2026-08-07 10:45:00-04:00,154.213,2026-08-07 11:00:00-04:00,153.3816,64,short,53.2,0.5391,15.0,AR(12) forecasts -0.15% over 6 bars,signal,0.447,5.625,2.406,0.87,0.178,5.836,0.2316,-0.047,1.464,0.879,10.75,Fri
ar_forecast,AMD,2026-08-07,2026-08-07 10:35:00-04:00,480.8803,2026-08-07 11:05:00-04:00,481.4592,20,long,11.58,0.1204,30.0,AR(12) forecasts +0.18% over 6 bars,signal,0.884,-2.656,-1.174,0.61,0.114,5.518,-0.1841,-0.663,1.11,0.209,10.58,Fri
ar_forecast,PLTR,2026-08-07,2026-08-07 10:40:00-04:00,169.1545,2026-08-07 11:10:00-04:00,169.6651,59,long,30.12,0.3018,30.0,AR(12) forecasts +0.30% over 6 bars,signal,3.218,5.065,1.152,0.65,0.125,4.276,0.2553,0.182,1.384,0.792,10.67,Fri
ar_forecast,TSLA,2026-08-07,2026-08-07 10:50:00-04:00,329.6551,2026-08-07 11:20:00-04:00,330.5052,30,short,-25.5,-0.2579,30.0,AR(12) forecasts -0.24% over 6 bars,signal,0.823,2.298,1.019,1.45,0.154,3.714,0.0957,0.319,0.684,0.885,10.83,Fri
ar_forecast,PLTR,2026-08-07,2026-08-07 11:15:00-04:00,169.0495,2026-08-07 11:20:00-04:00,169.1753,59,long,7.42,0.0744,5.0,AR(12) forecasts +0.20% over 6 bars,signal,3.218,5.0,0.851,0.44,0.241,3.979,0.1412,0.213,1.048,0.782,11.25,Fri
rsi2_reversion,COIN,2026-08-07,2026-08-07 11:00:00-04:00,153.3816,2026-08-07 11:20:00-04:00,152.6986,65,long,-44.4,-0.4453,20.0,RSI(2)=10 dip above VWAP,signal,0.447,5.056,1.717,0.33,0.226,5.863,0.1825,0.088,1.331,0.794,11.0,Fri
vwap_pullback,TSLA,2026-08-07,2026-08-07 10:25:00-04:00,326.5482,2026-08-07 11:20:00-04:00,331.2326,30,long,140.53,1.4345,55.0,bounce off session VWAP 325.10,target,0.823,1.334,0.394,0.84,0.281,4.492,0.0399,0.329,0.797,0.691,10.42,Fri
ar_forecast,MSTR,2026-08-07,2026-08-07 11:05:00-04:00,101.0655,2026-08-07 11:25:00-04:00,102.3038,98,long,121.36,1.2253,20.0,AR(12) forecasts +0.92% over 6 bars,signal,4.263,0.065,-1.525,0.56,0.252,8.339,-0.0191,0.454,1.351,0.214,11.08,Fri
ar_forecast,COIN,2026-08-07,2026-08-07 11:05:00-04:00,152.141,2026-08-07 11:35:00-04:00,151.944,65,long,-12.81,-0.1295,30.0,AR(12) forecasts +0.51% over 6 bars,signal,0.447,4.206,0.873,0.34,0.252,5.725,0.1666,0.048,1.264,0.668,11.08,Fri
rsi2_reversion,AMD,2026-08-07,2026-08-07 11:35:00-04:00,483.0583,2026-08-07 11:40:00-04:00,481.5307,20,short,30.55,0.3163,5.0,RSI(2)=91 rip below VWAP,signal,0.884,-2.215,-0.327,0.52,0.307,4.69,-0.0699,-0.511,0.793,0.342,11.58,Fri
ar_forecast,AMD,2026-08-07,2026-08-07 11:35:00-04:00,483.0583,2026-08-07 11:40:00-04:00,481.5307,20,short,30.55,0.3163,5.0,AR(12) forecasts -0.24% over 6 bars,signal,0.884,-2.215,-0.327,0.52,0.307,4.69,-0.0699,-0.511,0.793,0.342,11.58,Fri
ema_crossover,MSTR,2026-08-07,2026-08-07 11:40:00-04:00,103.0315,2026-08-07 11:50:00-04:00,101.6696,97,long,-132.1,-1.3218,10.0,EMA9/20 cross up above VWAP,stop,4.263,2.011,0.404,0.42,0.278,7.218,-0.004,0.391,1.014,0.562,11.67,Fri
vwap_pullback,MSTR,2026-08-07,2026-08-07 11:40:00-04:00,103.0315,2026-08-07 11:50:00-04:00,102.2479,97,long,-76.01,-0.7605,10.0,bounce off session VWAP 102.61,stop,4.263,2.011,0.404,0.42,0.278,7.218,-0.004,0.391,1.014,0.562,11.67,Fri
high_break_trail,TSLA,2026-08-07,2026-08-07 10:50:00-04:00,329.9849,2026-08-07 12:25:00-04:00,328.8474,30,long,-34.13,-0.3447,95.0,"break of first-hour high 328.92, 2.0xATR trail",stop,0.823,2.4,1.12,1.45,0.154,3.714,0.0957,0.319,0.684,0.92,10.83,Fri
ema_crossover,AMD,2026-08-07,2026-08-07 12:10:00-04:00,485.0424,2026-08-07 12:25:00-04:00,479.8899,20,long,-103.05,-1.0623,15.0,EMA9/20 cross up above VWAP,signal,0.884,-1.813,0.121,0.61,0.258,4.276,-0.0324,-0.478,0.626,0.443,12.17,Fri
high_break_trail,NVDA,2026-08-07,2026-08-07 10:50:00-04:00,223.5767,2026-08-07 12:55:00-04:00,221.7815,44,long,-78.99,-0.803,125.0,"break of first-hour high 223.45, 2.0xATR trail",stop,1.374,0.71,0.508,0.74,0.154,2.689,0.0283,-0.512,0.619,0.938,10.83,Fri
gap_and_go,MSTR,2026-08-07,2026-08-07 10:35:00-04:00,104.7323,2026-08-07 12:55:00-04:00,100.5197,95,long,-400.2,-4.0223,140.0,"gap 4.3%, break of opening high 102.35",stop,4.263,3.695,2.03,1.25,0.114,9.023,0.0396,0.458,1.501,0.864,10.58,Fri
rsi2_reversion,TSLA,2026-08-07,2026-08-07 12:20:00-04:00,330.8103,2026-08-07 13:00:00-04:00,327.3385,30,long,-104.16,-1.0495,40.0,RSI(2)=8 dip above VWAP,stop,0.823,2.656,0.818,0.39,0.16,2.987,0.0769,0.374,0.412,0.766,12.33,Fri
rsi2_reversion,NVDA,2026-08-07,2026-08-07 12:05:00-04:00,223.5917,2026-08-07 13:10:00-04:00,222.0639,44,long,-67.22,-0.6833,65.0,RSI(2)=5 dip above VWAP,signal,1.374,0.717,0.285,0.64,0.278,2.065,0.0342,-0.416,0.353,0.715,12.08,Fri
vwap_pullback,TSLA,2026-08-07,2026-08-07 12:35:00-04:00,329.5273,2026-08-07 13:10:00-04:00,327.0086,30,long,-75.56,-0.7643,35.0,bounce off session VWAP 328.16,stop,0.823,2.258,0.41,0.68,0.165,2.881,0.0612,0.376,0.394,0.663,12.58,Fri
rsi2_reversion,AMD,2026-08-07,2026-08-07 13:10:00-04:00,481.5441,2026-08-07 13:15:00-04:00,480.2716,20,short,25.45,0.2643,5.0,RSI(2)=91 rip below VWAP,signal,0.884,-2.521,-0.473,0.37,0.134,3.818,-0.0241,-0.413,0.48,0.275,13.17,Fri
vwap_pullback,NVDA,2026-08-07,2026-08-07 10:30:00-04:00,223.4417,2026-08-07 13:25:00-04:00,221.4679,44,long,-86.84,-0.8833,175.0,bounce off session VWAP 222.25,stop,1.374,0.649,0.509,1.14,0.206,2.954,0.0155,-0.527,0.717,0.937,10.5,Fri
rsi2_reversion,COIN,2026-08-07,2026-08-07 13:05:00-04:00,151.6793,2026-08-07 13:40:00-04:00,151.3443,65,long,-21.78,-0.2209,35.0,RSI(2)=7 dip above VWAP,signal,0.447,3.89,0.321,0.23,0.161,4.242,0.0311,0.053,0.612,0.621,13.08,Fri
rsi2_reversion,TSLA,2026-08-07,2026-08-07 13:50:00-04:00,327.4962,2026-08-07 13:55:00-04:00,327.2335,30,short,7.88,0.0802,5.0,RSI(2)=94 rip below VWAP,signal,0.823,1.628,-0.177,0.44,0.166,2.523,0.0117,0.366,0.271,0.5,13.83,Fri
rsi2_reversion,AMD,2026-08-07,2026-08-07 14:10:00-04:00,481.6663,2026-08-07 14:25:00-04:00,481.0104,20,short,13.12,0.1362,15.0,RSI(2)=90 rip below VWAP,signal,0.884,-2.497,-0.403,0.43,0.072,3.43,-0.015,-0.426,0.342,0.281,14.17,Fri
high_break_trail,PLTR,2026-08-07,2026-08-07 13:30:00-04:00,171.2738,2026-08-07 14:25:00-04:00,170.2682,58,long,-58.32,-0.5871,55.0,"break of first-hour high 170.95, 2.0xATR trail",stop,3.218,6.381,1.764,0.62,0.118,2.942,0.0502,0.125,0.44,0.986,13.5,Fri
squeeze_breakout,PLTR,2026-08-07,2026-08-07 13:10:00-04:00,170.8954,2026-08-07 14:45:00-04:00,169.8996,58,long,-57.76,-0.5827,95.0,squeeze breakout above upper band 170.77,stop,3.218,6.146,1.614,0.47,0.134,2.985,0.0538,0.163,0.457,0.951,13.17,Fri
ema_crossover,COIN,2026-08-07,2026-08-07 14:05:00-04:00,153.7168,2026-08-07 14:55:00-04:00,151.5842,65,long,-138.62,-1.3874,50.0,EMA9/20 cross up above VWAP,signal,0.447,5.285,1.615,1.5,0.132,4.057,0.0116,-0.002,0.528,0.829,14.08,Fri
rsi2_reversion,COIN,2026-08-07,2026-08-07 14:40:00-04:00,152.2561,2026-08-07 15:00:00-04:00,152.2938,65,long,2.45,0.0248,20.0,RSI(2)=7 dip above VWAP,signal,0.447,4.285,0.601,0.45,-0.008,3.856,0.0107,0.02,0.49,0.68,14.67,Fri
rsi2_reversion,PLTR,2026-08-07,2026-08-07 14:45:00-04:00,170.1951,2026-08-07 15:05:00-04:00,170.3148,58,long,6.94,0.0704,20.0,RSI(2)=9 dip above VWAP,signal,3.218,5.711,0.917,0.61,0.03,2.8,0.037,0.079,0.37,0.855,14.75,Fri
squeeze_breakout,AMD,2026-08-07,2026-08-07 14:30:00-04:00,478.8915,2026-08-07 15:05:00-04:00,481.2418,20,short,-47.01,-0.4908,35.0,squeeze breakdown below lower band 479.76,stop,0.884,-3.058,-0.956,0.58,0.048,3.34,-0.0143,-0.417,0.335,0.142,14.5,Fri
squeeze_breakout,MSTR,2026-08-07,2026-08-07 14:50:00-04:00,97.0115,2026-08-07 15:05:00-04:00,98.1353,103,short,-115.75,-1.1584,15.0,squeeze breakdown below lower band 97.08,stop,4.263,-3.949,-4.328,0.7,0.039,5.298,-0.0962,0.341,0.647,0.027,14.83,Fri
ema_crossover,NVDA,2026-08-07,2026-08-07 12:25:00-04:00,222.6186,2026-08-07 15:10:00-04:00,222.7213,44,short,-4.52,-0.0461,165.0,EMA9/20 cross down below VWAP,signal,1.374,0.279,-0.158,0.77,0.091,2.003,0.0227,-0.351,0.324,0.478,12.42,Fri
rsi2_reversion,MSTR,2026-08-07,2026-08-07 15:10:00-04:00,98.2509,2026-08-07 15:20:00-04:00,99.283,101,short,-104.24,-1.0505,10.0,RSI(2)=94 rip below VWAP,stop,4.263,-2.722,-2.998,0.62,0.244,5.272,-0.0926,0.352,0.619,0.169,15.17,Fri
ema_crossover,MSTR,2026-08-07,2026-08-07 12:00:00-04:00,101.4742,2026-08-07 15:25:00-04:00,99.5197,98,short,191.54,1.9261,205.0,EMA9/20 cross down below VWAP,signal,4.263,0.47,-1.077,0.34,0.277,6.881,-0.0137,0.394,0.928,0.286,12.0,Fri
rsi2_reversion,TSLA,2026-08-07,2026-08-07 15:00:00-04:00,327.4462,2026-08-07 15:25:00-04:00,328.4291,30,short,-29.49,-0.3002,25.0,RSI(2)=91 rip below VWAP,signal,0.823,1.612,-0.174,0.41,0.134,2.293,0.0013,0.359,0.224,0.496,15.0,Fri
squeeze_breakout,TSLA,2026-08-07,2026-08-07 15:05:00-04:00,328.4641,2026-08-07 15:30:00-04:00,327.1579,30,long,-39.19,-0.3977,25.0,squeeze breakout above upper band 328.10,stop,0.823,1.928,0.133,0.54,0.211,2.284,0.0015,0.364,0.225,0.578,15.08,Fri
ema_crossover,AMD,2026-08-07,2026-08-07 14:30:00-04:00,478.8915,2026-08-07 15:30:00-04:00,481.3706,20,short,-49.58,-0.5177,60.0,EMA9/20 cross down below VWAP,signal,0.884,-3.058,-0.956,0.58,0.048,3.34,-0.0143,-0.417,0.335,0.142,14.5,Fri
rsi2_reversion,NVDA,2026-08-07,2026-08-07 15:10:00-04:00,222.4987,2026-08-07 15:35:00-04:00,222.6412,44,short,-6.27,-0.064,25.0,RSI(2)=98 rip below VWAP,signal,1.374,0.225,-0.11,0.74,0.244,1.523,-0.0066,-0.342,0.166,0.448,15.17,Fri
rsi2_reversion,MSTR,2026-08-07,2026-08-07 15:25:00-04:00,99.4203,2026-08-07 15:35:00-04:00,99.0695,100,short,35.08,0.3528,10.0,RSI(2)=99 rip below VWAP,signal,4.263,-1.564,-1.774,1.03,0.267,5.227,-0.0857,0.35,0.603,0.303,15.42,Fri
squeeze_breakout,COIN,2026-08-07,2026-08-07 15:30:00-04:00,154.077,2026-08-07 15:40:00-04:00,152.5984,64,long,-94.63,-0.9597,10.0,squeeze breakout above upper band 154.05,stop,0.447,5.532,1.673,0.76,0.22,3.706,0.0137,0.008,0.451,0.865,15.5,Fri
ema_crossover,TSLA,2026-08-07,2026-08-07 15:10:00-04:00,329.1345,2026-08-07 15:45:00-04:00,326.9415,30,long,-65.79,-0.6663,35.0,EMA9/20 cross up above VWAP,signal,0.823,2.136,0.335,0.74,0.244,2.268,0.0017,0.36,0.226,0.632,15.17,Fri
high_break_trail,AMD,2026-08-07,2026-08-07 10:40:00-04:00,476.8215,2026-08-07 15:55:00-04:00,483.7218,20,short,-138.01,-1.4471,315.0,"break of first-hour low 478.83, 2.0xATR trail",eod,0.884,-3.477,-1.936,0.66,0.125,5.318,-0.1893,-0.654,1.076,0.025,10.67,Fri
vwap_pullback,AMD,2026-08-07,2026-08-07 10:15:00-04:00,480.4597,2026-08-07 15:55:00-04:00,483.7218,20,short,-65.24,-0.679,340.0,rejection at session VWAP 488.22,eod,0.884,-2.741,-1.506,0.87,0.104,6.063,-0.1913,-0.742,1.182,0.095,10.25,Fri
orb,TSLA,2026-08-07,2026-08-07 09:50:00-04:00,327.0935,2026-08-07 15:55:00-04:00,328.4207,30,long,39.82,0.4058,365.0,break of opening range high 326.54,eod,0.823,1.503,0.652,0.94,0.125,1.967,0.4914,0.11,0.897,0.762,9.83,Fri
vwap_pullback,COIN,2026-08-07,2026-08-07 10:25:00-04:00,152.2361,2026-08-07 15:55:00-04:00,153.5432,65,long,84.96,0.8586,330.0,bounce off session VWAP 149.36,eod,0.447,4.271,1.778,0.7,0.281,6.833,0.1247,-0.078,1.732,0.847,10.42,Fri
squeeze_breakout,NVDA,2026-08-07,2026-08-07 12:30:00-04:00,222.3488,2026-08-07 15:55:00-04:00,223.8137,44,short,-64.46,-0.6589,205.0,squeeze breakdown below lower band 222.55,stop,1.374,0.157,-0.268,0.79,0.118,1.975,0.0196,-0.35,0.32,0.412,12.5,Fri
ema_crossover,COIN,2026-08-07,2026-08-07 15:05:00-04:00,152.5762,2026-08-07 15:55:00-04:00,153.5432,65,long,62.85,0.6337,50.0,EMA9/20 cross up above VWAP,eod,0.447,4.504,0.778,0.63,0.211,3.808,0.0099,0.011,0.488,0.712,15.08,Fri
orb,NVDA,2026-08-07,2026-08-07 10:30:00-04:00,223.4417,2026-08-07 15:55:00-04:00,223.868,44,long,18.76,0.1908,325.0,break of opening range high 223.13,eod,1.374,0.649,0.509,1.14,0.206,2.954,0.0155,-0.527,0.717,0.937,10.5,Fri
ema_crossover,PLTR,2026-08-07,2026-08-07 15:25:00-04:00,170.9254,2026-08-07 15:55:00-04:00,171.914,58,long,57.34,0.5784,30.0,EMA9/20 cross up above VWAP,eod,3.218,6.165,1.277,0.62,0.267,2.689,0.0302,0.094,0.331,0.919,15.42,Fri
gap_and_go,PLTR,2026-08-07,2026-08-07 10:25:00-04:00,170.2351,2026-08-07 15:55:00-04:00,171.914,58,long,97.38,0.9862,330.0,"gap 3.2%, break of opening high 164.26",eod,3.218,5.736,2.079,1.44,0.281,3.96,0.3554,-0.142,1.523,0.932,10.42,Fri
orb,COIN,2026-08-07,2026-08-07 10:20:00-04:00,151.0755,2026-08-07 15:55:00-04:00,153.5432,66,long,162.87,1.6334,335.0,break of opening range high 150.85,eod,0.447,3.476,1.15,0.5,0.132,7.014,0.0558,-0.152,1.815,0.835,10.33,Fri
orb,PLTR,2026-08-07,2026-08-07 09:50:00-04:00,165.6928,2026-08-07 15:55:00-04:00,171.914,60,long,373.27,3.7547,365.0,break of opening range high 165.45,eod,3.218,2.915,0.862,0.67,0.125,3.051,0.4531,0.4,1.977,0.779,9.83,Fri
high_break_trail,COIN,2026-08-07,2026-08-07 10:35:00-04:00,154.077,2026-08-07 15:55:00-04:00,153.5432,64,long,-34.16,-0.3465,320.0,"break of first-hour high 153.44, 2.0xATR trail",eod,0.447,5.532,2.591,0.94,0.114,6.258,0.2084,-0.057,1.594,0.897,10.58,Fri
orb,AMD,2026-08-07,2026-08-07 10:25:00-04:00,479.9899,2026-08-07 15:55:00-04:00,483.7218,20,short,-74.64,-0.7775,330.0,break of opening range low 480.69,eod,0.884,-2.836,-1.498,0.52,0.281,5.815,-0.1757,-0.745,1.133,0.068,10.42,Fri
rsi2_reversion,COIN,2026-08-10,2026-08-10 10:30:00-04:00,150.4437,2026-08-10 10:35:00-04:00,150.2651,66,short,11.79,0.1187,5.0,RSI(2)=91 rip below VWAP,signal,-0.085,-1.985,-0.185,0.75,0.228,2.685,-0.0663,0.225,0.975,0.318,10.5,Mon
ar_forecast,AMD,2026-08-10,2026-08-10 10:35:00-04:00,477.5611,2026-08-10 10:40:00-04:00,478.5118,20,short,-19.02,-0.1991,5.0,AR(12) forecasts -0.17% over 6 bars,signal,-1.253,0.029,0.255,0.53,0.225,4.65,0.066,0.029,0.999,0.542,10.58,Mon
orb,MSTR,2026-08-10,2026-08-10 09:55:00-04:00,97.7311,2026-08-10 10:40:00-04:00,100.1102,102,short,-242.67,-2.4344,45.0,break of opening range low 98.02,stop,-0.574,-1.734,-0.885,0.64,0.112,1.452,-0.2792,0.879,1.238,0.208,9.92,Mon
vwap_pullback,COIN,2026-08-10,2026-08-10 10:40:00-04:00,149.945,2026-08-10 10:40:00-04:00,151.232,66,short,-84.94,-0.8583,0.0,rejection at session VWAP 150.70,stop,-0.085,-2.31,-0.503,0.5,0.259,2.979,-0.0378,0.171,0.943,0.21,10.67,Mon
ar_forecast,MSTR,2026-08-10,2026-08-10 10:35:00-04:00,99.6302,2026-08-10 10:40:00-04:00,100.6768,100,short,-104.66,-1.0505,5.0,AR(12) forecasts -0.57% over 6 bars,stop,-0.574,0.175,1.025,0.55,0.225,3.486,0.1187,0.342,0.963,0.854,10.58,Mon
ar_forecast,PLTR,2026-08-10,2026-08-10 10:40:00-04:00,178.7406,2026-08-10 10:55:00-04:00,178.9794,55,short,-13.14,-0.1336,15.0,AR(12) forecasts -0.16% over 6 bars,signal,-0.535,4.478,1.701,0.66,0.259,5.098,0.1752,-0.082,1.416,0.902,10.67,Mon
ar_forecast,COIN,2026-08-10,2026-08-10 10:45:00-04:00,151.0145,2026-08-10 10:55:00-04:00,149.8149,66,short,79.17,0.7943,10.0,AR(12) forecasts -0.31% over 6 bars,signal,-0.085,-1.613,0.205,0.68,0.3,2.906,-0.0271,0.051,0.906,0.441,10.75,Mon
ar_forecast,MSTR,2026-08-10,2026-08-10 10:45:00-04:00,100.2948,2026-08-10 11:00:00-04:00,99.1796,99,short,110.41,1.112,15.0,AR(12) forecasts -0.46% over 6 bars,signal,-0.574,0.843,1.535,0.91,0.3,3.581,0.1527,0.178,0.942,0.87,10.75,Mon
high_break_trail,MSTR,2026-08-10,2026-08-10 10:45:00-04:00,100.3952,2026-08-10 11:10:00-04:00,98.6063,99,long,-177.09,-1.7818,25.0,"break of first-hour high 100.06, 2.0xATR trail",stop,-0.574,0.944,1.636,0.91,0.3,3.581,0.1527,0.178,0.942,0.898,10.75,Mon
rsi2_reversion,PLTR,2026-08-10,2026-08-10 11:05:00-04:00,178.014,2026-08-10 11:15:00-04:00,178.5207,56,long,28.38,0.2847,10.0,RSI(2)=7 dip above VWAP,signal,-0.535,4.053,1.033,0.5,0.127,4.692,0.1287,0.027,1.152,0.818,11.08,Mon
ar_forecast,AMD,2026-08-10,2026-08-10 10:45:00-04:00,477.9689,2026-08-10 11:15:00-04:00,475.9931,20,long,-39.52,-0.4134,30.0,AR(12) forecasts +0.18% over 6 bars,signal,-1.253,0.114,0.325,0.36,0.3,4.344,0.0471,0.037,0.911,0.575,10.75,Mon
rsi2_reversion,MSTR,2026-08-10,2026-08-10 11:05:00-04:00,99.1596,2026-08-10 11:20:00-04:00,98.1189,100,long,-104.07,-1.0495,15.0,RSI(2)=10 dip above VWAP,stop,-0.574,-0.298,0.323,0.45,0.127,3.643,0.0981,0.338,0.863,0.56,11.08,Mon
vwap_pullback,MSTR,2026-08-10,2026-08-10 11:15:00-04:00,98.6007,2026-08-10 11:25:00-04:00,97.5735,101,short,103.75,1.0418,10.0,rejection at session VWAP 98.84,target,-0.574,-0.86,-0.223,0.58,0.171,3.526,0.0678,0.357,0.832,0.407,11.25,Mon
ar_forecast,COIN,2026-08-10,2026-08-10 11:00:00-04:00,149.4947,2026-08-10 11:30:00-04:00,148.6656,66,long,-54.72,-0.5546,30.0,AR(12) forecasts +0.24% over 6 bars,signal,-0.085,-2.603,-0.746,0.4,0.144,2.972,-0.0412,0.139,0.838,0.113,11.0,Mon
ar_forecast,PLTR,2026-08-10,2026-08-10 11:00:00-04:00,178.6293,2026-08-10 11:30:00-04:00,178.0409,55,long,-32.36,-0.3294,30.0,AR(12) forecasts +0.17% over 6 bars,signal,-0.535,4.413,1.416,0.62,0.144,4.827,0.1409,0.026,1.183,0.889,11.0,Mon
vwap_pullback,TSLA,2026-08-10,2026-08-10 11:20:00-04:00,330.3051,2026-08-10 11:35:00-04:00,328.1666,30,long,-64.15,-0.6474,15.0,bounce off session VWAP 329.32,stop,-0.59,1.121,0.294,0.39,0.171,2.133,0.0197,-0.222,0.475,0.704,11.33,Mon
ema_crossover,TSLA,2026-08-10,2026-08-10 11:40:00-04:00,328.2203,2026-08-10 11:45:00-04:00,330.3726,30,short,-64.57,-0.6557,5.0,EMA9/20 cross down below VWAP,signal,-0.59,0.482,-0.337,0.75,0.154,2.319,0.0101,-0.206,0.459,0.351,11.67,Mon
high_break_trail,COIN,2026-08-10,2026-08-10 11:20:00-04:00,148.6606,2026-08-10 12:05:00-04:00,150.2554,67,short,-106.85,-1.0728,45.0,"break of first-hour low 148.97, 2.0xATR trail",stop,-0.085,-3.146,-1.059,1.31,0.171,2.741,-0.0581,0.164,0.751,0.048,11.33,Mon
rsi2_reversion,MSTR,2026-08-10,2026-08-10 12:00:00-04:00,97.991,2026-08-10 12:15:00-04:00,98.004,102,short,-1.33,-0.0133,15.0,RSI(2)=92 rip below VWAP,signal,-0.574,-1.473,-0.53,0.46,0.203,3.474,-0.0243,0.332,0.703,0.284,12.0,Mon
rsi2_reversion,COIN,2026-08-10,2026-08-10 12:00:00-04:00,149.6052,2026-08-10 12:20:00-04:00,149.8999,66,short,-19.45,-0.197,20.0,RSI(2)=95 rip below VWAP,signal,-0.085,-2.531,-0.262,0.62,0.203,2.674,-0.0511,0.173,0.576,0.299,12.0,Mon
orb,NVDA,2026-08-10,2026-08-10 09:55:00-04:00,222.1788,2026-08-10 12:30:00-04:00,218.3699,45,short,171.4,1.7144,155.0,break of opening range low 222.41,target,-0.237,-0.569,-0.333,0.66,0.112,1.638,-0.0696,0.002,0.659,0.176,9.92,Mon
rsi2_reversion,NVDA,2026-08-10,2026-08-10 12:25:00-04:00,219.7701,2026-08-10 12:30:00-04:00,218.4692,45,short,58.54,0.5919,5.0,RSI(2)=93 rip below VWAP,signal,-0.237,-1.647,-0.512,0.96,0.1,1.81,-0.0492,-0.077,0.346,0.247,12.42,Mon
rsi2_reversion,TSLA,2026-08-10,2026-08-10 12:25:00-04:00,330.3051,2026-08-10 12:30:00-04:00,330.3647,30,long,1.79,0.0181,5.0,RSI(2)=9 dip above VWAP,signal,-0.59,1.121,0.231,0.46,0.1,2.089,0.0148,-0.201,0.335,0.704,12.42,Mon
ema_crossover,COIN,2026-08-10,2026-08-10 12:15:00-04:00,150.3902,2026-08-10 12:50:00-04:00,149.0554,66,long,-88.09,-0.8875,35.0,EMA9/20 cross up above VWAP,signal,-0.085,-2.02,0.256,0.47,0.141,2.642,-0.0358,0.169,0.554,0.436,12.25,Mon
rsi2_reversion,PLTR,2026-08-10,2026-08-10 12:35:00-04:00,177.4444,2026-08-10 13:05:00-04:00,177.3875,56,long,-3.19,-0.0321,30.0,RSI(2)=6 dip above VWAP,signal,-0.535,3.72,0.433,0.67,-0.004,3.776,0.0411,0.019,0.587,0.753,12.58,Mon
high_break_trail,NVDA,2026-08-10,2026-08-10 10:55:00-04:00,219.98,2026-08-10 13:15:00-04:00,218.9576,45,short,46.01,0.4648,140.0,"break of first-hour low 220.18, 2.0xATR trail",stop,-0.237,-1.553,-0.849,0.68,0.118,1.715,-0.0908,0.036,0.461,0.1,10.92,Mon
ar_forecast,NVDA,2026-08-10,2026-08-10 13:15:00-04:00,218.5308,2026-08-10 13:35:00-04:00,218.6543,45,short,-5.56,-0.0565,20.0,AR(12) forecasts -0.17% over 6 bars,signal,-0.237,-2.201,-0.734,0.96,0.07,1.894,-0.0502,0.028,0.323,0.239,13.25,Mon
rsi2_reversion,MSTR,2026-08-10,2026-08-10 13:35:00-04:00,97.3413,2026-08-10 13:40:00-04:00,96.9084,102,short,44.15,0.4447,5.0,RSI(2)=91 rip below VWAP,signal,-0.574,-2.126,-0.939,0.41,0.032,3.172,-0.0424,0.137,0.519,0.213,13.58,Mon
rsi2_reversion,NVDA,2026-08-10,2026-08-10 13:15:00-04:00,218.5308,2026-08-10 13:40:00-04:00,218.4068,45,short,5.58,0.0567,25.0,RSI(2)=90 rip below VWAP,signal,-0.237,-2.201,-0.734,0.96,0.07,1.894,-0.0502,0.028,0.323,0.239,13.25,Mon
vwap_pullback,PLTR,2026-08-10,2026-08-10 12:55:00-04:00,177.2486,2026-08-10 14:00:00-04:00,176.0748,56,long,-65.73,-0.6622,65.0,bounce off session VWAP 176.69,stop,-0.535,3.606,0.313,0.49,0.045,3.612,0.0261,0.017,0.498,0.731,12.92,Mon
rsi2_reversion,TSLA,2026-08-10,2026-08-10 14:05:00-04:00,329.2803,2026-08-10 14:15:00-04:00,329.1921,30,short,2.65,0.0268,10.0,RSI(2)=91 rip below VWAP,signal,-0.59,0.807,-0.067,0.62,0.044,1.798,-0.0009,-0.233,0.204,0.531,14.08,Mon
rsi2_reversion,AMD,2026-08-10,2026-08-10 14:00:00-04:00,475.2423,2026-08-10 14:20:00-04:00,475.4776,21,short,-4.94,-0.0495,20.0,RSI(2)=93 rip below VWAP,signal,-1.253,-0.457,-0.235,0.44,0.018,2.559,-0.0085,0.004,0.24,0.359,14.0,Mon
rsi2_reversion,NVDA,2026-08-10,2026-08-10 14:05:00-04:00,218.4507,2026-08-10 14:20:00-04:00,218.5192,45,short,-3.08,-0.0314,15.0,RSI(2)=93 rip below VWAP,signal,-0.237,-2.237,-0.691,0.91,0.044,1.731,-0.0378,0.035,0.244,0.228,14.08,Mon
vwap_pullback,TSLA,2026-08-10,2026-08-10 11:55:00-04:00,330.9854,2026-08-10 14:30:00-04:00,328.2185,30,long,-83.01,-0.836,155.0,bounce off session VWAP 329.37,stop,-0.59,1.329,0.481,0.66,0.221,2.235,0.0134,-0.216,0.413,0.82,11.92,Mon
rsi2_reversion,PLTR,2026-08-10,2026-08-10 13:50:00-04:00,177.1685,2026-08-10 14:35:00-04:00,175.832,56,long,-74.84,-0.7544,45.0,RSI(2)=9 dip above VWAP,signal,-0.535,3.559,0.225,0.27,0.003,3.276,0.011,0.033,0.367,0.721,13.83,Mon
ema_crossover,AMD,2026-08-10,2026-08-10 12:35:00-04:00,475.5271,2026-08-10 14:45:00-04:00,475.9079,21,short,-8.0,-0.0801,130.0,EMA9/20 cross down below VWAP,signal,-1.253,-0.397,-0.211,0.9,-0.004,3.038,0.0007,0.02,0.42,0.382,12.58,Mon
ema_crossover,AMD,2026-08-10,2026-08-10 14:50:00-04:00,474.9524,2026-08-10 15:00:00-04:00,476.5282,21,short,-33.09,-0.3318,10.0,EMA9/20 cross down below VWAP,stop,-1.253,-0.517,-0.283,0.59,0.066,2.371,-0.0077,-0.008,0.2,0.337,14.83,Mon
ema_crossover,TSLA,2026-08-10,2026-08-10 12:45:00-04:00,328.6256,2026-08-10 15:10:00-04:00,329.7398,30,short,-33.43,-0.339,145.0,EMA9/20 cross down below VWAP,signal,-0.59,0.606,-0.279,0.64,0.001,2.11,0.0095,-0.243,0.335,0.42,12.75,Mon
squeeze_breakout,NVDA,2026-08-10,2026-08-10 12:30:00-04:00,218.2508,2026-08-10 15:10:00-04:00,219.5362,45,short,-57.84,-0.5889,160.0,squeeze breakdown below lower band 218.62,stop,-0.237,-2.327,-1.146,1.79,0.01,1.798,-0.0502,0.006,0.355,0.087,12.5,Mon
squeeze_breakout,COIN,2026-08-10,2026-08-10 14:15:00-04:00,148.4957,2026-08-10 15:10:00-04:00,149.3563,67,short,-57.66,-0.5795,55.0,squeeze breakdown below lower band 148.74,stop,-0.085,-3.254,-0.922,0.48,-0.005,2.23,-0.0168,0.077,0.319,0.104,14.25,Mon
squeeze_breakout,TSLA,2026-08-10,2026-08-10 15:05:00-04:00,329.7948,2026-08-10 15:15:00-04:00,328.7795,30,long,-30.46,-0.3079,10.0,squeeze breakout above upper band 329.53,stop,-0.59,0.964,0.103,0.78,0.102,1.665,-0.0031,-0.23,0.171,0.618,15.08,Mon
squeeze_breakout,MSTR,2026-08-10,2026-08-10 12:55:00-04:00,96.6417,2026-08-10 15:25:00-04:00,97.6245,103,short,-101.24,-1.017,150.0,squeeze breakdown below lower band 96.69,stop,-0.574,-2.83,-1.759,0.62,0.045,3.175,-0.0404,0.274,0.571,0.008,12.92,Mon
ema_crossover,MSTR,2026-08-10,2026-08-10 11:25:00-04:00,97.6412,2026-08-10 15:25:00-04:00,97.2536,102,short,39.53,0.3969,240.0,EMA9/20 cross down below VWAP,signal,-0.574,-1.825,-1.057,1.19,0.148,3.624,0.0325,0.327,0.846,0.17,11.42,Mon
vwap_pullback,AMD,2026-08-10,2026-08-10 10:10:00-04:00,483.0314,2026-08-10 15:40:00-04:00,473.8282,20,long,-184.06,-1.9053,330.0,bounce off session VWAP 475.49,stop,-1.253,1.175,1.5,0.87,0.209,5.445,0.2063,-0.248,1.174,0.974,10.17,Mon
rsi2_reversion,COIN,2026-08-10,2026-08-10 15:15:00-04:00,149.2573,2026-08-10 15:45:00-04:00,149.3246,66,short,-4.44,-0.0451,30.0,RSI(2)=92 rip below VWAP,signal,-0.085,-2.758,-0.351,0.28,0.091,2.089,-0.0153,0.076,0.273,0.238,15.25,Mon
news_momentum,NVDA,2026-08-10,2026-08-10 12:30:00-04:00,218.2508,2026-08-10 15:55:00-04:00,217.6688,45,short,26.19,0.2667,205.0,fresh headline <45m + breakdown on volume,eod,-0.237,-2.327,-1.146,1.79,0.01,1.798,-0.0502,0.006,0.355,0.087,12.5,Mon
high_break_trail,PLTR,2026-08-10,2026-08-10 10:35:00-04:00,178.1891,2026-08-10 15:55:00-04:00,175.1324,56,long,-171.17,-1.7154,320.0,"break of first-hour high 177.95, 2.0xATR trail",eod,-0.535,4.155,1.501,0.69,0.225,5.304,0.1658,-0.087,1.485,0.901,10.58,Mon
squeeze_breakout,PLTR,2026-08-10,2026-08-10 14:05:00-04:00,175.872,2026-08-10 15:55:00-04:00,175.3076,56,short,31.61,0.3209,110.0,squeeze breakdown below lower band 176.33,eod,-0.535,2.801,-0.501,0.63,0.044,3.255,0.0052,0.03,0.361,0.573,14.08,Mon
orb,PLTR,2026-08-10,2026-08-10 10:25:00-04:00,177.6088,2026-08-10 15:55:00-04:00,175.1324,56,long,-138.68,-1.3943,330.0,break of opening range high 177.17,eod,-0.535,3.816,1.339,0.64,0.227,5.786,0.1565,-0.086,1.645,0.952,10.42,Mon
vwap_pullback,MSTR,2026-08-10,2026-08-10 12:15:00-04:00,97.906,2026-08-10 15:55:00-04:00,97.3637,102,short,55.32,0.554,220.0,rejection at session VWAP 98.50,eod,-0.574,-1.558,-0.592,0.75,0.141,3.35,-0.026,0.333,0.659,0.262,12.25,Mon
orb,TSLA,2026-08-10,2026-08-10 10:00:00-04:00,329.6448,2026-08-10 15:55:00-04:00,330.6876,30,long,31.28,0.3163,355.0,break of opening range high 329.43,eod,-0.59,0.918,0.343,0.53,0.145,2.843,0.0921,-0.509,0.835,0.789,10.0,Mon
vwap_pullback,COIN,2026-08-10,2026-08-10 10:55:00-04:00,149.6651,2026-08-10 15:55:00-04:00,148.7643,66,short,59.45,0.6019,300.0,rejection at session VWAP 150.68,eod,-0.085,-2.492,-0.659,0.58,0.118,3.025,-0.0386,0.172,0.865,0.15,10.92,Mon
orb,COIN,2026-08-10,2026-08-10 09:55:00-04:00,149.955,2026-08-10 15:55:00-04:00,148.7643,66,short,78.58,0.794,360.0,break of opening range low 150.50,eod,-0.085,-2.303,-0.854,1.05,0.112,3.049,-0.2482,0.233,1.299,0.109,9.92,Mon
orb,AMD,2026-08-10,2026-08-10 09:50:00-04:00,479.3295,2026-08-10 15:55:00-04:00,470.4526,20,long,-177.54,-1.852,365.0,break of opening range high 477.89,stop,-1.253,0.399,0.99,0.61,0.069,5.815,0.2983,0.244,1.326,0.939,9.83,Mon
vwap_pullback,MSTR,2026-08-11,2026-08-11 10:10:00-04:00,98.6093,2026-08-11 10:20:00-04:00,97.4091,101,long,-121.21,-1.2171,10.0,bounce off session VWAP 97.75,stop,0.098,1.231,0.779,0.65,-0.097,3.351,0.201,-0.108,1.142,0.793,10.17,Tue
vwap_pullback,AMD,2026-08-11,2026-08-11 10:45:00-04:00,467.1763,2026-08-11 10:45:00-04:00,469.0034,21,short,-38.37,-0.3911,0.0,rejection at session VWAP 467.36,stop,1.148,-1.593,-0.044,0.44,-0.081,2.371,0.0534,-0.153,1.072,0.337,10.75,Tue
vwap_pullback,MSTR,2026-08-11,2026-08-11 10:35:00-04:00,98.2691,2026-08-11 10:50:00-04:00,97.6023,101,long,-67.35,-0.6786,15.0,bounce off session VWAP 97.94,stop,0.098,0.882,0.327,0.53,-0.153,5.422,0.0518,-0.165,1.043,0.613,10.58,Tue
ar_forecast,COIN,2026-08-11,2026-08-11 10:35:00-04:00,150.3798,2026-08-11 10:50:00-04:00,149.8949,66,short,32.0,0.3224,15.0,AR(12) forecasts -0.41% over 6 bars,signal,0.773,0.36,0.362,0.43,-0.153,4.626,0.1692,0.003,1.182,0.561,10.58,Tue
ar_forecast,MSTR,2026-08-11,2026-08-11 10:50:00-04:00,97.9289,2026-08-11 11:00:00-04:00,97.6012,102,long,-33.43,-0.3347,10.0,AR(12) forecasts +0.22% over 6 bars,signal,0.098,0.533,-0.008,0.53,-0.083,4.88,0.017,-0.149,0.923,0.48,10.83,Tue
orb,MSTR,2026-08-11,2026-08-11 10:05:00-04:00,98.6392,2026-08-11 11:00:00-04:00,96.6516,101,long,-200.74,-2.015,55.0,break of opening range high 98.55,stop,0.098,1.262,0.909,0.58,-0.096,3.572,0.1814,-0.094,1.187,0.898,10.08,Tue
ar_forecast,PLTR,2026-08-11,2026-08-11 10:45:00-04:00,177.4612,2026-08-11 11:05:00-04:00,175.9855,56,short,82.64,0.8316,20.0,AR(12) forecasts -0.18% over 6 bars,signal,-0.571,1.861,0.962,0.85,-0.081,2.766,0.0831,-0.418,0.953,0.895,10.75,Tue
ar_forecast,MSTR,2026-08-11,2026-08-11 11:05:00-04:00,96.6516,2026-08-11 11:10:00-04:00,96.3081,103,short,35.38,0.3554,5.0,AR(12) forecasts -0.20% over 6 bars,signal,0.098,-0.779,-1.124,1.57,-0.223,5.073,-0.0391,-0.035,0.915,0.164,11.08,Tue
vwap_pullback,PLTR,2026-08-11,2026-08-11 10:25:00-04:00,176.5683,2026-08-11 11:10:00-04:00,174.8666,56,long,-95.3,-0.9638,45.0,bounce off session VWAP 175.48,stop,-0.571,1.348,0.593,0.68,-0.085,2.424,0.0872,-0.38,1.114,0.913,10.42,Tue
ar_forecast,COIN,2026-08-11,2026-08-11 10:55:00-04:00,149.8249,2026-08-11 11:25:00-04:00,148.6556,66,long,-77.17,-0.7804,30.0,AR(12) forecasts +0.27% over 6 bars,signal,0.773,-0.01,-0.012,0.42,-0.117,4.064,0.0818,0.036,0.986,0.466,10.92,Tue
vwap_pullback,TSLA,2026-08-11,2026-08-11 10:45:00-04:00,335.1375,2026-08-11 11:30:00-04:00,332.3201,29,long,-81.7,-0.8407,45.0,bounce off session VWAP 333.49,stop,0.646,0.645,0.485,0.62,-0.081,2.887,0.0709,-0.194,0.528,0.841,10.75,Tue
high_break_trail,PLTR,2026-08-11,2026-08-11 10:45:00-04:00,177.6388,2026-08-11 11:35:00-04:00,174.3505,56,long,-184.15,-1.8511,50.0,"break of first-hour high 176.84, 2.0xATR trail",stop,-0.571,1.962,1.063,0.85,-0.081,2.766,0.0831,-0.418,0.953,0.937,10.75,Tue
ar_forecast,PLTR,2026-08-11,2026-08-11 11:10:00-04:00,175.6078,2026-08-11 11:40:00-04:00,174.2979,56,long,-73.35,-0.7459,30.0,AR(12) forecasts +0.18% over 6 bars,signal,-0.571,0.797,-0.138,0.73,-0.241,2.993,0.0339,-0.083,0.827,0.447,11.17,Tue
orb,PLTR,2026-08-11,2026-08-11 10:45:00-04:00,177.6388,2026-08-11 11:45:00-04:00,173.6381,56,long,-224.04,-2.2521,60.0,break of opening range high 176.80,stop,-0.571,1.962,1.063,0.85,-0.081,2.766,0.0831,-0.418,0.953,0.937,10.75,Tue
rsi2_reversion,PLTR,2026-08-11,2026-08-11 12:10:00-04:00,174.5627,2026-08-11 12:20:00-04:00,173.2566,57,short,74.45,0.7482,10.0,RSI(2)=96 rip below VWAP,signal,-0.571,0.197,-0.484,0.91,-0.332,2.631,-0.0361,-0.043,0.55,0.312,12.17,Tue
rsi2_reversion,COIN,2026-08-11,2026-08-11 12:05:00-04:00,148.1359,2026-08-11 12:25:00-04:00,148.3641,67,short,-15.29,-0.1541,20.0,RSI(2)=91 rip below VWAP,signal,0.773,-1.137,-0.898,0.65,-0.287,3.236,-0.0329,0.077,0.567,0.177,12.08,Tue
ar_forecast,AMD,2026-08-11,2026-08-11 11:55:00-04:00,468.5041,2026-08-11 12:25:00-04:00,466.7673,21,long,-36.47,-0.3707,30.0,AR(12) forecasts +0.16% over 6 bars,signal,1.148,-1.314,0.122,0.44,-0.327,1.908,0.0306,-0.059,0.574,0.449,11.92,Tue
rsi2_reversion,AMD,2026-08-11,2026-08-11 11:55:00-04:00,468.5041,2026-08-11 12:40:00-04:00,466.8565,21,long,-34.6,-0.3517,45.0,RSI(2)=10 dip above VWAP,signal,1.148,-1.314,0.122,0.44,-0.327,1.908,0.0306,-0.059,0.574,0.449,11.92,Tue
rsi2_reversion,NVDA,2026-08-11,2026-08-11 12:35:00-04:00,218.7456,2026-08-11 12:45:00-04:00,218.9396,45,short,-8.73,-0.0887,10.0,RSI(2)=94 rip below VWAP,signal,2.11,-1.532,-0.438,0.57,-0.343,1.474,-0.0213,-0.234,0.224,0.125,12.58,Tue
ema_crossover,PLTR,2026-08-11,2026-08-11 11:25:00-04:00,175.1574,2026-08-11 13:00:00-04:00,175.2996,57,short,-8.11,-0.0812,95.0,EMA9/20 cross down below VWAP,signal,-0.571,0.538,-0.367,0.39,-0.275,2.819,0.0073,-0.095,0.708,0.34,11.42,Tue
orb,COIN,2026-08-11,2026-08-11 10:10:00-04:00,150.4452,2026-08-11 13:05:00-04:00,147.0265,66,long,-225.64,-2.2724,175.0,break of opening range high 150.00,stop,0.773,0.404,0.887,1.12,-0.097,3.494,0.2827,-0.104,1.326,0.707,10.17,Tue
vwap_pullback,NVDA,2026-08-11,2026-08-11 11:05:00-04:00,219.5702,2026-08-11 13:10:00-04:00,217.3066,45,short,101.86,1.0309,125.0,rejection at session VWAP 220.09,target,2.11,-1.161,-0.23,0.41,-0.223,1.912,-0.0219,-0.382,0.42,0.22,11.08,Tue
rsi2_reversion,PLTR,2026-08-11,2026-08-11 12:45:00-04:00,174.3578,2026-08-11 13:25:00-04:00,176.1894,57,short,-104.4,-1.0505,40.0,RSI(2)=92 rip below VWAP,stop,-0.571,0.079,-0.47,0.81,-0.4,2.658,-0.0396,0.105,0.466,0.314,12.75,Tue
rsi2_reversion,MSTR,2026-08-11,2026-08-11 13:25:00-04:00,96.3143,2026-08-11 13:35:00-04:00,96.1831,103,short,13.52,0.1363,10.0,RSI(2)=93 rip below VWAP,signal,0.098,-1.125,-0.824,0.37,-0.475,3.523,-0.0619,-0.067,0.419,0.229,13.42,Tue
ema_crossover,AMD,2026-08-11,2026-08-11 12:05:00-04:00,466.1668,2026-08-11 13:50:00-04:00,468.6742,21,short,-52.66,-0.5379,105.0,EMA9/20 cross down below VWAP,signal,1.148,-1.806,-0.372,0.56,-0.287,1.971,0.022,-0.094,0.543,0.251,12.08,Tue
vwap_pullback,AMD,2026-08-11,2026-08-11 12:05:00-04:00,466.1668,2026-08-11 13:55:00-04:00,469.5608,21,short,-71.27,-0.7281,110.0,rejection at session VWAP 467.92,stop,1.148,-1.806,-0.372,0.56,-0.287,1.971,0.022,-0.094,0.543,0.251,12.08,Tue
rsi2_reversion,NVDA,2026-08-11,2026-08-11 13:50:00-04:00,217.6012,2026-08-11 14:05:00-04:00,217.6488,45,short,-2.14,-0.0219,15.0,RSI(2)=94 rip below VWAP,signal,2.11,-2.048,-0.773,0.5,-0.418,1.42,-0.0258,-0.128,0.2,0.161,13.83,Tue
rsi2_reversion,MSTR,2026-08-11,2026-08-11 14:05:00-04:00,96.1919,2026-08-11 14:10:00-04:00,96.048,103,short,14.82,0.1496,5.0,RSI(2)=91 rip below VWAP,signal,0.098,-1.251,-0.871,0.59,-0.496,3.345,-0.0507,-0.071,0.377,0.197,14.08,Tue
squeeze_breakout,AMD,2026-08-11,2026-08-11 13:45:00-04:00,468.3791,2026-08-11 14:15:00-04:00,471.9918,21,long,75.87,0.7713,30.0,squeeze breakout above upper band 467.67,target,1.148,-1.34,0.156,0.79,-0.434,1.741,-0.0041,-0.163,0.296,0.439,13.75,Tue
ema_crossover,TSLA,2026-08-11,2026-08-11 11:25:00-04:00,332.8335,2026-08-11 14:20:00-04:00,332.4812,30,short,10.57,0.1059,175.0,EMA9/20 cross down below VWAP,signal,0.646,-0.047,-0.229,0.38,-0.275,2.463,0.0206,-0.168,0.417,0.495,11.42,Tue
squeeze_breakout,NVDA,2026-08-11,2026-08-11 12:50:00-04:00,218.0009,2026-08-11 14:20:00-04:00,216.7346,45,short,56.99,0.5809,90.0,squeeze breakdown below lower band 218.10,target,2.11,-1.868,-0.746,0.73,-0.407,1.504,-0.0214,-0.157,0.233,0.043,12.83,Tue
rsi2_reversion,PLTR,2026-08-11,2026-08-11 14:00:00-04:00,175.7829,2026-08-11 14:40:00-04:00,175.0824,56,long,-39.22,-0.3985,40.0,RSI(2)=7 dip above VWAP,signal,-0.571,0.897,0.286,0.72,-0.447,2.305,-0.0068,0.112,0.281,0.587,14.0,Tue
squeeze_breakout,NVDA,2026-08-11,2026-08-11 14:30:00-04:00,216.3718,2026-08-11 14:50:00-04:00,217.4198,46,short,-48.21,-0.4844,20.0,squeeze breakdown below lower band 216.57,stop,2.11,-2.601,-1.256,0.77,-0.585,1.355,-0.0258,-0.125,0.188,0.012,14.5,Tue
news_momentum,AMD,2026-08-11,2026-08-11 14:00:00-04:00,469.7448,2026-08-11 14:50:00-04:00,473.1776,21,long,72.09,0.7308,50.0,fresh headline <45m + breakout on volume,target,1.148,-1.052,0.421,2.63,-0.447,1.722,-0.0008,-0.135,0.282,0.555,14.0,Tue
high_break_trail,COIN,2026-08-11,2026-08-11 14:30:00-04:00,146.8265,2026-08-11 14:55:00-04:00,147.2311,68,short,-27.51,-0.2755,25.0,"break of first-hour low 147.10, 2.0xATR trail",stop,0.773,-2.011,-1.454,0.9,-0.585,2.533,-0.0336,0.032,0.286,0.023,14.5,Tue
ema_crossover,TSLA,2026-08-11,2026-08-11 14:30:00-04:00,330.5208,2026-08-11 15:05:00-04:00,332.5762,30,short,-61.66,-0.6219,35.0,EMA9/20 cross down below VWAP,signal,0.646,-0.742,-0.783,1.12,-0.585,1.782,-0.0129,-0.175,0.197,0.149,14.5,Tue
ema_crossover,PLTR,2026-08-11,2026-08-11 14:35:00-04:00,174.9425,2026-08-11 15:10:00-04:00,175.5477,57,short,-34.5,-0.346,35.0,EMA9/20 cross down below VWAP,signal,-0.571,0.415,-0.194,0.68,-0.584,2.196,-0.0048,0.123,0.246,0.426,14.58,Tue
rsi2_reversion,MSTR,2026-08-11,2026-08-11 15:00:00-04:00,95.7222,2026-08-11 15:10:00-04:00,95.3777,104,short,35.83,0.3599,10.0,RSI(2)=92 rip below VWAP,signal,0.098,-1.733,-1.17,0.72,-0.573,3.198,-0.0431,-0.083,0.354,0.141,15.0,Tue
squeeze_breakout,MSTR,2026-08-11,2026-08-11 14:30:00-04:00,95.3523,2026-08-11 15:15:00-04:00,95.9928,104,short,-66.61,-0.6717,45.0,squeeze breakdown below lower band 95.47,stop,0.098,-2.112,-1.658,0.96,-0.585,3.307,-0.0459,-0.079,0.373,0.017,14.5,Tue
squeeze_breakout,COIN,2026-08-11,2026-08-11 14:30:00-04:00,146.8265,2026-08-11 15:20:00-04:00,147.4146,68,short,-39.99,-0.4005,50.0,squeeze breakdown below lower band 146.93,stop,0.773,-2.011,-1.454,0.9,-0.585,2.533,-0.0336,0.032,0.286,0.023,14.5,Tue
high_break_trail,NVDA,2026-08-11,2026-08-11 11:15:00-04:00,218.7006,2026-08-11 15:35:00-04:00,218.2043,45,short,22.33,0.2269,260.0,"break of first-hour low 218.83, 2.0xATR trail",stop,2.11,-1.553,-0.59,0.59,-0.269,1.836,-0.0253,-0.328,0.395,0.063,11.25,Tue
ema_crossover,COIN,2026-08-11,2026-08-11 11:20:00-04:00,148.4957,2026-08-11 15:40:00-04:00,147.9339,67,short,37.64,0.3783,260.0,EMA9/20 cross down below VWAP,signal,0.773,-0.897,-0.844,0.44,-0.261,3.751,0.0129,0.046,0.814,0.239,11.33,Tue
rsi2_reversion,NVDA,2026-08-11,2026-08-11 15:25:00-04:00,217.7561,2026-08-11 15:45:00-04:00,217.8489,45,short,-4.18,-0.0426,20.0,RSI(2)=95 rip below VWAP,signal,2.11,-1.978,-0.544,0.91,-0.504,1.313,-0.0215,-0.103,0.159,0.247,15.42,Tue
squeeze_breakout,PLTR,2026-08-11,2026-08-11 14:30:00-04:00,174.8225,2026-08-11 15:50:00-04:00,175.753,57,short,-53.03,-0.5322,80.0,squeeze breakdown below lower band 174.95,stop,-0.571,0.346,-0.263,0.89,-0.585,2.213,-0.0049,0.122,0.256,0.403,14.5,Tue
vwap_pullback,TSLA,2026-08-11,2026-08-11 11:35:00-04:00,332.2638,2026-08-11 15:55:00-04:00,332.9364,30,short,-20.18,-0.2024,260.0,rejection at session VWAP 333.58,eod,0.646,-0.218,-0.391,0.4,-0.345,2.412,0.0109,-0.188,0.399,0.41,11.58,Tue
orb,TSLA,2026-08-11,2026-08-11 10:05:00-04:00,335.0575,2026-08-11 15:55:00-04:00,332.6036,29,long,-71.16,-0.7324,350.0,break of opening range high 333.80,eod,0.646,0.621,0.685,1.18,-0.096,3.962,0.163,-0.361,0.66,0.953,10.08,Tue
orb,NVDA,2026-08-11,2026-08-11 10:40:00-04:00,218.8405,2026-08-11 15:55:00-04:00,217.5887,45,short,56.33,0.572,315.0,break of opening range low 219.25,eod,2.11,-1.49,-0.599,0.65,-0.15,2.014,-0.044,-0.59,0.489,0.003,10.67,Tue
vwap_pullback,PLTR,2026-08-11,2026-08-11 13:00:00-04:00,175.2996,2026-08-11 15:55:00-04:00,174.8425,57,long,-26.05,-0.2607,175.0,bounce off session VWAP 175.18,eod,-0.571,0.62,0.066,0.89,-0.484,2.581,-0.031,0.12,0.424,0.494,13.0,Tue
high_break_trail,MSTR,2026-08-11,2026-08-11 11:05:00-04:00,96.6516,2026-08-11 15:55:00-04:00,96.128,103,short,53.93,0.5417,290.0,"break of first-hour low 96.70, 2.0xATR trail",eod,0.098,-0.779,-1.124,1.57,-0.223,5.073,-0.0391,-0.035,0.915,0.164,11.08,Tue
vwap_pullback,COIN,2026-08-11,2026-08-11 11:05:00-04:00,148.9255,2026-08-11 15:55:00-04:00,148.6742,67,short,16.84,0.1687,290.0,rejection at session VWAP 149.83,eod,0.773,-0.61,-0.595,0.4,-0.223,4.005,0.0462,0.045,0.917,0.312,11.08,Tue
vwap_pullback,COIN,2026-08-12,2026-08-12 10:15:00-04:00,150.3201,2026-08-12 10:25:00-04:00,149.0238,66,long,-85.55,-0.8623,10.0,bounce off session VWAP 149.55,stop,1.009,0.147,0.501,1.1,-0.285,5.045,0.0107,-0.18,1.402,0.653,10.25,Wed
ar_forecast,PLTR,2026-08-12,2026-08-12 10:35:00-04:00,169.1795,2026-08-12 10:45:00-04:00,168.4957,59,long,-40.35,-0.4042,10.0,AR(12) forecasts +0.19% over 6 bars,signal,-0.446,-2.854,-1.093,0.58,-0.248,4.45,-0.1063,-0.182,1.207,0.066,10.58,Wed
vwap_pullback,MSTR,2026-08-12,2026-08-12 10:20:00-04:00,96.4817,2026-08-12 10:55:00-04:00,95.0373,103,short,148.78,1.4971,35.0,rejection at session VWAP 96.94,target,1.113,-0.687,-0.45,0.4,-0.225,2.821,-0.0617,-0.454,1.031,0.256,10.33,Wed
ar_forecast,NVDA,2026-08-12,2026-08-12 10:55:00-04:00,223.828,2026-08-12 11:00:00-04:00,223.8569,44,short,-1.27,-0.0129,5.0,AR(12) forecasts -0.15% over 6 bars,signal,1.637,1.261,0.414,0.65,-0.321,2.793,0.0794,-0.358,0.561,0.74,10.92,Wed
ar_forecast,COIN,2026-08-12,2026-08-12 10:40:00-04:00,148.2541,2026-08-12 11:10:00-04:00,147.6411,67,long,-41.07,-0.4134,30.0,AR(12) forecasts +0.16% over 6 bars,signal,1.009,-1.23,-0.752,0.93,-0.213,4.341,-0.0538,-0.049,1.132,0.146,10.67,Wed
ar_forecast,AMD,2026-08-12,2026-08-12 11:00:00-04:00,487.9538,2026-08-12 11:10:00-04:00,488.2857,20,long,6.64,0.068,10.0,AR(12) forecasts +0.16% over 6 bars,signal,3.038,-0.173,0.246,0.62,-0.367,3.001,0.0687,-0.179,0.761,0.654,11.0,Wed
rsi2_reversion,AMD,2026-08-12,2026-08-12 11:00:00-04:00,487.9538,2026-08-12 11:10:00-04:00,488.2857,20,long,6.64,0.068,10.0,RSI(2)=9 dip above VWAP,signal,3.038,-0.173,0.246,0.62,-0.367,3.001,0.0687,-0.179,0.761,0.654,11.0,Wed
ar_forecast,TSLA,2026-08-12,2026-08-12 10:45:00-04:00,324.9375,2026-08-12 11:15:00-04:00,325.1575,30,short,-6.6,-0.0677,30.0,AR(12) forecasts -0.22% over 6 bars,signal,0.67,-3.004,-0.986,0.59,-0.262,2.078,-0.1193,-0.473,0.78,0.07,10.75,Wed
ar_forecast,MSTR,2026-08-12,2026-08-12 10:45:00-04:00,95.5928,2026-08-12 11:15:00-04:00,94.9725,104,long,-64.51,-0.6489,30.0,AR(12) forecasts +0.25% over 6 bars,signal,1.113,-1.602,-1.11,0.58,-0.262,2.809,-0.1154,-0.183,0.865,0.138,10.75,Wed
rsi2_reversion,PLTR,2026-08-12,2026-08-12 11:10:00-04:00,169.3703,2026-08-12 11:20:00-04:00,169.2446,59,short,7.42,0.0742,10.0,RSI(2)=91 rip below VWAP,signal,-0.446,-2.745,-0.75,0.42,-0.328,3.761,-0.0798,-0.156,0.845,0.153,11.17,Wed
rsi2_reversion,NVDA,2026-08-12,2026-08-12 11:40:00-04:00,223.3816,2026-08-12 11:50:00-04:00,223.3283,44,long,-2.35,-0.0239,10.0,RSI(2)=9 dip above VWAP,signal,1.637,1.059,0.161,0.4,-0.376,2.369,0.0297,-0.304,0.389,0.649,11.67,Wed
ar_forecast,AMD,2026-08-12,2026-08-12 11:45:00-04:00,486.8133,2026-08-12 12:00:00-04:00,486.7065,20,long,-2.14,-0.0219,15.0,AR(12) forecasts +0.24% over 6 bars,signal,3.038,-0.406,-0.023,0.34,-0.328,2.615,0.0259,-0.162,0.523,0.549,11.75,Wed
ar_forecast,MSTR,2026-08-12,2026-08-12 11:35:00-04:00,94.7576,2026-08-12 12:05:00-04:00,95.4727,105,short,-75.09,-0.7547,30.0,AR(12) forecasts -0.16% over 6 bars,signal,1.113,-2.462,-1.516,0.72,-0.39,2.503,-0.1086,-0.189,0.654,0.048,11.58,Wed
ar_forecast,COIN,2026-08-12,2026-08-12 11:40:00-04:00,148.1087,2026-08-12 12:10:00-04:00,148.4092,67,short,-20.13,-0.2029,30.0,AR(12) forecasts -0.16% over 6 bars,signal,1.009,-1.327,-0.608,0.62,-0.376,3.355,-0.0508,-0.036,0.676,0.152,11.67,Wed
ema_crossover,NVDA,2026-08-12,2026-08-12 12:00:00-04:00,222.9135,2026-08-12 12:10:00-04:00,223.7268,44,short,-35.79,-0.3649,10.0,EMA9/20 cross down below VWAP,stop,1.637,0.848,-0.055,0.43,-0.321,2.226,0.0179,-0.302,0.338,0.554,12.0,Wed
ar_forecast,PLTR,2026-08-12,2026-08-12 11:50:00-04:00,169.985,2026-08-12 12:20:00-04:00,170.8654,58,short,-51.06,-0.5179,30.0,AR(12) forecasts -0.16% over 6 bars,signal,-0.446,-2.392,-0.323,0.31,-0.352,3.287,-0.0339,-0.126,0.6,0.244,11.83,Wed
rsi2_reversion,PLTR,2026-08-12,2026-08-12 11:55:00-04:00,170.0199,2026-08-12 12:35:00-04:00,170.6753,58,short,-38.01,-0.3855,40.0,RSI(2)=91 rip below VWAP,signal,-0.446,-2.372,-0.3,0.39,-0.346,3.228,-0.0303,-0.127,0.572,0.249,11.92,Wed
rsi2_reversion,TSLA,2026-08-12,2026-08-12 11:55:00-04:00,325.2623,2026-08-12 12:40:00-04:00,326.9034,30,short,-49.23,-0.5045,45.0,RSI(2)=95 rip below VWAP,signal,0.67,-2.907,-0.555,0.67,-0.346,1.864,-0.056,-0.199,0.422,0.137,11.92,Wed
vwap_pullback,PLTR,2026-08-12,2026-08-12 10:20:00-04:00,169.5751,2026-08-12 12:45:00-04:00,171.9044,58,short,-135.1,-1.3736,145.0,rejection at session VWAP 171.30,stop,-0.446,-2.627,-0.965,0.42,-0.225,4.969,-0.1121,-0.173,1.37,0.112,10.33,Wed
high_break_trail,PLTR,2026-08-12,2026-08-12 10:45:00-04:00,168.4957,2026-08-12 12:50:00-04:00,172.3464,59,short,-227.19,-2.2853,125.0,"break of first-hour low 168.88, 2.0xATR trail",stop,-0.446,-3.247,-1.384,0.64,-0.262,4.242,-0.1105,-0.217,1.102,0.023,10.75,Wed
squeeze_breakout,NVDA,2026-08-12,2026-08-12 12:35:00-04:00,222.6986,2026-08-12 12:50:00-04:00,223.57,44,short,-38.34,-0.3913,15.0,squeeze breakdown below lower band 222.84,stop,1.637,0.75,-0.162,0.45,-0.252,2.05,0.0086,-0.286,0.277,0.51,12.58,Wed
ema_crossover,AMD,2026-08-12,2026-08-12 11:55:00-04:00,486.2767,2026-08-12 13:00:00-04:00,488.249,20,short,-39.45,-0.4056,65.0,EMA9/20 cross down below VWAP,signal,3.038,-0.516,-0.133,0.37,-0.346,2.522,0.0185,-0.162,0.474,0.499,11.92,Wed
rsi2_reversion,COIN,2026-08-12,2026-08-12 13:00:00-04:00,148.4357,2026-08-12 13:05:00-04:00,148.3942,67,short,2.79,0.028,5.0,RSI(2)=93 rip below VWAP,signal,1.009,-1.109,-0.311,0.27,-0.214,2.668,-0.0211,-0.052,0.338,0.234,13.0,Wed
rsi2_reversion,TSLA,2026-08-12,2026-08-12 12:55:00-04:00,326.8364,2026-08-12 13:05:00-04:00,326.9534,30,short,-3.51,-0.0358,10.0,RSI(2)=90 rip below VWAP,signal,0.67,-2.437,-0.053,0.36,-0.233,1.623,-0.0148,-0.132,0.258,0.27,12.92,Wed
ema_crossover,AMD,2026-08-12,2026-08-12 13:20:00-04:00,486.4256,2026-08-12 13:45:00-04:00,488.9043,20,short,-49.58,-0.5096,25.0,EMA9/20 cross down below VWAP,signal,3.038,-0.486,-0.112,0.36,-0.248,2.125,0.0025,-0.166,0.265,0.513,13.33,Wed
ema_crossover,COIN,2026-08-12,2026-08-12 13:05:00-04:00,148.2458,2026-08-12 13:55:00-04:00,148.6843,67,short,-29.38,-0.2958,50.0,EMA9/20 cross down below VWAP,stop,1.009,-1.235,-0.433,0.32,-0.219,2.643,-0.0207,-0.048,0.327,0.186,13.08,Wed
rsi2_reversion,PLTR,2026-08-12,2026-08-12 13:50:00-04:00,172.2461,2026-08-12 14:00:00-04:00,172.4138,58,long,9.72,0.0973,10.0,RSI(2)=9 dip above VWAP,signal,-0.446,-1.093,0.841,0.45,-0.253,2.643,0.0281,-0.095,0.293,0.579,13.83,Wed
ema_crossover,MSTR,2026-08-12,2026-08-12 13:55:00-04:00,95.2524,2026-08-12 14:00:00-04:00,95.4227,104,short,-17.71,-0.1788,5.0,EMA9/20 cross down below VWAP,signal,1.113,-1.952,-0.77,0.32,-0.245,2.037,-0.028,-0.136,0.289,0.199,13.92,Wed
squeeze_breakout,TSLA,2026-08-12,2026-08-12 13:35:00-04:00,325.732,2026-08-12 14:05:00-04:00,326.7664,30,short,-31.03,-0.3175,30.0,squeeze breakdown below lower band 325.99,stop,0.67,-2.767,-0.374,0.48,-0.238,1.497,-0.0085,-0.131,0.209,0.176,13.58,Wed
squeeze_breakout,AMD,2026-08-12,2026-08-12 13:45:00-04:00,488.9043,2026-08-12 14:05:00-04:00,487.0254,20,long,-37.58,-0.3843,20.0,squeeze breakout above upper band 488.58,stop,3.038,0.021,0.387,0.55,-0.247,2.04,0.0027,-0.146,0.241,0.742,13.75,Wed
ema_crossover,TSLA,2026-08-12,2026-08-12 13:40:00-04:00,325.6221,2026-08-12 14:10:00-04:00,326.9819,30,short,-40.79,-0.4176,30.0,EMA9/20 cross down below VWAP,stop,0.67,-2.799,-0.406,0.72,-0.236,1.487,-0.0082,-0.131,0.203,0.167,13.67,Wed
rsi2_reversion,NVDA,2026-08-12,2026-08-12 13:55:00-04:00,223.7118,2026-08-12 14:15:00-04:00,223.848,44,long,5.99,0.0609,20.0,RSI(2)=9 dip above VWAP,signal,1.637,1.209,0.244,0.53,-0.245,1.803,0.008,-0.282,0.188,0.717,13.92,Wed
rsi2_reversion,TSLA,2026-08-12,2026-08-12 14:05:00-04:00,326.2768,2026-08-12 14:20:00-04:00,326.3331,30,short,-1.69,-0.0173,15.0,RSI(2)=91 rip below VWAP,signal,0.67,-2.604,-0.194,0.53,-0.235,1.432,-0.0064,-0.117,0.19,0.222,14.08,Wed
rsi2_reversion,MSTR,2026-08-12,2026-08-12 14:15:00-04:00,95.6161,2026-08-12 14:20:00-04:00,95.3777,104,short,24.79,0.2493,5.0,RSI(2)=90 rip below VWAP,signal,1.113,-1.578,-0.372,0.69,-0.204,2.016,-0.0236,-0.141,0.288,0.31,14.25,Wed
rsi2_reversion,COIN,2026-08-12,2026-08-12 14:10:00-04:00,148.6057,2026-08-12 14:20:00-04:00,148.4592,67,short,9.81,0.0986,10.0,RSI(2)=94 rip below VWAP,signal,1.009,-0.996,-0.157,0.55,-0.207,2.369,-0.0113,-0.065,0.25,0.276,14.17,Wed
ema_crossover,TSLA,2026-08-12,2026-08-12 14:20:00-04:00,326.0069,2026-08-12 14:25:00-04:00,326.5525,30,short,-16.37,-0.1674,5.0,EMA9/20 cross down below VWAP,signal,0.67,-2.684,-0.274,0.39,-0.192,1.398,-0.0054,-0.119,0.181,0.2,14.33,Wed
ema_crossover,MSTR,2026-08-12,2026-08-12 14:25:00-04:00,95.1574,2026-08-12 14:35:00-04:00,95.7579,105,short,-63.05,-0.631,10.0,EMA9/20 cross down below VWAP,signal,1.113,-2.05,-0.836,0.77,-0.209,1.996,-0.0225,-0.134,0.275,0.17,14.42,Wed
vwap_pullback,AMD,2026-08-12,2026-08-12 11:15:00-04:00,489.7548,2026-08-12 14:55:00-04:00,485.1266,20,long,-92.56,-0.945,220.0,bounce off session VWAP 486.83,stop,3.038,0.195,0.594,0.44,-0.337,2.809,0.0552,-0.181,0.673,0.821,11.25,Wed
vwap_pullback,COIN,2026-08-12,2026-08-12 10:30:00-04:00,149.1173,2026-08-12 15:05:00-04:00,150.0923,67,short,-65.33,-0.6539,275.0,rejection at session VWAP 149.57,stop,1.009,-0.655,-0.268,0.34,-0.341,4.711,-0.0265,-0.048,1.25,0.299,10.5,Wed
ema_crossover,NVDA,2026-08-12,2026-08-12 13:00:00-04:00,223.9119,2026-08-12 15:10:00-04:00,223.6081,44,long,-13.37,-0.1357,130.0,EMA9/20 cross up above VWAP,signal,1.637,1.299,0.367,0.45,-0.214,1.987,0.0076,-0.281,0.254,0.758,13.0,Wed
rsi2_reversion,AMD,2026-08-12,2026-08-12 14:15:00-04:00,487.3585,2026-08-12 15:35:00-04:00,482.2437,20,long,-102.3,-1.0495,80.0,RSI(2)=5 dip above VWAP,stop,3.038,-0.295,0.057,0.51,-0.204,1.981,0.0029,-0.132,0.227,0.599,14.25,Wed
high_break_trail,NVDA,2026-08-12,2026-08-12 10:45:00-04:00,224.9224,2026-08-12 15:40:00-04:00,222.1551,44,long,-121.76,-1.2303,295.0,"break of first-hour high 224.73, 2.0xATR trail",stop,1.637,1.756,0.938,0.57,-0.262,2.875,0.1001,-0.499,0.609,0.964,10.75,Wed
vwap_pullback,NVDA,2026-08-12,2026-08-12 12:05:00-04:00,223.3216,2026-08-12 15:40:00-04:00,222.2551,44,long,-46.92,-0.4775,215.0,bounce off session VWAP 223.04,stop,1.637,1.032,0.126,0.49,-0.305,2.192,0.0165,-0.298,0.326,0.637,12.08,Wed
rsi2_reversion,NVDA,2026-08-12,2026-08-12 15:15:00-04:00,223.6318,2026-08-12 15:50:00-04:00,222.7786,44,long,-37.54,-0.3815,35.0,RSI(2)=9 dip above VWAP,signal,1.637,1.173,0.175,0.53,-0.202,1.619,0.0054,-0.264,0.15,0.7,15.25,Wed
vwap_pullback,AMD,2026-08-12,2026-08-12 15:00:00-04:00,485.4272,2026-08-12 15:55:00-04:00,483.0314,20,short,47.92,0.4935,55.0,rejection at session VWAP 487.03,eod,3.038,-0.69,-0.325,0.56,-0.188,1.863,-0.0012,-0.119,0.2,0.421,15.0,Wed
orb,AMD,2026-08-12,2026-08-12 10:25:00-04:00,489.9399,2026-08-12 15:55:00-04:00,482.5486,20,long,-147.82,-1.5086,330.0,break of opening range high 488.80,eod,3.038,0.233,0.834,0.74,-0.247,3.092,0.1161,-0.341,0.975,0.882,10.42,Wed
high_break_trail,COIN,2026-08-12,2026-08-12 10:55:00-04:00,147.7386,2026-08-12 15:55:00-04:00,149.1344,67,short,-93.52,-0.9448,300.0,"break of first-hour low 148.10, 2.0xATR trail",eod,1.009,-1.573,-1.014,0.4,-0.321,3.962,-0.0726,-0.041,0.989,0.026,10.92,Wed
vwap_pullback,MSTR,2026-08-12,2026-08-12 15:15:00-04:00,95.4423,2026-08-12 15:55:00-04:00,94.8574,104,short,60.82,0.6128,40.0,rejection at session VWAP 95.93,eod,1.113,-1.757,-0.5,0.5,-0.202,1.982,-0.0142,-0.119,0.276,0.257,15.25,Wed
orb,COIN,2026-08-12,2026-08-12 10:40:00-04:00,148.1059,2026-08-12 15:55:00-04:00,149.1344,67,short,-68.91,-0.6945,315.0,break of opening range low 148.26,eod,1.009,-1.329,-0.851,0.93,-0.213,4.341,-0.0538,-0.049,1.132,0.107,10.67,Wed
squeeze_breakout,TSLA,2026-08-12,2026-08-12 14:55:00-04:00,327.4797,2026-08-12 15:55:00-04:00,327.2863,30,long,-5.8,-0.0591,60.0,squeeze breakout above upper band 327.07,eod,0.67,-2.245,0.178,0.62,-0.213,1.354,-0.0025,-0.107,0.172,0.324,14.92,Wed
high_break_trail,MSTR,2026-08-12,2026-08-12 10:35:00-04:00,95.6588,2026-08-12 15:55:00-04:00,94.8574,104,short,83.35,0.8378,320.0,"break of first-hour low 96.00, 2.0xATR trail",eod,1.113,-1.534,-1.121,0.87,-0.248,2.92,-0.1093,-0.218,0.948,0.163,10.58,Wed
vwap_pullback,TSLA,2026-08-12,2026-08-12 13:05:00-04:00,326.6266,2026-08-12 15:55:00-04:00,327.6137,30,short,-29.61,-0.3022,170.0,rejection at session VWAP 327.01,eod,0.67,-2.5,-0.116,0.47,-0.219,1.586,-0.0118,-0.132,0.242,0.252,13.08,Wed
orb,PLTR,2026-08-12,2026-08-12 09:55:00-04:00,169.6951,2026-08-12 15:55:00-04:00,171.1705,58,short,-85.58,-0.8695,360.0,break of opening range low 170.42,eod,-0.446,-2.558,-1.158,0.83,-0.274,4.227,-0.3728,-0.841,1.65,0.098,9.92,Wed
orb,MSTR,2026-08-12,2026-08-12 10:05:00-04:00,96.2519,2026-08-12 15:55:00-04:00,94.8574,103,short,143.63,1.4488,350.0,break of opening range low 96.41,eod,1.113,-0.923,-0.719,0.91,-0.298,3.261,-0.0727,-0.605,1.159,0.134,10.08,Wed
orb,NVDA,2026-08-12,2026-08-12 09:50:00-04:00,223.1915,2026-08-12 15:55:00-04:00,224.0179,44,long,36.36,0.3703,365.0,break of opening range high 222.45,eod,1.637,0.973,0.645,0.83,-0.27,4.629,0.1692,-0.441,0.916,0.918,9.83,Wed
orb,TSLA,2026-08-12,2026-08-12 09:55:00-04:00,327.5693,2026-08-12 15:55:00-04:00,327.6137,30,short,-1.33,-0.0136,360.0,break of opening range low 329.06,eod,0.67,-2.218,-0.766,0.84,-0.274,2.38,-0.1707,-0.939,1.243,0.076,9.92,Wed
high_break_trail,TSLA,2026-08-12,2026-08-12 10:35:00-04:00,324.6876,2026-08-12 15:55:00-04:00,327.6137,30,short,-87.78,-0.9012,320.0,"break of first-hour low 325.44, 2.0xATR trail",eod,0.67,-3.078,-1.144,1.24,-0.248,2.205,-0.1245,-0.543,0.864,0.048,10.58,Wed
vwap_pullback,NVDA,2026-08-13,2026-08-13 10:10:00-04:00,226.3411,2026-08-13 10:45:00-04:00,224.8321,44,long,-66.4,-0.6667,35.0,bounce off session VWAP 225.62,stop,0.413,0.571,0.31,0.48,0.47,1.779,0.0461,-0.063,0.849,0.713,10.17,Thu
ar_forecast,AMD,2026-08-13,2026-08-13 10:35:00-04:00,495.947,2026-08-13 11:00:00-04:00,495.0474,20,short,17.99,0.1814,25.0,AR(12) forecasts -0.43% over 6 bars,signal,0.055,2.669,0.798,0.7,0.541,4.759,0.0425,-0.149,0.909,0.959,10.58,Thu
ar_forecast,MSTR,2026-08-13,2026-08-13 10:35:00-04:00,98.3258,2026-08-13 11:05:00-04:00,97.6788,101,short,65.35,0.658,30.0,AR(12) forecasts -0.76% over 6 bars,signal,0.021,3.686,1.094,0.58,0.541,3.286,0.1399,0.133,1.295,0.88,10.58,Thu
rsi2_reversion,PLTR,2026-08-13,2026-08-13 10:35:00-04:00,175.4377,2026-08-13 11:15:00-04:00,173.5965,57,long,-104.95,-1.0495,40.0,RSI(2)=9 dip above VWAP,stop,1.517,1.012,0.159,0.72,0.541,3.568,0.0673,0.231,0.977,0.695,10.58,Thu
ar_forecast,AMD,2026-08-13,2026-08-13 11:05:00-04:00,494.3431,2026-08-13 11:20:00-04:00,494.2278,20,long,-2.31,-0.0233,15.0,AR(12) forecasts +0.16% over 6 bars,signal,0.055,2.337,0.352,1.08,0.305,3.975,0.0327,-0.126,0.741,0.786,11.08,Thu
ar_forecast,MSTR,2026-08-13,2026-08-13 11:10:00-04:00,97.3209,2026-08-13 11:20:00-04:00,97.2186,102,short,10.44,0.1051,10.0,AR(12) forecasts -0.19% over 6 bars,signal,0.021,2.627,-0.018,0.51,0.29,3.257,0.0321,0.237,1.021,0.66,11.17,Thu
rsi2_reversion,MSTR,2026-08-13,2026-08-13 11:05:00-04:00,97.6788,2026-08-13 11:20:00-04:00,96.6537,102,long,-104.56,-1.0495,15.0,RSI(2)=7 dip above VWAP,stop,0.021,3.004,0.345,0.37,0.305,3.267,0.048,0.204,1.053,0.738,11.08,Thu
ar_forecast,COIN,2026-08-13,2026-08-13 10:55:00-04:00,149.6298,2026-08-13 11:25:00-04:00,148.1559,66,long,-97.28,-0.985,30.0,AR(12) forecasts +0.27% over 6 bars,signal,0.027,0.355,-0.978,1.05,0.373,3.118,-0.0881,-0.323,1.011,0.197,10.92,Thu
ar_forecast,COIN,2026-08-13,2026-08-13 11:30:00-04:00,148.114,2026-08-13 12:00:00-04:00,147.5662,67,long,-36.7,-0.3699,30.0,AR(12) forecasts +0.30% over 6 bars,signal,0.027,-0.661,-1.572,1.48,0.111,3.136,-0.1091,-0.331,0.809,0.022,11.5,Thu
rsi2_reversion,PLTR,2026-08-13,2026-08-13 11:45:00-04:00,174.7926,2026-08-13 12:10:00-04:00,175.3476,57,short,-31.64,-0.3176,25.0,RSI(2)=92 rip below VWAP,signal,1.517,0.641,-0.092,0.64,0.134,2.795,-0.0246,0.19,0.555,0.551,11.75,Thu
rsi2_reversion,NVDA,2026-08-13,2026-08-13 12:10:00-04:00,224.9775,2026-08-13 12:40:00-04:00,225.2627,44,short,-12.55,-0.1268,30.0,RSI(2)=91 rip below VWAP,signal,0.413,-0.034,-0.166,0.49,0.106,1.442,-0.0234,0.092,0.333,0.36,12.17,Thu
orb,MSTR,2026-08-13,2026-08-13 10:20:00-04:00,98.7193,2026-08-13 12:45:00-04:00,94.2728,101,long,-449.1,-4.5042,145.0,break of opening range high 98.06,stop,0.021,4.101,1.66,0.94,0.537,3.386,0.1736,0.061,1.408,0.967,10.33,Thu
ema_crossover,AMD,2026-08-13,2026-08-13 11:55:00-04:00,490.7545,2026-08-13 13:05:00-04:00,494.4971,20,short,-74.85,-0.7626,70.0,EMA9/20 cross down below VWAP,signal,0.055,1.594,-0.426,0.57,0.08,3.473,0.002,-0.076,0.564,0.574,11.92,Thu
high_break_trail,NVDA,2026-08-13,2026-08-13 11:35:00-04:00,223.6781,2026-08-13 13:10:00-04:00,225.7556,44,short,-91.41,-0.9288,95.0,"break of first-hour low 224.13, 2.0xATR trail",stop,0.413,-0.612,-0.776,0.71,0.141,1.455,-0.0295,0.017,0.414,-0.009,11.58,Thu
squeeze_breakout,AMD,2026-08-13,2026-08-13 13:10:00-04:00,494.6072,2026-08-13 13:50:00-04:00,492.4105,20,long,-43.93,-0.4441,40.0,squeeze breakout above upper band 494.35,stop,0.055,2.391,0.343,0.36,0.299,2.95,-0.0031,-0.064,0.341,0.801,13.17,Thu
rsi2_reversion,COIN,2026-08-13,2026-08-13 13:10:00-04:00,148.1459,2026-08-13 14:00:00-04:00,149.2596,67,short,-74.62,-0.7518,50.0,RSI(2)=94 rip below VWAP,signal,0.027,-0.64,-1.024,0.32,0.299,2.611,-0.0725,-0.182,0.415,0.195,13.17,Thu
vwap_pullback,AMD,2026-08-13,2026-08-13 10:30:00-04:00,495.1124,2026-08-13 14:05:00-04:00,489.963,20,long,-102.99,-1.04,215.0,bounce off session VWAP 491.68,stop,0.055,2.496,0.652,0.86,0.561,4.847,0.041,-0.138,0.943,0.906,10.5,Thu
rsi2_reversion,MSTR,2026-08-13,2026-08-13 14:05:00-04:00,95.0824,2026-08-13 14:10:00-04:00,94.9299,105,short,16.01,0.1604,5.0,RSI(2)=93 rip below VWAP,signal,0.021,0.266,-1.46,0.31,0.253,2.658,-0.0736,0.091,0.43,0.175,14.08,Thu
vwap_pullback,PLTR,2026-08-13,2026-08-13 11:55:00-04:00,175.2726,2026-08-13 14:30:00-04:00,176.8561,57,long,90.26,0.9035,155.0,bounce off session VWAP 174.96,target,1.517,0.917,0.177,0.69,0.08,2.695,-0.0183,0.189,0.513,0.658,11.92,Thu
rsi2_reversion,PLTR,2026-08-13,2026-08-13 14:30:00-04:00,175.9429,2026-08-13 14:35:00-04:00,176.9215,56,long,54.8,0.5562,5.0,RSI(2)=9 dip above VWAP,signal,1.517,1.303,0.389,0.41,0.305,2.217,0.0136,0.065,0.285,0.724,14.5,Thu
squeeze_breakout,PLTR,2026-08-13,2026-08-13 13:25:00-04:00,176.1781,2026-08-13 14:40:00-04:00,177.8015,56,long,90.91,0.9214,75.0,squeeze breakout above upper band 175.98,target,1.517,1.438,0.64,0.4,0.289,2.32,0.0048,0.114,0.309,0.861,13.42,Thu
rsi2_reversion,AMD,2026-08-13,2026-08-13 14:35:00-04:00,490.7145,2026-08-13 14:40:00-04:00,490.1609,20,short,11.07,0.1128,5.0,RSI(2)=90 rip below VWAP,signal,0.055,1.586,-0.439,0.6,0.327,2.588,-0.0073,-0.059,0.239,0.572,14.58,Thu
high_break_trail,COIN,2026-08-13,2026-08-13 11:15:00-04:00,148.1959,2026-08-13 14:40:00-04:00,149.7762,67,short,-105.88,-1.0664,205.0,"break of first-hour low 148.77, 2.0xATR trail",stop,0.027,-0.606,-1.694,1.07,0.297,3.175,-0.1054,-0.312,0.901,0.01,11.25,Thu
ema_crossover,MSTR,2026-08-13,2026-08-13 11:20:00-04:00,97.1214,2026-08-13 14:55:00-04:00,95.9378,102,short,120.72,1.2186,215.0,EMA9/20 cross down below VWAP,signal,0.021,2.416,-0.203,0.47,0.264,3.297,0.0066,0.186,0.952,0.616,11.33,Thu
squeeze_breakout,COIN,2026-08-13,2026-08-13 14:45:00-04:00,149.7949,2026-08-13 15:00:00-04:00,151.4163,66,long,107.02,1.0825,15.0,squeeze breakout above upper band 149.71,target,0.027,0.466,0.122,0.5,0.372,2.417,-0.0263,-0.064,0.306,0.462,14.75,Thu
rsi2_reversion,MSTR,2026-08-13,2026-08-13 14:50:00-04:00,95.3423,2026-08-13 15:00:00-04:00,96.3439,104,short,-104.16,-1.0505,10.0,RSI(2)=97 rip below VWAP,stop,0.021,0.54,-1.075,0.75,0.387,2.615,-0.061,0.146,0.397,0.231,14.83,Thu
news_momentum,TSLA,2026-08-13,2026-08-13 14:25:00-04:00,338.4091,2026-08-13 15:10:00-04:00,341.3566,29,long,85.48,0.871,45.0,fresh headline <45m + breakout on volume,target,-0.037,3.385,1.473,1.82,0.272,1.519,0.0316,-0.098,0.215,0.984,14.42,Thu
vwap_pullback,COIN,2026-08-13,2026-08-13 14:50:00-04:00,150.5352,2026-08-13 15:40:00-04:00,153.2012,66,long,175.95,1.771,50.0,bounce off session VWAP 149.61,target,0.027,0.963,0.58,1.59,0.387,2.444,-0.0233,-0.016,0.325,0.582,14.83,Thu
orb,COIN,2026-08-13,2026-08-13 11:15:00-04:00,148.1959,2026-08-13 15:40:00-04:00,153.1966,67,short,-335.05,-3.3744,265.0,break of opening range low 148.77,stop,0.027,-0.606,-1.694,1.07,0.297,3.175,-0.1054,-0.312,0.901,0.01,11.25,Thu
ar_forecast,PLTR,2026-08-13,2026-08-13 15:15:00-04:00,178.6288,2026-08-13 15:45:00-04:00,179.9099,55,short,-70.46,-0.7172,30.0,AR(12) forecasts -0.18% over 6 bars,signal,1.517,2.849,1.62,0.97,0.423,2.203,0.0261,0.118,0.303,0.921,15.25,Thu
orb,AMD,2026-08-13,2026-08-13 10:00:00-04:00,496.168,2026-08-13 15:55:00-04:00,482.8472,20,long,-266.42,-2.6847,355.0,break of opening range high 495.56,eod,0.055,2.715,0.988,0.72,0.433,5.827,0.1751,-0.467,1.142,0.981,10.0,Thu
ema_crossover,PLTR,2026-08-13,2026-08-13 11:55:00-04:00,175.2726,2026-08-13 15:55:00-04:00,178.9105,57,long,207.36,2.0756,240.0,EMA9/20 cross up above VWAP,eod,1.517,0.917,0.177,0.69,0.08,2.695,-0.0183,0.189,0.513,0.658,11.92,Thu
squeeze_breakout,TSLA,2026-08-13,2026-08-13 14:15:00-04:00,338.0605,2026-08-13 15:55:00-04:00,339.9,29,long,53.35,0.5441,100.0,squeeze breakout above upper band 337.39,eod,-0.037,3.278,1.428,1.13,0.268,1.544,0.0306,-0.096,0.221,1.006,14.25,Thu
high_break_trail,TSLA,2026-08-13,2026-08-13 10:45:00-04:00,333.8718,2026-08-13 15:55:00-04:00,339.9,29,long,174.82,1.8055,310.0,"break of first-hour high 333.71, 2.0xATR trail",eod,-0.037,1.999,0.789,0.58,0.363,2.14,0.0828,-0.205,0.586,0.964,10.75,Thu
orb,PLTR,2026-08-13,2026-08-13 09:50:00-04:00,176.078,2026-08-13 15:55:00-04:00,178.9105,56,long,158.62,1.6087,365.0,break of opening range high 175.95,eod,1.517,1.381,0.88,0.85,0.294,4.969,0.4416,-0.31,1.495,0.931,9.83,Thu
vwap_pullback,MSTR,2026-08-13,2026-08-13 15:10:00-04:00,96.9885,2026-08-13 15:55:00-04:00,96.9915,103,long,0.31,0.0031,45.0,bounce off session VWAP 96.38,eod,0.021,2.276,0.624,2.0,0.399,2.699,-0.0489,0.147,0.435,0.59,15.17,Thu
ema_crossover,AMD,2026-08-13,2026-08-13 14:00:00-04:00,492.0638,2026-08-13 15:55:00-04:00,483.3303,20,short,174.67,1.7749,115.0,EMA9/20 cross down below VWAP,eod,0.055,1.865,-0.19,0.35,0.263,2.724,-0.0017,-0.062,0.27,0.652,14.0,Thu
orb,NVDA,2026-08-13,2026-08-13 11:35:00-04:00,223.6781,2026-08-13 15:55:00-04:00,225.4827,44,short,-79.4,-0.8068,260.0,break of opening range low 224.13,eod,0.413,-0.612,-0.776,0.71,0.141,1.455,-0.0295,0.017,0.414,-0.009,11.58,Thu
ema_crossover,NVDA,2026-08-13,2026-08-13 12:35:00-04:00,225.5527,2026-08-13 15:55:00-04:00,225.2573,44,long,-13.0,-0.131,200.0,EMA9/20 cross up above VWAP,eod,0.413,0.221,0.095,0.38,0.183,1.383,-0.015,0.086,0.279,0.524,12.58,Thu
orb,TSLA,2026-08-13,2026-08-13 09:55:00-04:00,332.6662,2026-08-13 15:55:00-04:00,339.9,30,long,217.01,2.1745,360.0,break of opening range high 331.69,eod,-0.037,1.63,0.82,0.77,0.354,3.072,0.2536,-0.519,0.912,0.907,9.92,Thu
squeeze_breakout,AMD,2026-08-13,2026-08-13 15:25:00-04:00,487.2462,2026-08-13 15:55:00-04:00,483.3303,20,short,78.32,0.8037,30.0,squeeze breakdown below lower band 487.64,eod,0.055,0.868,-1.067,0.83,0.408,2.484,-0.0127,-0.091,0.259,0.368,15.42,Thu
vwap_pullback,NVDA,2026-08-13,2026-08-13 12:30:00-04:00,225.4127,2026-08-13 15:55:00-04:00,225.2573,44,long,-6.84,-0.0689,205.0,bounce off session VWAP 225.34,eod,0.413,0.159,0.032,0.44,0.228,1.392,-0.0163,0.098,0.284,0.484,12.5,Thu
high_break_trail,PLTR,2026-08-13,2026-08-13 14:35:00-04:00,177.0985,2026-08-13 15:55:00-04:00,178.9105,56,long,101.47,1.0232,80.0,"break of first-hour high 176.80, 2.0xATR trail",eod,1.517,1.968,1.012,2.51,0.327,2.246,0.0151,0.125,0.3,0.875,14.58,Thu
ar_forecast,AMD,2026-08-14,2026-08-14 10:35:00-04:00,506.0169,2026-08-14 10:35:00-04:00,511.3326,19,short,-101.0,-1.0505,0.0,AR(12) forecasts -0.59% over 6 bars,stop,0.934,3.777,1.566,0.68,-0.146,4.732,0.3126,-0.111,1.095,0.807,10.58,Fri
rsi2_reversion,MSTR,2026-08-14,2026-08-14 10:40:00-04:00,93.2633,2026-08-14 10:45:00-04:00,92.6763,107,short,62.81,0.6294,5.0,RSI(2)=91 rip below VWAP,signal,-2.308,-1.621,-0.27,0.3,-0.181,3.151,-0.1087,-0.099,1.091,0.343,10.67,Fri
vwap_pullback,NVDA,2026-08-14,2026-08-14 10:20:00-04:00,224.9475,2026-08-14 10:45:00-04:00,226.9402,44,short,-87.68,-0.8859,25.0,rejection at session VWAP 226.15,stop,0.635,-0.817,-0.493,0.78,-0.13,1.381,-0.0433,0.233,0.487,0.15,10.33,Fri
orb,TSLA,2026-08-14,2026-08-14 09:50:00-04:00,348.5042,2026-08-14 10:50:00-04:00,341.839,28,long,-186.62,-1.9125,60.0,break of opening range high 347.80,stop,0.665,1.804,0.598,0.87,-0.009,1.202,0.2779,-0.634,0.941,0.815,9.83,Fri
ar_forecast,AMD,2026-08-14,2026-08-14 10:40:00-04:00,510.6646,2026-08-14 10:55:00-04:00,504.7122,19,short,113.09,1.1656,15.0,AR(12) forecasts -0.72% over 6 bars,signal,0.934,4.73,2.411,1.15,-0.181,5.52,0.2879,-0.24,1.094,0.971,10.67,Fri
ar_forecast,COIN,2026-08-14,2026-08-14 10:35:00-04:00,148.9845,2026-08-14 10:55:00-04:00,148.4258,67,long,-37.43,-0.375,20.0,AR(12) forecasts +0.25% over 6 bars,signal,-1.624,-1.595,-0.668,1.07,-0.146,3.434,-0.1378,0.114,0.819,0.177,10.58,Fri
ar_forecast,MSTR,2026-08-14,2026-08-14 10:45:00-04:00,92.5837,2026-08-14 11:00:00-04:00,92.066,108,short,55.91,0.5591,15.0,AR(12) forecasts -0.45% over 6 bars,signal,-2.308,-2.338,-0.959,0.58,-0.164,3.04,-0.1092,-0.049,1.046,0.096,10.75,Fri
ar_forecast,TSLA,2026-08-14,2026-08-14 10:35:00-04:00,344.8975,2026-08-14 11:05:00-04:00,340.5952,28,short,120.46,1.2474,30.0,AR(12) forecasts -0.31% over 6 bars,signal,0.665,0.75,-0.643,0.56,-0.146,2.918,-0.0471,0.35,0.722,0.312,10.58,Fri
ar_forecast,COIN,2026-08-14,2026-08-14 11:00:00-04:00,148.3408,2026-08-14 11:10:00-04:00,149.0295,67,short,-46.14,-0.4643,10.0,AR(12) forecasts -0.17% over 6 bars,signal,-1.624,-2.021,-0.96,0.74,-0.206,3.002,-0.1,0.034,0.68,0.052,11.0,Fri
ar_forecast,PLTR,2026-08-14,2026-08-14 10:40:00-04:00,176.4882,2026-08-14 11:10:00-04:00,176.5917,56,long,5.79,0.0586,30.0,AR(12) forecasts +0.19% over 6 bars,signal,0.291,-1.689,-0.816,1.1,-0.181,2.614,-0.0956,-0.308,0.677,0.064,10.67,Fri
ar_forecast,MSTR,2026-08-14,2026-08-14 11:10:00-04:00,92.4162,2026-08-14 11:20:00-04:00,92.5987,108,long,19.71,0.1975,10.0,AR(12) forecasts +0.22% over 6 bars,signal,-2.308,-2.515,-0.929,0.38,-0.268,3.022,-0.1002,0.1,0.846,0.188,11.17,Fri
high_break_trail,AMD,2026-08-14,2026-08-14 10:35:00-04:00,506.5231,2026-08-14 11:20:00-04:00,499.9821,19,long,-124.28,-1.2913,45.0,"break of first-hour high 505.99, 2.0xATR trail",stop,0.934,3.881,1.667,0.68,-0.146,4.732,0.3126,-0.111,1.095,0.825,10.58,Fri
rsi2_reversion,COIN,2026-08-14,2026-08-14 11:20:00-04:00,149.1754,2026-08-14 11:25:00-04:00,149.0345,67,short,9.44,0.0944,5.0,RSI(2)=90 rip below VWAP,signal,-1.624,-1.469,-0.369,0.43,-0.326,2.804,-0.0665,0.111,0.567,0.238,11.33,Fri
ar_forecast,TSLA,2026-08-14,2026-08-14 11:10:00-04:00,339.1403,2026-08-14 11:40:00-04:00,337.184,29,short,56.73,0.5769,30.0,AR(12) forecasts -0.16% over 6 bars,signal,0.665,-0.932,-1.934,0.51,-0.268,2.786,-0.1406,0.263,0.621,0.054,11.17,Fri
rsi2_reversion,MSTR,2026-08-14,2026-08-14 11:15:00-04:00,92.6986,2026-08-14 11:40:00-04:00,93.6724,107,short,-104.2,-1.0505,25.0,RSI(2)=92 rip below VWAP,stop,-2.308,-2.217,-0.617,0.35,-0.25,2.945,-0.0915,0.088,0.816,0.275,11.25,Fri
high_break_trail,MSTR,2026-08-14,2026-08-14 10:55:00-04:00,92.004,2026-08-14 11:45:00-04:00,93.7133,108,short,-184.61,-1.8579,50.0,"break of first-hour low 92.32, 2.0xATR trail",stop,-2.308,-2.949,-1.433,0.7,-0.231,2.937,-0.119,-0.056,0.971,0.062,10.92,Fri
rsi2_reversion,PLTR,2026-08-14,2026-08-14 11:30:00-04:00,177.1514,2026-08-14 11:50:00-04:00,177.3486,56,short,-11.05,-0.1113,20.0,RSI(2)=94 rip below VWAP,signal,0.291,-1.319,-0.328,0.59,-0.304,2.2,-0.0415,-0.273,0.444,0.237,11.5,Fri
rsi2_reversion,AMD,2026-08-14,2026-08-14 11:25:00-04:00,500.6902,2026-08-14 12:05:00-04:00,498.4507,19,long,-42.55,-0.4473,40.0,RSI(2)=3 dip above VWAP,signal,0.934,2.685,0.221,0.52,-0.288,4.872,0.1043,0.033,0.763,0.619,11.42,Fri
high_break_trail,TSLA,2026-08-14,2026-08-14 10:55:00-04:00,341.4094,2026-08-14 12:10:00-04:00,340.1692,29,short,35.97,0.3633,75.0,"break of first-hour low 342.01, 2.0xATR trail",stop,0.665,-0.269,-1.465,0.48,-0.231,2.95,-0.1125,0.233,0.659,0.045,10.92,Fri
ema_crossover,AMD,2026-08-14,2026-08-14 11:50:00-04:00,496.7415,2026-08-14 12:20:00-04:00,501.5785,20,short,-96.74,-0.9737,30.0,EMA9/20 cross down below VWAP,stop,0.934,1.875,-0.547,0.49,-0.311,4.578,0.0383,0.056,0.644,0.479,11.83,Fri
rsi2_reversion,TSLA,2026-08-14,2026-08-14 11:55:00-04:00,338.2858,2026-08-14 12:35:00-04:00,340.055,29,short,-51.31,-0.523,40.0,RSI(2)=93 rip below VWAP,signal,0.665,-1.181,-1.693,0.46,-0.298,2.599,-0.1412,0.209,0.495,0.186,11.92,Fri
rsi2_reversion,NVDA,2026-08-14,2026-08-14 12:05:00-04:00,225.2973,2026-08-14 12:35:00-04:00,225.2926,44,short,0.21,0.0021,30.0,RSI(2)=91 rip below VWAP,signal,0.635,-0.663,-0.251,0.62,-0.295,1.462,-0.0119,-0.057,0.281,0.267,12.08,Fri
rsi2_reversion,COIN,2026-08-14,2026-08-14 12:45:00-04:00,150.6314,2026-08-14 12:50:00-04:00,150.8995,66,long,17.7,0.178,5.0,RSI(2)=10 dip above VWAP,signal,-1.624,-0.508,0.508,0.5,-0.309,2.488,0.0159,0.127,0.396,0.564,12.75,Fri
orb,MSTR,2026-08-14,2026-08-14 10:05:00-04:00,92.9535,2026-08-14 13:20:00-04:00,95.1175,107,short,-231.55,-2.3281,195.0,break of opening range low 93.28,stop,-2.308,-1.948,-0.871,0.98,-0.003,2.391,-0.2113,-0.34,1.429,0.167,10.08,Fri
rsi2_reversion,NVDA,2026-08-14,2026-08-14 13:15:00-04:00,225.2173,2026-08-14 13:25:00-04:00,225.2526,44,short,-1.55,-0.0156,10.0,RSI(2)=93 rip below VWAP,signal,0.635,-0.698,-0.247,0.87,-0.331,1.269,-0.0082,-0.073,0.173,0.24,13.25,Fri
ema_crossover,COIN,2026-08-14,2026-08-14 11:50:00-04:00,150.2951,2026-08-14 13:50:00-04:00,150.0349,66,long,-17.17,-0.1731,120.0,EMA9/20 cross up above VWAP,signal,-1.624,-0.73,0.381,0.87,-0.311,2.716,-0.0234,0.214,0.476,0.489,11.83,Fri
ema_crossover,MSTR,2026-08-14,2026-08-14 11:50:00-04:00,93.5267,2026-08-14 13:55:00-04:00,93.3633,106,long,-17.33,-0.1748,125.0,EMA9/20 cross up above VWAP,signal,-2.308,-1.343,0.296,0.49,-0.311,2.902,-0.0321,0.196,0.634,0.528,11.83,Fri
rsi2_reversion,NVDA,2026-08-14,2026-08-14 13:45:00-04:00,225.3013,2026-08-14 13:55:00-04:00,225.3626,44,short,-2.7,-0.0272,10.0,RSI(2)=91 rip below VWAP,signal,0.635,-0.661,-0.198,0.38,-0.376,1.201,-0.0071,-0.07,0.148,0.268,13.75,Fri
rsi2_reversion,COIN,2026-08-14,2026-08-14 13:40:00-04:00,150.165,2026-08-14 14:20:00-04:00,149.5252,66,long,-42.23,-0.4261,40.0,RSI(2)=3 dip above VWAP,signal,-1.624,-0.816,0.12,2.1,-0.378,2.366,0.0208,0.048,0.338,0.46,13.67,Fri
rsi2_reversion,MSTR,2026-08-14,2026-08-14 13:40:00-04:00,93.9119,2026-08-14 14:20:00-04:00,93.3333,106,long,-61.33,-0.6161,40.0,RSI(2)=9 dip above VWAP,signal,-2.308,-0.937,0.451,0.46,-0.378,2.61,0.0341,0.113,0.443,0.644,13.67,Fri
squeeze_breakout,PLTR,2026-08-14,2026-08-14 14:10:00-04:00,176.2018,2026-08-14 14:25:00-04:00,175.2222,56,short,54.86,0.556,15.0,squeeze breakdown below lower band 176.43,target,0.291,-1.848,-0.749,0.51,-0.306,1.597,-0.0108,-0.206,0.174,0.039,14.17,Fri
rsi2_reversion,TSLA,2026-08-14,2026-08-14 13:40:00-04:00,340.7595,2026-08-14 14:30:00-04:00,342.0308,29,short,-36.87,-0.3731,50.0,RSI(2)=95 rip below VWAP,signal,0.665,-0.459,-0.703,0.57,-0.378,2.25,-0.055,0.178,0.301,0.341,13.67,Fri
squeeze_breakout,NVDA,2026-08-14,2026-08-14 14:30:00-04:00,224.5876,2026-08-14 14:40:00-04:00,225.3407,44,short,-33.14,-0.3353,10.0,squeeze breakdown below lower band 224.87,stop,0.635,-0.975,-0.492,1.23,-0.339,1.134,-0.0062,-0.06,0.16,0.029,14.5,Fri
vwap_pullback,MSTR,2026-08-14,2026-08-14 14:00:00-04:00,93.2534,2026-08-14 15:05:00-04:00,92.2631,107,short,105.96,1.0619,65.0,rejection at session VWAP 93.49,target,-2.308,-1.631,-0.252,0.41,-0.324,2.528,0.0263,0.126,0.39,0.443,14.0,Fri
vwap_pullback,COIN,2026-08-14,2026-08-14 14:05:00-04:00,149.6002,2026-08-14 15:10:00-04:00,148.009,66,short,105.02,1.0636,65.0,rejection at session VWAP 149.98,target,-1.624,-1.189,-0.239,0.71,-0.306,2.307,0.0143,0.047,0.343,0.333,14.08,Fri
high_break_trail,COIN,2026-08-14,2026-08-14 15:15:00-04:00,147.996,2026-08-14 15:25:00-04:00,148.9688,67,short,-65.18,-0.6573,10.0,"break of first-hour low 148.21, 2.0xATR trail",stop,-1.624,-2.248,-1.16,2.24,-0.327,2.122,-0.0039,0.046,0.29,0.029,15.25,Fri
squeeze_breakout,AMD,2026-08-14,2026-08-14 13:05:00-04:00,503.8568,2026-08-14 15:50:00-04:00,511.495,19,long,145.13,1.5159,165.0,squeeze breakout above upper band 503.57,target,0.934,3.334,0.842,0.76,-0.339,3.782,0.014,0.039,0.423,0.731,13.08,Fri
vwap_pullback,AMD,2026-08-14,2026-08-14 12:25:00-04:00,501.9208,2026-08-14 15:50:00-04:00,509.5845,19,long,145.61,1.5269,205.0,bounce off session VWAP 499.46,target,0.934,2.937,0.489,0.52,-0.235,4.143,0.0154,0.044,0.529,0.662,12.42,Fri
ema_crossover,AMD,2026-08-14,2026-08-14 12:25:00-04:00,501.9208,2026-08-14 15:55:00-04:00,514.1128,19,long,231.65,2.4291,210.0,EMA9/20 cross up above VWAP,eod,0.934,2.937,0.489,0.52,-0.235,4.143,0.0154,0.044,0.529,0.662,12.42,Fri
vwap_pullback,PLTR,2026-08-14,2026-08-14 10:10:00-04:00,176.7266,2026-08-14 15:55:00-04:00,174.127,56,short,145.58,1.471,345.0,rejection at session VWAP 178.39,eod,0.291,-1.556,-0.892,0.66,-0.033,3.235,-0.1558,-0.472,0.862,0.024,10.17,Fri
high_break_trail,PLTR,2026-08-14,2026-08-14 10:35:00-04:00,176.4019,2026-08-14 15:55:00-04:00,174.127,56,short,127.39,1.2896,320.0,"break of first-hour low 176.64, 2.0xATR trail",eod,0.291,-1.737,-0.887,0.6,-0.146,2.615,-0.1044,-0.331,0.698,0.011,10.58,Fri
vwap_pullback,NVDA,2026-08-14,2026-08-14 11:05:00-04:00,225.947,2026-08-14 15:55:00-04:00,225.2726,44,short,29.67,0.2985,290.0,rejection at session VWAP 226.04,eod,0.635,-0.376,-0.039,0.52,-0.241,1.405,0.0032,0.424,0.365,0.484,11.08,Fri
squeeze_breakout,MSTR,2026-08-14,2026-08-14 13:55:00-04:00,93.3633,2026-08-14 15:55:00-04:00,93.1065,107,short,27.47,0.275,120.0,squeeze breakdown below lower band 93.43,eod,-2.308,-1.516,-0.136,0.38,-0.348,2.552,0.0283,0.127,0.408,0.477,13.92,Fri
ema_crossover,NVDA,2026-08-14,2026-08-14 14:25:00-04:00,224.9275,2026-08-14 15:55:00-04:00,225.4927,44,short,-24.87,-0.2513,90.0,EMA9/20 cross down below VWAP,signal,0.635,-0.826,-0.345,0.52,-0.336,1.14,-0.006,-0.051,0.165,0.143,14.42,Fri
orb,COIN,2026-08-14,2026-08-14 10:10:00-04:00,148.9455,2026-08-14 15:55:00-04:00,148.5943,67,short,23.53,0.2358,345.0,break of opening range low 150.02,eod,-1.624,-1.621,-1.078,1.18,-0.033,3.297,-0.1975,0.142,0.906,0.07,10.17,Fri
orb,PLTR,2026-08-14,2026-08-14 09:55:00-04:00,177.7274,2026-08-14 15:55:00-04:00,174.127,56,short,201.62,2.0258,360.0,break of opening range low 178.01,eod,0.291,-0.999,-0.521,0.83,-0.014,2.62,-0.1006,-0.173,0.935,0.157,9.92,Fri
orb,AMD,2026-08-14,2026-08-14 09:55:00-04:00,498.7893,2026-08-14 15:55:00-04:00,514.1128,20,long,306.47,3.0721,360.0,break of opening range high 496.81,eod,0.934,2.295,1.226,0.97,-0.014,6.56,0.5522,-0.29,1.415,0.855,9.92,Fri
ema_crossover,PLTR,2026-08-14,2026-08-14 12:25:00-04:00,176.8115,2026-08-14 15:55:00-04:00,174.127,56,short,150.33,1.5183,210.0,EMA9/20 cross down below VWAP,eod,0.291,-1.509,-0.485,0.35,-0.235,1.954,-0.0118,-0.225,0.321,0.152,12.42,Fri
orb,NVDA,2026-08-14,2026-08-14 10:25:00-04:00,224.8095,2026-08-14 15:55:00-04:00,225.2726,44,short,-20.37,-0.206,330.0,break of opening range low 225.01,eod,0.635,-0.878,-0.535,0.72,-0.145,1.378,-0.0444,0.226,0.465,0.104,10.42,Fri
vwap_pullback,COIN,2026-08-17,2026-08-17 10:15:00-04:00,149.9399,2026-08-17 10:25:00-04:00,149.143,66,long,-52.59,-0.5315,10.0,bounce off session VWAP 149.67,stop,-0.182,1.14,0.176,0.52,-0.11,3.659,-0.0074,-0.667,1.488,0.67,10.25,Mon
vwap_pullback,TSLA,2026-08-17,2026-08-17 10:15:00-04:00,338.6306,2026-08-17 10:45:00-04:00,340.9804,29,short,-68.14,-0.6939,30.0,rejection at session VWAP 339.79,stop,-0.476,-0.604,-0.339,0.57,-0.11,3.939,0.0187,0.097,0.862,0.203,10.25,Mon
ar_forecast,TSLA,2026-08-17,2026-08-17 10:35:00-04:00,339.1903,2026-08-17 10:45:00-04:00,340.4201,29,short,-35.66,-0.3626,10.0,AR(12) forecasts -0.34% over 6 bars,signal,-0.476,-0.44,-0.163,0.47,-0.144,3.345,0.0011,0.013,0.724,0.303,10.58,Mon
ar_forecast,AMD,2026-08-17,2026-08-17 10:40:00-04:00,510.3897,2026-08-17 10:50:00-04:00,511.1101,19,short,-13.69,-0.1412,10.0,AR(12) forecasts -0.22% over 6 bars,signal,-0.11,-0.665,-0.211,0.51,-0.136,2.646,-0.0042,-0.269,0.973,0.426,10.67,Mon
ar_forecast,MSTR,2026-08-17,2026-08-17 10:40:00-04:00,95.857,2026-08-17 10:50:00-04:00,96.864,104,short,-104.73,-1.0505,10.0,AR(12) forecasts -0.21% over 6 bars,stop,0.183,2.818,0.438,0.45,-0.136,4.239,0.062,-0.485,1.74,0.789,10.67,Mon
ar_forecast,NVDA,2026-08-17,2026-08-17 10:35:00-04:00,226.4867,2026-08-17 11:05:00-04:00,226.5382,44,short,-2.27,-0.0227,30.0,AR(12) forecasts -0.16% over 6 bars,signal,0.382,0.206,0.202,0.72,-0.144,1.807,0.0392,-0.485,0.466,0.681,10.58,Mon
ar_forecast,PLTR,2026-08-17,2026-08-17 10:40:00-04:00,174.4327,2026-08-17 11:05:00-04:00,175.0275,57,short,-33.9,-0.3409,25.0,AR(12) forecasts -0.16% over 6 bars,signal,0.091,0.135,-0.08,0.55,-0.136,2.466,0.0391,0.011,1.017,0.537,10.67,Mon
ar_forecast,COIN,2026-08-17,2026-08-17 11:00:00-04:00,150.3752,2026-08-17 11:20:00-04:00,149.4253,66,long,-62.69,-0.6317,20.0,AR(12) forecasts +0.26% over 6 bars,signal,-0.182,1.433,0.449,1.5,-0.088,2.913,-0.0064,-0.426,0.959,0.778,11.0,Mon
ar_forecast,TSLA,2026-08-17,2026-08-17 10:50:00-04:00,341.1405,2026-08-17 11:20:00-04:00,340.095,29,long,-30.32,-0.3065,30.0,AR(12) forecasts +0.34% over 6 bars,signal,-0.476,0.132,0.381,0.67,-0.157,3.011,0.0167,0.013,0.616,0.651,10.83,Mon
ar_forecast,MSTR,2026-08-17,2026-08-17 11:20:00-04:00,96.4118,2026-08-17 11:30:00-04:00,97.4246,103,short,-104.32,-1.0505,10.0,AR(12) forecasts -0.31% over 6 bars,stop,0.183,3.413,0.602,0.39,-0.066,4.068,0.0907,-0.187,1.229,0.715,11.33,Mon
ar_forecast,AMD,2026-08-17,2026-08-17 11:15:00-04:00,514.7572,2026-08-17 11:35:00-04:00,515.5121,19,long,14.34,0.1466,20.0,AR(12) forecasts +0.17% over 6 bars,signal,-0.11,0.185,0.528,0.63,-0.062,2.62,0.029,-0.232,0.755,0.768,11.25,Mon
ar_forecast,NVDA,2026-08-17,2026-08-17 11:10:00-04:00,226.7366,2026-08-17 11:40:00-04:00,227.0635,44,short,-14.38,-0.1442,30.0,AR(12) forecasts -0.16% over 6 bars,signal,0.382,0.317,0.253,0.69,-0.11,1.767,0.0242,-0.254,0.383,0.779,11.17,Mon
vwap_pullback,MSTR,2026-08-17,2026-08-17 10:10:00-04:00,95.9279,2026-08-17 11:40:00-04:00,97.7975,104,long,194.43,1.9489,90.0,bounce off session VWAP 95.25,target,0.183,2.894,0.658,0.38,-0.067,5.425,0.0464,-0.488,2.419,0.809,10.17,Mon
rsi2_reversion,AMD,2026-08-17,2026-08-17 11:45:00-04:00,513.8368,2026-08-17 11:55:00-04:00,513.9429,19,long,2.02,0.0206,10.0,RSI(2)=7 dip above VWAP,signal,-0.11,0.006,0.281,0.82,-0.139,2.401,0.0305,-0.161,0.601,0.684,11.75,Mon
ar_forecast,COIN,2026-08-17,2026-08-17 11:40:00-04:00,150.4452,2026-08-17 12:10:00-04:00,151.1344,66,long,45.49,0.4581,30.0,AR(12) forecasts +0.19% over 6 bars,signal,-0.182,1.481,0.419,0.47,-0.139,2.803,0.0143,-0.305,0.726,0.796,11.67,Mon
vwap_pullback,AMD,2026-08-17,2026-08-17 11:55:00-04:00,514.4571,2026-08-17 12:10:00-04:00,510.6394,19,long,-72.54,-0.7421,15.0,bounce off session VWAP 512.43,stop,-0.11,0.127,0.393,0.64,-0.113,2.355,0.0279,-0.191,0.567,0.741,11.92,Mon
high_break_trail,COIN,2026-08-17,2026-08-17 11:55:00-04:00,151.9259,2026-08-17 12:20:00-04:00,150.029,65,long,-123.3,-1.2486,25.0,"break of first-hour high 151.26, 2.0xATR trail",stop,-0.182,2.48,1.292,1.31,-0.113,2.778,0.0307,-0.225,0.664,1.008,11.92,Mon
vwap_pullback,PLTR,2026-08-17,2026-08-17 10:10:00-04:00,175.1175,2026-08-17 12:40:00-04:00,173.6517,57,long,-83.55,-0.837,150.0,bounce off session VWAP 174.26,stop,0.091,0.528,0.377,0.5,-0.067,2.683,0.1323,0.121,1.363,0.732,10.17,Mon
rsi2_reversion,COIN,2026-08-17,2026-08-17 12:20:00-04:00,150.8604,2026-08-17 12:40:00-04:00,151.2143,66,long,23.36,0.2346,20.0,RSI(2)=7 dip above VWAP,signal,-0.182,1.761,0.462,0.46,-0.098,2.792,0.031,-0.138,0.62,0.729,12.33,Mon
rsi2_reversion,NVDA,2026-08-17,2026-08-17 12:15:00-04:00,227.3236,2026-08-17 12:50:00-04:00,226.9365,43,long,-16.65,-0.1703,35.0,RSI(2)=8 dip above VWAP,signal,0.382,0.577,0.352,0.61,-0.088,1.524,0.0281,-0.174,0.25,0.794,12.25,Mon
rsi2_reversion,PLTR,2026-08-17,2026-08-17 12:05:00-04:00,175.3076,2026-08-17 12:50:00-04:00,174.1929,57,long,-63.54,-0.6359,45.0,RSI(2)=9 dip above VWAP,signal,0.091,0.637,0.282,0.47,-0.135,2.153,0.0249,0.059,0.512,0.758,12.08,Mon
high_break_trail,NVDA,2026-08-17,2026-08-17 11:20:00-04:00,227.5337,2026-08-17 13:10:00-04:00,226.0704,43,long,-62.92,-0.6431,110.0,"break of first-hour high 227.17, 2.0xATR trail",stop,0.382,0.67,0.549,1.42,-0.066,1.757,0.0301,-0.254,0.366,0.92,11.33,Mon
rsi2_reversion,COIN,2026-08-17,2026-08-17 13:50:00-04:00,150.5102,2026-08-17 14:05:00-04:00,150.5247,66,long,0.96,0.0096,15.0,RSI(2)=10 dip above VWAP,signal,-0.182,1.525,0.161,0.29,-0.338,2.708,0.0179,-0.235,0.41,0.659,13.83,Mon
squeeze_breakout,COIN,2026-08-17,2026-08-17 14:25:00-04:00,151.6008,2026-08-17 14:40:00-04:00,150.7082,65,long,-58.01,-0.5887,15.0,squeeze breakout above upper band 151.53,stop,-0.182,2.26,0.853,0.69,-0.334,2.61,0.0164,-0.223,0.383,0.879,14.42,Mon
squeeze_breakout,MSTR,2026-08-17,2026-08-17 14:25:00-04:00,98.3391,2026-08-17 14:45:00-04:00,97.2868,101,long,-106.28,-1.0701,20.0,squeeze breakout above upper band 97.97,stop,0.183,5.48,1.805,1.39,-0.334,3.335,0.0374,-0.165,0.531,0.958,14.42,Mon
ema_crossover,TSLA,2026-08-17,2026-08-17 12:30:00-04:00,339.6801,2026-08-17 14:55:00-04:00,340.4001,29,short,-20.88,-0.212,145.0,EMA9/20 cross down below VWAP,signal,-0.476,-0.296,-0.153,0.55,-0.138,2.338,0.0078,0.041,0.323,0.39,12.5,Mon
ema_crossover,COIN,2026-08-17,2026-08-17 14:20:00-04:00,151.3356,2026-08-17 14:55:00-04:00,150.5547,66,long,-51.54,-0.516,35.0,EMA9/20 cross up above VWAP,signal,-0.182,2.081,0.685,0.93,-0.318,2.632,0.016,-0.222,0.393,0.825,14.33,Mon
rsi2_reversion,COIN,2026-08-17,2026-08-17 14:45:00-04:00,150.6353,2026-08-17 15:00:00-04:00,150.5947,66,long,-2.68,-0.027,15.0,RSI(2)=6 dip above VWAP,signal,-0.182,1.609,0.192,0.45,-0.317,2.572,0.0149,-0.185,0.363,0.684,14.75,Mon
rsi2_reversion,MSTR,2026-08-17,2026-08-17 14:45:00-04:00,97.4287,2026-08-17 15:00:00-04:00,97.5012,102,long,7.4,0.0745,15.0,RSI(2)=7 dip above VWAP,signal,0.183,4.504,0.812,0.52,-0.317,3.316,0.0352,-0.132,0.507,0.792,14.75,Mon
rsi2_reversion,NVDA,2026-08-17,2026-08-17 14:55:00-04:00,225.7771,2026-08-17 15:00:00-04:00,225.7128,44,short,2.83,0.0285,5.0,RSI(2)=96 rip below VWAP,signal,0.382,-0.107,-0.289,0.48,-0.341,1.206,-0.0037,-0.153,0.13,0.258,14.92,Mon
rsi2_reversion,AMD,2026-08-17,2026-08-17 14:55:00-04:00,510.1898,2026-08-17 15:05:00-04:00,509.8298,19,short,6.84,0.0706,10.0,RSI(2)=94 rip below VWAP,signal,-0.11,-0.704,-0.32,0.61,-0.341,1.749,-0.0111,-0.136,0.216,0.352,14.92,Mon
vwap_pullback,AMD,2026-08-17,2026-08-17 12:15:00-04:00,511.0244,2026-08-17 15:15:00-04:00,505.3828,19,short,107.19,1.104,180.0,rejection at session VWAP 512.43,target,-0.11,-0.541,-0.272,0.47,-0.088,2.274,0.0152,-0.142,0.49,0.428,12.25,Mon
rsi2_reversion,TSLA,2026-08-17,2026-08-17 14:45:00-04:00,339.7101,2026-08-17 15:25:00-04:00,343.2787,29,short,-103.49,-1.0505,40.0,RSI(2)=94 rip below VWAP,stop,-0.476,-0.288,-0.111,0.56,-0.317,1.847,-0.0029,0.038,0.171,0.396,14.75,Mon
rsi2_reversion,PLTR,2026-08-17,2026-08-17 15:20:00-04:00,173.843,2026-08-17 15:30:00-04:00,173.6968,57,short,8.33,0.0841,10.0,RSI(2)=98 rip below VWAP,signal,0.091,-0.204,-0.409,0.65,-0.374,1.611,-0.0131,-0.028,0.159,0.388,15.33,Mon
high_break_trail,AMD,2026-08-17,2026-08-17 15:15:00-04:00,504.9874,2026-08-17 15:40:00-04:00,507.9254,19,short,-55.82,-0.5818,25.0,"break of first-hour low 506.33, 2.0xATR trail",stop,-0.11,-1.716,-1.289,1.08,-0.361,1.872,-0.0131,-0.096,0.273,-0.001,15.25,Mon
vwap_pullback,TSLA,2026-08-17,2026-08-17 10:50:00-04:00,341.1405,2026-08-17 15:45:00-04:00,338.6188,29,long,-73.13,-0.7392,295.0,bounce off session VWAP 339.81,stop,-0.476,0.132,0.381,0.67,-0.157,3.011,0.0167,0.013,0.616,0.651,10.83,Mon
orb,NVDA,2026-08-17,2026-08-17 11:20:00-04:00,227.5337,2026-08-17 15:50:00-04:00,225.0274,43,long,-107.77,-1.1015,270.0,break of opening range high 227.17,stop,0.382,0.67,0.549,1.42,-0.066,1.757,0.0301,-0.254,0.366,0.92,11.33,Mon
vwap_pullback,NVDA,2026-08-17,2026-08-17 10:30:00-04:00,226.7133,2026-08-17 15:50:00-04:00,225.1378,44,long,-69.32,-0.6949,320.0,bounce off session VWAP 225.93,stop,0.382,0.307,0.33,0.53,-0.08,1.871,0.0343,-0.485,0.483,0.787,10.5,Mon
squeeze_breakout,NVDA,2026-08-17,2026-08-17 13:15:00-04:00,226.0369,2026-08-17 15:55:00-04:00,225.1625,44,short,38.47,0.3868,160.0,squeeze breakdown below lower band 226.34,eod,0.382,0.007,-0.232,0.68,-0.25,1.398,0.0122,-0.143,0.191,0.348,13.25,Mon
high_break_trail,MSTR,2026-08-17,2026-08-17 10:55:00-04:00,96.8984,2026-08-17 15:55:00-04:00,97.6112,103,long,73.41,0.7356,300.0,"break of first-hour high 96.60, 2.0xATR trail",eod,0.183,3.935,1.329,0.96,-0.117,4.31,0.1013,-0.306,1.514,0.819,10.92,Mon
orb,TSLA,2026-08-17,2026-08-17 09:50:00-04:00,342.8613,2026-08-17 15:55:00-04:00,339.1703,29,long,-107.04,-1.0765,365.0,break of opening range high 341.43,eod,-0.476,0.637,0.883,0.74,-0.048,5.326,0.2861,-0.398,1.031,0.957,9.83,Mon
squeeze_breakout,AMD,2026-08-17,2026-08-17 15:15:00-04:00,504.9874,2026-08-17 15:55:00-04:00,506.343,19,short,-25.76,-0.2685,40.0,squeeze breakdown below lower band 507.01,eod,-0.11,-1.716,-1.289,1.08,-0.361,1.872,-0.0131,-0.096,0.273,-0.001,15.25,Mon
ema_crossover,COIN,2026-08-17,2026-08-17 15:30:00-04:00,151.2906,2026-08-17 15:55:00-04:00,150.4947,66,long,-52.53,-0.5261,25.0,EMA9/20 cross up above VWAP,eod,-0.182,2.051,0.612,0.48,-0.413,2.5,0.0115,-0.179,0.329,0.816,15.5,Mon
orb,MSTR,2026-08-17,2026-08-17 10:55:00-04:00,96.8984,2026-08-17 15:55:00-04:00,97.6112,103,long,73.41,0.7356,300.0,break of opening range high 96.60,eod,0.183,3.935,1.329,0.96,-0.117,4.31,0.1013,-0.306,1.514,0.819,10.92,Mon
ema_crossover,AMD,2026-08-17,2026-08-17 12:15:00-04:00,511.0244,2026-08-17 15:55:00-04:00,506.343,19,short,88.95,0.9161,220.0,EMA9/20 cross down below VWAP,eod,-0.11,-0.541,-0.272,0.47,-0.088,2.274,0.0152,-0.142,0.49,0.428,12.25,Mon
ema_crossover,PLTR,2026-08-17,2026-08-17 12:25:00-04:00,174.1379,2026-08-17 15:55:00-04:00,172.6413,57,short,85.31,0.8594,210.0,EMA9/20 cross down below VWAP,eod,0.091,-0.035,-0.38,0.6,-0.115,2.074,0.0129,0.095,0.433,0.463,12.42,Mon
ema_crossover,MSTR,2026-08-17,2026-08-17 14:20:00-04:00,97.6338,2026-08-17 15:55:00-04:00,97.6112,102,long,-2.31,-0.0232,95.0,EMA9/20 cross up above VWAP,eod,0.183,4.724,1.108,0.47,-0.318,3.36,0.0371,-0.159,0.529,0.859,14.33,Mon
orb,PLTR,2026-08-17,2026-08-17 10:15:00-04:00,176.108,2026-08-17 15:55:00-04:00,172.4687,56,long,-203.8,-2.0665,340.0,break of opening range high 175.75,eod,0.091,1.096,0.903,1.22,-0.11,2.941,0.1207,-0.294,1.315,0.959,10.25,Mon
vwap_pullback,COIN,2026-08-17,2026-08-17 11:00:00-04:00,150.3752,2026-08-17 15:55:00-04:00,150.4947,66,long,7.89,0.0795,295.0,bounce off session VWAP 149.67,eod,-0.182,1.433,0.449,1.5,-0.088,2.913,-0.0064,-0.426,0.959,0.778,11.0,Mon
vwap_pullback,COIN,2026-08-18,2026-08-18 10:15:00-04:00,146.7216,2026-08-18 10:20:00-04:00,148.4281,68,short,-116.04,-1.1631,5.0,rejection at session VWAP 147.91,stop,-1.803,-0.767,-0.791,0.74,-0.02,5.972,-0.0774,-0.337,1.301,0.053,10.25,Tue
vwap_pullback,MSTR,2026-08-18,2026-08-18 10:10:00-04:00,95.0325,2026-08-18 10:20:00-04:00,96.2563,105,short,-128.5,-1.2878,10.0,rejection at session VWAP 95.92,stop,-1.997,-0.708,-0.74,0.94,-0.079,6.024,-0.1818,-0.466,1.048,0.246,10.17,Tue
orb,COIN,2026-08-18,2026-08-18 09:55:00-04:00,146.6266,2026-08-18 10:25:00-04:00,149.8749,68,short,-220.88,-2.2153,30.0,break of opening range low 147.13,stop,-1.803,-0.831,-0.953,0.78,-0.03,6.263,-0.2351,-0.736,1.503,0.024,9.92,Tue
orb,MSTR,2026-08-18,2026-08-18 10:10:00-04:00,95.0325,2026-08-18 10:25:00-04:00,97.0385,105,short,-210.63,-2.1109,15.0,break of opening range low 95.29,stop,-1.997,-0.708,-0.74,0.94,-0.079,6.024,-0.1818,-0.466,1.048,0.246,10.17,Tue
ar_forecast,MSTR,2026-08-18,2026-08-18 10:35:00-04:00,96.5317,2026-08-18 10:40:00-04:00,96.7083,103,short,-18.19,-0.183,5.0,AR(12) forecasts -0.26% over 6 bars,signal,-1.997,0.859,0.581,1.19,0.051,6.374,0.0286,0.029,1.025,0.654,10.58,Tue
ar_forecast,TSLA,2026-08-18,2026-08-18 10:35:00-04:00,336.7116,2026-08-18 10:40:00-04:00,338.059,29,short,-39.07,-0.4002,5.0,AR(12) forecasts -0.24% over 6 bars,signal,-1.815,1.059,0.021,0.57,0.051,4.698,0.0001,-0.583,0.755,0.594,10.58,Tue
vwap_pullback,MSTR,2026-08-18,2026-08-18 10:30:00-04:00,97.2536,2026-08-18 10:55:00-04:00,95.5003,102,long,-178.83,-1.8028,25.0,bounce off session VWAP 95.84,stop,-1.997,1.613,1.37,1.36,0.009,6.656,0.0091,0.037,1.066,0.876,10.5,Tue
ar_forecast,AMD,2026-08-18,2026-08-18 10:40:00-04:00,481.5256,2026-08-18 10:55:00-04:00,477.9009,20,long,-72.49,-0.7528,15.0,AR(12) forecasts +0.28% over 6 bars,signal,-3.661,-1.238,-0.501,0.35,-0.039,3.302,-0.1301,-0.05,0.879,0.283,10.67,Tue
vwap_pullback,TSLA,2026-08-18,2026-08-18 10:25:00-04:00,337.2986,2026-08-18 10:55:00-04:00,335.3778,29,long,-55.7,-0.5695,30.0,bounce off session VWAP 336.56,stop,-1.815,1.236,0.214,0.51,-0.005,5.109,-0.0083,-0.598,0.811,0.657,10.42,Tue
ar_forecast,PLTR,2026-08-18,2026-08-18 10:35:00-04:00,172.8235,2026-08-18 11:00:00-04:00,171.8458,57,short,55.73,0.5658,25.0,AR(12) forecasts -0.33% over 6 bars,signal,-0.365,0.522,-0.291,0.45,0.051,4.136,-0.0129,-0.281,1.248,0.504,10.58,Tue
ar_forecast,MSTR,2026-08-18,2026-08-18 10:45:00-04:00,96.3181,2026-08-18 11:00:00-04:00,95.5122,103,long,-83.01,-0.8367,15.0,AR(12) forecasts +0.39% over 6 bars,signal,-1.997,0.635,0.327,0.54,-0.03,5.986,0.0335,0.023,0.963,0.589,10.75,Tue
vwap_pullback,COIN,2026-08-18,2026-08-18 10:25:00-04:00,148.7514,2026-08-18 11:00:00-04:00,147.3997,67,long,-90.57,-0.9087,35.0,bounce off session VWAP 147.92,stop,-1.803,0.606,0.377,0.64,-0.005,5.946,0.0353,-0.046,1.251,0.573,10.42,Tue
ar_forecast,COIN,2026-08-18,2026-08-18 10:35:00-04:00,148.8744,2026-08-18 11:00:00-04:00,147.836,67,long,-69.57,-0.6975,25.0,AR(12) forecasts +0.34% over 6 bars,signal,-1.803,0.689,0.367,1.02,0.051,5.974,0.0668,-0.259,1.216,0.556,10.58,Tue
ar_forecast,TSLA,2026-08-18,2026-08-18 11:00:00-04:00,335.9679,2026-08-18 11:10:00-04:00,335.5022,29,long,-13.51,-0.1386,10.0,AR(12) forecasts +0.15% over 6 bars,signal,-1.815,0.836,-0.189,0.52,-0.062,4.051,-0.0179,-0.535,0.62,0.515,11.0,Tue
ar_forecast,COIN,2026-08-18,2026-08-18 11:15:00-04:00,147.9739,2026-08-18 11:25:00-04:00,147.836,67,long,-9.24,-0.0932,10.0,AR(12) forecasts +0.20% over 6 bars,signal,-1.803,0.08,-0.24,0.37,-0.159,5.031,0.0145,-0.263,0.878,0.341,11.25,Tue
ar_forecast,AMD,2026-08-18,2026-08-18 11:15:00-04:00,476.8615,2026-08-18 11:40:00-04:00,479.4896,20,short,-52.56,-0.5511,25.0,AR(12) forecasts -0.17% over 6 bars,signal,-3.661,-2.194,-1.177,0.71,-0.159,2.974,-0.109,-0.199,0.708,0.111,11.25,Tue
ema_crossover,COIN,2026-08-18,2026-08-18 11:15:00-04:00,147.826,2026-08-18 12:00:00-04:00,148.6643,67,short,-56.16,-0.567,45.0,EMA9/20 cross down below VWAP,signal,-1.803,-0.02,-0.34,0.37,-0.159,5.031,0.0145,-0.263,0.878,0.305,11.25,Tue
ar_forecast,PLTR,2026-08-18,2026-08-18 11:30:00-04:00,172.2861,2026-08-18 12:00:00-04:00,172.1539,58,long,-7.67,-0.0767,30.0,AR(12) forecasts +0.25% over 6 bars,signal,-0.365,0.209,-0.372,0.46,-0.105,3.593,-0.0559,-0.366,0.758,0.381,11.5,Tue
rsi2_reversion,AMD,2026-08-18,2026-08-18 11:35:00-04:00,480.2797,2026-08-18 12:00:00-04:00,480.4401,20,short,-3.21,-0.0334,25.0,RSI(2)=93 rip below VWAP,signal,-3.661,-1.493,-0.413,0.55,-0.114,3.025,-0.0737,-0.07,0.619,0.314,11.58,Tue
ar_forecast,NVDA,2026-08-18,2026-08-18 11:55:00-04:00,220.0199,2026-08-18 12:25:00-04:00,219.8098,45,short,9.45,0.0955,30.0,AR(12) forecasts -0.16% over 6 bars,signal,-2.044,-0.195,0.065,0.51,-0.046,1.426,-0.0102,0.086,0.288,0.451,11.92,Tue
ema_crossover,COIN,2026-08-18,2026-08-18 12:35:00-04:00,148.1759,2026-08-18 12:35:00-04:00,148.6343,67,short,-30.71,-0.3094,0.0,EMA9/20 cross down below VWAP,stop,-1.803,0.217,-0.098,0.65,-0.032,3.867,0.0053,-0.258,0.493,0.389,12.58,Tue
ema_crossover,NVDA,2026-08-18,2026-08-18 11:55:00-04:00,220.2401,2026-08-18 12:35:00-04:00,219.5602,45,long,-30.6,-0.3087,40.0,EMA9/20 cross up above VWAP,signal,-2.044,-0.095,0.165,0.51,-0.046,1.426,-0.0102,0.086,0.288,0.525,11.92,Tue
rsi2_reversion,TSLA,2026-08-18,2026-08-18 12:20:00-04:00,338.139,2026-08-18 12:45:00-04:00,337.6081,29,long,-15.4,-0.157,25.0,RSI(2)=5 dip above VWAP,signal,-1.815,1.488,0.344,0.54,-0.003,3.095,0.0163,-0.424,0.391,0.746,12.33,Tue
rsi2_reversion,PLTR,2026-08-18,2026-08-18 12:45:00-04:00,172.5437,2026-08-18 13:05:00-04:00,173.0415,57,short,-28.37,-0.2885,20.0,RSI(2)=91 rip below VWAP,signal,-0.365,0.359,-0.151,0.42,0.009,2.942,-0.0235,-0.336,0.41,0.44,12.75,Tue
ema_crossover,TSLA,2026-08-18,2026-08-18 11:25:00-04:00,337.0535,2026-08-18 13:25:00-04:00,336.2018,29,long,-24.7,-0.2527,120.0,EMA9/20 cross up above VWAP,signal,-1.815,1.162,0.135,0.46,-0.112,3.602,-0.0125,-0.499,0.518,0.631,11.42,Tue
rsi2_reversion,TSLA,2026-08-18,2026-08-18 13:15:00-04:00,338.4892,2026-08-18 13:40:00-04:00,336.9265,29,long,-45.32,-0.4617,25.0,RSI(2)=7 dip above VWAP,signal,-1.815,1.593,0.399,0.46,-0.052,2.83,0.0149,-0.321,0.316,0.783,13.25,Tue
ema_crossover,NVDA,2026-08-18,2026-08-18 12:40:00-04:00,219.9999,2026-08-18 14:05:00-04:00,219.2803,45,long,-32.38,-0.3271,85.0,EMA9/20 cross up above VWAP,stop,-2.044,-0.204,0.057,0.46,-0.043,1.288,-0.0038,0.065,0.23,0.444,12.67,Tue
rsi2_reversion,NVDA,2026-08-18,2026-08-18 14:00:00-04:00,220.0662,2026-08-18 14:20:00-04:00,219.96,45,long,-4.78,-0.0483,20.0,RSI(2)=4 dip above VWAP,signal,-2.044,-0.174,0.067,0.49,-0.139,1.131,0.003,0.074,0.164,0.466,14.0,Tue
squeeze_breakout,NVDA,2026-08-18,2026-08-18 14:10:00-04:00,219.2903,2026-08-18 14:20:00-04:00,220.2038,45,short,-41.11,-0.4166,10.0,squeeze breakdown below lower band 219.59,stop,-2.044,-0.526,-0.282,0.58,-0.083,1.146,0.0021,0.051,0.174,0.203,14.17,Tue
squeeze_breakout,PLTR,2026-08-18,2026-08-18 14:20:00-04:00,173.7068,2026-08-18 14:35:00-04:00,172.9262,57,long,-44.49,-0.4494,15.0,squeeze breakout above upper band 173.54,stop,-0.365,1.036,0.494,0.78,-0.056,2.477,-0.0003,-0.308,0.247,0.707,14.33,Tue
squeeze_breakout,AMD,2026-08-18,2026-08-18 14:00:00-04:00,476.2118,2026-08-18 14:35:00-04:00,479.1,20,short,-57.76,-0.6065,35.0,squeeze breakdown below lower band 477.14,stop,-3.661,-2.328,-1.077,0.69,-0.139,2.306,-0.0182,-0.113,0.31,0.072,14.0,Tue
vwap_pullback,TSLA,2026-08-18,2026-08-18 11:30:00-04:00,337.5537,2026-08-18 14:40:00-04:00,335.421,29,long,-61.85,-0.6318,190.0,bounce off session VWAP 336.60,stop,-1.815,1.312,0.28,0.52,-0.105,3.523,-0.0088,-0.492,0.497,0.684,11.5,Tue
ema_crossover,AMD,2026-08-18,2026-08-18 13:20:00-04:00,478.3307,2026-08-18 14:45:00-04:00,479.8448,20,short,-30.28,-0.3165,85.0,EMA9/20 cross down below VWAP,signal,-3.661,-1.893,-0.691,0.32,-0.057,2.398,-0.0222,-0.103,0.339,0.198,13.33,Tue
vwap_pullback,PLTR,2026-08-18,2026-08-18 12:50:00-04:00,173.0365,2026-08-18 15:10:00-04:00,172.2003,57,long,-47.66,-0.4832,140.0,bounce off session VWAP 172.80,stop,-0.365,0.646,0.131,0.41,0.017,2.911,-0.0205,-0.326,0.396,0.553,12.83,Tue
high_break_trail,MSTR,2026-08-18,2026-08-18 13:55:00-04:00,94.2828,2026-08-18 15:25:00-04:00,93.4986,106,short,83.12,0.8317,90.0,"break of first-hour low 94.39, 2.0xATR trail",stop,-1.997,-1.491,-1.427,0.7,-0.14,3.57,-0.0283,0.008,0.389,0.09,13.92,Tue
high_break_trail,AMD,2026-08-18,2026-08-18 11:00:00-04:00,476.3617,2026-08-18 15:25:00-04:00,482.8527,20,short,-129.82,-1.3626,265.0,"break of first-hour low 477.46, 2.0xATR trail",stop,-3.661,-2.297,-1.395,0.96,-0.062,2.997,-0.1153,-0.105,0.77,0.08,11.0,Tue
rsi2_reversion,PLTR,2026-08-18,2026-08-18 14:40:00-04:00,172.9764,2026-08-18 15:30:00-04:00,172.2438,57,long,-41.76,-0.4235,50.0,RSI(2)=10 dip above VWAP,signal,-0.365,0.611,0.069,0.35,-0.079,2.416,0.0005,-0.291,0.231,0.539,14.67,Tue
rsi2_reversion,AMD,2026-08-18,2026-08-18 14:35:00-04:00,478.4007,2026-08-18 15:35:00-04:00,483.4263,20,short,-100.51,-1.0505,60.0,RSI(2)=92 rip below VWAP,stop,-3.661,-1.879,-0.574,0.42,-0.049,2.234,-0.0162,-0.093,0.278,0.202,14.58,Tue
rsi2_reversion,COIN,2026-08-18,2026-08-18 15:30:00-04:00,147.5212,2026-08-18 15:40:00-04:00,147.2686,67,short,16.92,0.1712,10.0,RSI(2)=96 rip below VWAP,signal,-1.803,-0.226,-0.385,0.66,-0.105,2.973,-0.0119,-0.181,0.297,0.236,15.5,Tue
rsi2_reversion,MSTR,2026-08-18,2026-08-18 15:30:00-04:00,93.5182,2026-08-18 15:40:00-04:00,93.3667,106,short,16.07,0.1621,10.0,RSI(2)=95 rip below VWAP,signal,-1.997,-2.29,-1.653,0.93,-0.105,3.282,-0.0426,0.024,0.384,0.16,15.5,Tue
rsi2_reversion,TSLA,2026-08-18,2026-08-18 15:15:00-04:00,335.932,2026-08-18 15:40:00-04:00,336.8115,29,short,-25.51,-0.2618,25.0,RSI(2)=91 rip below VWAP,signal,-1.815,0.825,-0.315,0.47,-0.111,2.356,-0.0038,-0.276,0.2,0.511,15.25,Tue
squeeze_breakout,NVDA,2026-08-18,2026-08-18 15:20:00-04:00,219.2103,2026-08-18 15:50:00-04:00,220.0096,45,short,-35.97,-0.3646,30.0,squeeze breakdown below lower band 219.39,stop,-2.044,-0.562,-0.312,0.91,-0.072,1.076,0.0007,0.057,0.146,0.176,15.33,Tue
squeeze_breakout,TSLA,2026-08-18,2026-08-18 13:25:00-04:00,336.2018,2026-08-18 15:55:00-04:00,337.0535,29,short,-24.7,-0.2533,150.0,squeeze breakdown below lower band 336.56,eod,-1.815,0.906,-0.275,0.73,-0.052,2.805,0.0116,-0.299,0.325,0.54,13.42,Tue
orb,PLTR,2026-08-18,2026-08-18 10:05:00-04:00,175.0475,2026-08-18 15:55:00-04:00,171.5042,57,long,-201.97,-2.0242,350.0,break of opening range high 174.74,eod,-0.365,1.816,0.958,0.87,-0.021,4.814,0.1557,-0.785,1.684,1.016,10.08,Tue
orb,AMD,2026-08-18,2026-08-18 09:55:00-04:00,481.0824,2026-08-18 15:55:00-04:00,484.9173,20,short,-76.7,-0.7971,360.0,break of opening range low 485.25,eod,-3.661,-1.329,-1.082,0.83,-0.03,4.126,-0.3528,-0.544,1.187,0.111,9.92,Tue
ema_crossover,MSTR,2026-08-18,2026-08-18 13:05:00-04:00,95.3323,2026-08-18 15:55:00-04:00,92.5963,104,short,284.55,2.87,170.0,EMA9/20 cross down below VWAP,eod,-1.997,-0.395,-0.467,0.29,0.008,3.884,-0.022,0.021,0.452,0.287,13.08,Tue
vwap_pullback,NVDA,2026-08-18,2026-08-18 10:10:00-04:00,219.3703,2026-08-18 15:55:00-04:00,219.9099,45,short,-24.28,-0.246,345.0,rejection at session VWAP 220.31,eod,-2.044,-0.49,-0.38,0.56,-0.079,1.793,-0.082,0.067,0.514,0.175,10.17,Tue
ema_crossover,PLTR,2026-08-18,2026-08-18 14:55:00-04:00,172.5037,2026-08-18 15:55:00-04:00,171.6758,57,short,47.19,0.4799,60.0,EMA9/20 cross down below VWAP,eod,-0.365,0.336,-0.202,0.44,-0.13,2.362,0.0002,-0.296,0.211,0.431,14.92,Tue
orb,NVDA,2026-08-18,2026-08-18 10:15:00-04:00,218.9105,2026-08-18 15:55:00-04:00,219.9099,45,short,-44.97,-0.4565,340.0,break of opening range low 219.43,eod,-2.044,-0.698,-0.562,0.82,-0.02,1.774,-0.0814,-0.035,0.496,0.027,10.25,Tue
orb,TSLA,2026-08-19,2026-08-19 09:50:00-04:00,336.6116,2026-08-19 10:25:00-04:00,341.4607,29,short,-140.62,-1.4405,35.0,break of opening range low 337.53,stop,0.6,-0.677,-0.693,0.68,-0.089,5.964,-0.2105,-0.915,1.084,0.163,9.83,Wed
ar_forecast,AMD,2026-08-19,2026-08-19 10:35:00-04:00,464.3371,2026-08-19 10:40:00-04:00,468.2658,21,long,82.5,0.8461,5.0,AR(12) forecasts +0.35% over 6 bars,signal,0.181,-4.369,-1.469,0.74,0.101,6.386,-0.2012,-0.31,1.212,0.073,10.58,Wed
ar_forecast,TSLA,2026-08-19,2026-08-19 10:35:00-04:00,341.9268,2026-08-19 10:50:00-04:00,346.2468,29,long,125.28,1.2634,15.0,AR(12) forecasts +0.16% over 6 bars,signal,0.6,0.892,0.598,1.35,0.101,4.743,0.099,-0.547,0.872,0.655,10.58,Wed
ar_forecast,AMD,2026-08-19,2026-08-19 10:45:00-04:00,467.2735,2026-08-19 10:55:00-04:00,465.9069,21,long,-28.7,-0.2925,10.0,AR(12) forecasts +0.22% over 6 bars,signal,0.181,-3.764,-0.774,0.52,0.052,6.001,-0.162,-0.283,1.146,0.193,10.75,Wed
orb,MSTR,2026-08-19,2026-08-19 10:00:00-04:00,97.1586,2026-08-19 10:55:00-04:00,102.8242,102,long,577.9,5.8314,55.0,break of opening range high 97.06,target,2.085,2.835,0.886,0.54,-0.093,4.92,0.2538,-0.569,1.708,0.805,10.0,Wed
ar_forecast,MSTR,2026-08-19,2026-08-19 10:35:00-04:00,99.5748,2026-08-19 11:05:00-04:00,102.9485,100,long,337.37,3.3881,30.0,AR(12) forecasts +0.35% over 6 bars,signal,2.085,5.392,1.977,0.74,0.101,3.968,0.3384,-0.348,1.318,0.908,10.58,Wed
ar_forecast,COIN,2026-08-19,2026-08-19 10:35:00-04:00,155.3476,2026-08-19 11:05:00-04:00,159.83,64,long,286.87,2.8854,30.0,AR(12) forecasts +0.40% over 6 bars,signal,0.848,5.32,2.033,0.5,0.101,4.778,0.3185,-0.454,1.63,0.828,10.58,Wed
ar_forecast,PLTR,2026-08-19,2026-08-19 10:40:00-04:00,172.5298,2026-08-19 11:05:00-04:00,173.1434,57,long,34.97,0.3556,25.0,AR(12) forecasts +0.39% over 6 bars,signal,0.6,-0.052,-0.361,0.34,0.091,4.459,-0.1239,0.221,1.175,0.408,10.67,Wed
ar_forecast,NVDA,2026-08-19,2026-08-19 10:40:00-04:00,219.3198,2026-08-19 11:05:00-04:00,219.4997,45,short,-8.1,-0.082,25.0,AR(12) forecasts -0.25% over 6 bars,signal,0.851,-1.06,0.031,0.76,0.091,3.382,-0.0579,0.015,0.528,0.419,10.67,Wed
rsi2_reversion,PLTR,2026-08-19,2026-08-19 10:50:00-04:00,173.0234,2026-08-19 11:10:00-04:00,173.1565,57,short,-7.59,-0.0769,20.0,RSI(2)=91 rip below VWAP,signal,0.6,0.234,-0.075,0.47,0.129,4.261,-0.0663,0.261,1.064,0.481,10.83,Wed
vwap_pullback,PLTR,2026-08-19,2026-08-19 10:55:00-04:00,173.5217,2026-08-19 11:25:00-04:00,175.2109,57,long,96.28,0.9735,30.0,bounce off session VWAP 173.15,target,0.6,0.522,0.212,0.31,0.239,4.126,-0.0468,0.262,1.013,0.555,10.92,Wed
orb,COIN,2026-08-19,2026-08-19 10:00:00-04:00,152.3762,2026-08-19 11:25:00-04:00,162.0474,65,long,628.63,6.347,85.0,break of opening range high 152.11,target,0.848,3.306,1.117,0.69,-0.093,4.676,0.2787,-0.183,2.096,0.837,10.0,Wed
ar_forecast,MSTR,2026-08-19,2026-08-19 11:10:00-04:00,102.7213,2026-08-19 11:40:00-04:00,104.9025,97,long,211.58,2.1234,30.0,AR(12) forecasts +0.70% over 6 bars,signal,2.085,8.723,2.951,2.09,0.19,4.321,0.3952,-0.022,1.193,0.896,11.17,Wed
ar_forecast,COIN,2026-08-19,2026-08-19 11:10:00-04:00,159.8449,2026-08-19 11:40:00-04:00,163.0684,62,long,199.86,2.0167,30.0,AR(12) forecasts +0.95% over 6 bars,signal,0.848,8.369,3.157,1.09,0.19,4.694,0.3674,-0.17,1.276,0.918,11.17,Wed
ar_forecast,NVDA,2026-08-19,2026-08-19 11:15:00-04:00,219.1554,2026-08-19 11:40:00-04:00,219.0945,45,short,2.74,0.0278,25.0,AR(12) forecasts -0.16% over 6 bars,signal,0.851,-1.134,-0.056,0.45,0.149,2.863,0.0027,0.018,0.419,0.392,11.25,Wed
ar_forecast,PLTR,2026-08-19,2026-08-19 11:20:00-04:00,174.3321,2026-08-19 11:50:00-04:00,175.2873,57,long,54.45,0.5479,30.0,AR(12) forecasts +0.17% over 6 bars,signal,0.6,0.992,0.635,0.92,0.107,3.941,0.0078,0.283,0.823,0.675,11.33,Wed
ar_forecast,TSLA,2026-08-19,2026-08-19 11:25:00-04:00,346.8815,2026-08-19 11:50:00-04:00,346.173,28,short,19.84,0.2042,25.0,AR(12) forecasts -0.18% over 6 bars,signal,0.6,2.354,1.3,0.57,0.097,3.681,0.1452,-0.373,0.601,0.869,11.42,Wed
rsi2_reversion,TSLA,2026-08-19,2026-08-19 11:50:00-04:00,346.173,2026-08-19 12:00:00-04:00,346.7615,28,long,16.48,0.17,10.0,RSI(2)=10 dip above VWAP,signal,0.6,2.145,0.969,0.38,-0.029,3.432,0.1167,-0.335,0.502,0.814,11.83,Wed
vwap_pullback,NVDA,2026-08-19,2026-08-19 11:10:00-04:00,219.0403,2026-08-19 12:00:00-04:00,220.045,45,short,-45.21,-0.4587,50.0,rejection at session VWAP 219.28,stop,0.851,-1.186,-0.107,0.48,0.19,2.918,-0.001,0.009,0.432,0.373,11.17,Wed
orb,PLTR,2026-08-19,2026-08-19 09:55:00-04:00,171.5542,2026-08-19 12:20:00-04:00,176.6183,58,short,-293.72,-2.9519,145.0,break of opening range low 172.15,stop,0.6,-0.617,-1.474,0.73,-0.048,4.859,-0.5429,0.065,1.729,0.05,9.92,Wed
squeeze_breakout,TSLA,2026-08-19,2026-08-19 12:20:00-04:00,348.9444,2026-08-19 12:30:00-04:00,346.896,28,long,-57.35,-0.587,10.0,squeeze breakout above upper band 348.50,stop,0.6,2.962,1.606,0.74,0.138,3.167,0.0991,-0.346,0.418,0.982,12.33,Wed
ema_crossover,NVDA,2026-08-19,2026-08-19 12:05:00-04:00,220.3301,2026-08-19 12:50:00-04:00,219.0204,45,long,-58.94,-0.5944,45.0,EMA9/20 cross up above VWAP,signal,0.851,-0.604,0.471,0.85,0.151,2.559,0.0109,0.071,0.334,0.584,12.08,Wed
rsi2_reversion,TSLA,2026-08-19,2026-08-19 12:40:00-04:00,346.9174,2026-08-19 12:55:00-04:00,346.9364,28,long,0.53,0.0055,15.0,RSI(2)=6 dip above VWAP,signal,0.6,2.364,0.962,0.5,0.005,3.056,0.0838,-0.288,0.371,0.832,12.67,Wed
ema_crossover,PLTR,2026-08-19,2026-08-19 11:20:00-04:00,174.3321,2026-08-19 13:05:00-04:00,173.5941,57,long,-42.07,-0.4234,105.0,EMA9/20 cross up above VWAP,signal,0.6,0.992,0.635,0.92,0.107,3.941,0.0078,0.283,0.823,0.675,11.33,Wed
high_break_trail,MSTR,2026-08-19,2026-08-19 10:45:00-04:00,100.2701,2026-08-19 13:05:00-04:00,104.3134,99,long,400.29,4.0324,140.0,"break of first-hour high 99.90, 2.0xATR trail",stop,2.085,6.128,2.283,0.89,0.052,4.326,0.3501,-0.264,1.255,0.822,10.75,Wed
rsi2_reversion,COIN,2026-08-19,2026-08-19 13:05:00-04:00,163.5917,2026-08-19 13:20:00-04:00,161.8749,61,long,-104.73,-1.0495,15.0,RSI(2)=6 dip above VWAP,stop,0.848,10.91,3.243,0.6,-0.113,4.696,0.2378,-0.006,0.708,0.882,13.08,Wed
rsi2_reversion,MSTR,2026-08-19,2026-08-19 13:10:00-04:00,104.0139,2026-08-19 13:20:00-04:00,102.9223,96,long,-104.8,-1.0495,10.0,RSI(2)=8 dip above VWAP,stop,2.085,10.091,1.742,0.82,-0.069,4.99,0.2376,0.041,0.859,0.771,13.17,Wed
rsi2_reversion,NVDA,2026-08-19,2026-08-19 12:30:00-04:00,219.4897,2026-08-19 13:30:00-04:00,218.8709,45,long,-27.85,-0.2819,60.0,RSI(2)=10 dip above VWAP,signal,0.851,-0.984,0.066,0.59,0.049,2.401,0.0129,0.065,0.288,0.447,12.5,Wed
high_break_trail,COIN,2026-08-19,2026-08-19 10:40:00-04:00,156.4487,2026-08-19 13:30:00-04:00,160.5602,63,long,259.02,2.628,170.0,"break of first-hour high 155.70, 2.0xATR trail",stop,0.848,6.067,2.635,1.02,0.091,4.617,0.3167,-0.479,1.544,0.944,10.67,Wed
rsi2_reversion,TSLA,2026-08-19,2026-08-19 13:25:00-04:00,346.4231,2026-08-19 13:30:00-04:00,346.7466,28,long,9.06,0.0934,5.0,RSI(2)=7 dip above VWAP,signal,0.6,2.218,0.755,0.36,-0.103,2.773,0.0572,-0.277,0.274,0.795,13.42,Wed
rsi2_reversion,COIN,2026-08-19,2026-08-19 13:25:00-04:00,161.5007,2026-08-19 13:35:00-04:00,159.8058,61,long,-103.39,-1.0495,10.0,RSI(2)=0 dip above VWAP,stop,0.848,9.492,1.823,0.61,-0.103,4.637,0.1981,0.058,0.648,0.768,13.42,Wed
rsi2_reversion,MSTR,2026-08-19,2026-08-19 13:25:00-04:00,103.0826,2026-08-19 13:45:00-04:00,103.0784,97,long,-0.41,-0.0041,20.0,RSI(2)=2 dip above VWAP,signal,2.085,9.105,0.795,0.49,-0.103,4.956,0.2016,0.07,0.818,0.697,13.42,Wed
rsi2_reversion,COIN,2026-08-19,2026-08-19 13:40:00-04:00,159.8299,2026-08-19 13:50:00-04:00,160.5197,62,long,42.77,0.4316,10.0,RSI(2)=0 dip above VWAP,signal,0.848,8.359,0.72,0.5,-0.1,4.66,0.1673,0.085,0.656,0.676,13.67,Wed
rsi2_reversion,PLTR,2026-08-19,2026-08-19 12:55:00-04:00,174.2671,2026-08-19 13:50:00-04:00,173.898,57,long,-21.04,-0.2118,55.0,RSI(2)=2 dip above VWAP,signal,0.6,0.954,0.201,0.67,-0.088,3.565,0.0528,0.167,0.508,0.638,12.92,Wed
ema_crossover,NVDA,2026-08-19,2026-08-19 14:05:00-04:00,219.6248,2026-08-19 14:05:00-04:00,218.8013,45,long,-37.06,-0.375,0.0,EMA9/20 cross up above VWAP,stop,0.851,-0.923,0.144,0.67,-0.176,2.0,0.0035,0.02,0.21,0.469,14.08,Wed
squeeze_breakout,NVDA,2026-08-19,2026-08-19 14:05:00-04:00,219.6248,2026-08-19 14:05:00-04:00,219.0292,45,long,-26.8,-0.2712,0.0,squeeze breakout above upper band 219.50,stop,0.851,-0.923,0.144,0.67,-0.176,2.0,0.0035,0.02,0.21,0.469,14.08,Wed
vwap_pullback,PLTR,2026-08-19,2026-08-19 13:15:00-04:00,174.022,2026-08-19 14:30:00-04:00,175.1888,57,long,66.51,0.6705,75.0,bounce off session VWAP 173.92,target,0.6,0.812,0.061,0.28,-0.117,3.424,0.0398,0.16,0.445,0.603,13.25,Wed
rsi2_reversion,AMD,2026-08-19,2026-08-19 14:35:00-04:00,466.3568,2026-08-19 14:40:00-04:00,465.5126,21,short,17.73,0.181,5.0,RSI(2)=93 rip below VWAP,signal,0.181,-3.953,-0.548,0.72,-0.074,3.385,-0.0123,-0.206,0.315,0.156,14.58,Wed
rsi2_reversion,PLTR,2026-08-19,2026-08-19 14:55:00-04:00,174.7373,2026-08-19 15:05:00-04:00,175.0174,57,long,15.97,0.1603,10.0,RSI(2)=7 dip above VWAP,signal,0.6,1.227,0.427,0.26,-0.11,2.912,0.0206,0.167,0.267,0.705,14.92,Wed
vwap_pullback,COIN,2026-08-19,2026-08-19 14:45:00-04:00,160.16,2026-08-19 15:10:00-04:00,158.275,62,long,-116.87,-1.177,25.0,bounce off session VWAP 158.83,stop,0.848,8.583,0.833,0.49,-0.069,4.373,0.0894,0.086,0.565,0.694,14.75,Wed
ema_crossover,AMD,2026-08-19,2026-08-19 13:10:00-04:00,466.4866,2026-08-19 15:10:00-04:00,467.0334,21,short,-11.48,-0.1172,120.0,EMA9/20 cross down below VWAP,signal,0.181,-3.926,-0.622,0.24,-0.069,3.919,-0.0117,-0.208,0.41,0.161,13.17,Wed
squeeze_breakout,PLTR,2026-08-19,2026-08-19 15:30:00-04:00,175.998,2026-08-19 15:40:00-04:00,174.9242,56,long,-60.13,-0.6101,10.0,squeeze breakout above upper band 175.82,stop,0.6,1.957,1.087,0.58,-0.023,2.81,0.0215,0.166,0.264,0.883,15.5,Wed
rsi2_reversion,AMD,2026-08-19,2026-08-19 15:20:00-04:00,467.1363,2026-08-19 15:40:00-04:00,467.0334,21,short,2.16,0.022,20.0,RSI(2)=96 rip below VWAP,signal,0.181,-3.792,-0.335,0.55,-0.055,3.196,-0.0085,-0.207,0.276,0.188,15.33,Wed
vwap_pullback,NVDA,2026-08-19,2026-08-19 12:35:00-04:00,219.2153,2026-08-19 15:50:00-04:00,217.7457,45,short,66.13,0.6704,195.0,rejection at session VWAP 219.34,target,0.851,-1.107,-0.059,0.6,0.021,2.369,0.0124,0.065,0.281,0.402,12.58,Wed
squeeze_breakout,COIN,2026-08-19,2026-08-19 15:15:00-04:00,158.5107,2026-08-19 15:55:00-04:00,160.124,63,short,-101.64,-1.0178,40.0,squeeze breakdown below lower band 158.85,stop,0.848,7.465,-0.196,5.88,-0.045,4.384,0.0664,0.059,0.725,0.604,15.25,Wed
orb,AMD,2026-08-19,2026-08-19 09:50:00-04:00,468.0259,2026-08-19 15:55:00-04:00,466.6132,21,short,29.67,0.3018,365.0,break of opening range low 474.50,eod,0.181,-3.609,-1.755,0.75,-0.089,7.751,-0.7445,-0.845,1.512,0.171,9.83,Wed
squeeze_breakout,TSLA,2026-08-19,2026-08-19 14:05:00-04:00,348.7443,2026-08-19 15:55:00-04:00,350.9346,28,long,61.33,0.628,110.0,squeeze breakout above upper band 348.26,eod,0.6,2.903,1.353,0.77,-0.176,2.622,0.0454,-0.291,0.257,0.967,14.08,Wed
high_break_trail,TSLA,2026-08-19,2026-08-19 10:40:00-04:00,345.1275,2026-08-19 15:55:00-04:00,350.9346,28,long,162.6,1.6826,315.0,"break of first-hour high 342.50, 2.0xATR trail",eod,0.6,1.836,1.369,1.26,0.091,4.649,0.1307,-0.391,0.847,0.84,10.67,Wed
orb,NVDA,2026-08-19,2026-08-19 09:50:00-04:00,218.6706,2026-08-19 15:55:00-04:00,217.7588,45,short,41.03,0.417,365.0,break of opening range low 219.36,eod,0.851,-1.353,-0.801,0.7,-0.089,4.082,-0.3326,-0.968,0.671,0.153,9.83,Wed
ema_crossover,TSLA,2026-08-19,2026-08-19 13:50:00-04:00,347.3536,2026-08-19 15:55:00-04:00,350.9346,28,long,100.27,1.0309,125.0,EMA9/20 cross up above VWAP,eod,0.6,2.493,0.989,0.35,-0.097,2.656,0.0483,-0.278,0.247,0.864,13.83,Wed
ema_crossover,PLTR,2026-08-19,2026-08-19 14:10:00-04:00,174.9424,2026-08-19 15:55:00-04:00,175.0924,57,long,8.55,0.0857,105.0,EMA9/20 cross up above VWAP,eod,0.6,1.345,0.573,0.61,-0.121,3.12,0.0237,0.167,0.343,0.734,14.17,Wed
vwap_pullback,TSLA,2026-08-19,2026-08-19 10:30:00-04:00,342.5512,2026-08-19 15:55:00-04:00,351.1556,29,long,249.53,2.5119,325.0,bounce off session VWAP 339.18,target,0.6,1.076,0.902,1.01,-0.022,4.39,0.0654,-0.558,0.871,0.886,10.5,Wed
gap_and_go,MSTR,2026-08-19,2026-08-19 10:20:00-04:00,99.3997,2026-08-19 15:55:00-04:00,104.1629,100,long,476.32,4.792,335.0,"gap 2.1%, break of opening high 96.28",eod,2.085,5.207,2.264,1.24,-0.101,4.351,0.3697,-0.524,1.477,0.911,10.33,Wed
vwap_pullback,TSLA,2026-08-20,2026-08-20 10:10:00-04:00,343.5931,2026-08-20 10:25:00-04:00,340.0428,29,short,102.96,1.0333,15.0,rejection at session VWAP 344.42,target,-1.487,-0.664,-0.21,0.45,0.005,2.174,-0.0077,0.353,0.827,0.256,10.17,Thu
vwap_pullback,COIN,2026-08-20,2026-08-20 10:25:00-04:00,169.3653,2026-08-20 10:40:00-04:00,170.4324,59,short,-62.96,-0.6301,15.0,rejection at session VWAP 169.84,stop,7.853,-2.038,-0.263,0.48,0.034,6.583,0.015,0.056,2.533,0.437,10.42,Thu
vwap_pullback,MSTR,2026-08-20,2026-08-20 10:15:00-04:00,110.6247,2026-08-20 10:40:00-04:00,108.8443,90,short,160.23,1.6094,25.0,rejection at session VWAP 111.21,target,8.65,-2.301,-0.489,0.37,-0.068,5.853,-0.056,0.194,2.6,0.323,10.25,Thu
ar_forecast,AMD,2026-08-20,2026-08-20 10:35:00-04:00,467.3386,2026-08-20 10:40:00-04:00,468.8754,21,long,32.27,0.3289,5.0,AR(12) forecasts +0.20% over 6 bars,signal,-0.1,0.306,-0.413,0.57,0.132,4.916,-0.0697,-0.304,1.122,0.272,10.58,Thu
vwap_pullback,NVDA,2026-08-20,2026-08-20 10:20:00-04:00,216.9215,2026-08-20 10:40:00-04:00,218.9689,46,short,-94.18,-0.9439,20.0,rejection at session VWAP 218.20,stop,0.326,-0.659,-0.551,0.62,0.103,2.674,-0.0837,-0.251,0.585,0.004,10.33,Thu
ar_forecast,PLTR,2026-08-20,2026-08-20 10:35:00-04:00,174.0929,2026-08-20 10:45:00-04:00,175.0575,57,short,-54.98,-0.5541,10.0,AR(12) forecasts -0.33% over 6 bars,signal,0.405,-1.022,-0.065,0.39,0.132,3.577,0.0628,-0.043,1.044,0.534,10.58,Thu
vwap_pullback,NVDA,2026-08-20,2026-08-20 10:45:00-04:00,218.9493,2026-08-20 10:50:00-04:00,217.3093,45,long,-73.8,-0.749,5.0,bounce off session VWAP 218.07,stop,0.326,0.27,0.401,0.76,0.101,2.662,-0.0255,-0.099,0.54,0.711,10.75,Thu
ar_forecast,NVDA,2026-08-20,2026-08-20 10:45:00-04:00,218.7305,2026-08-20 10:55:00-04:00,217.3986,45,short,59.93,0.6089,10.0,AR(12) forecasts -0.19% over 6 bars,signal,0.326,0.17,0.3,0.76,0.101,2.662,-0.0255,-0.099,0.54,0.641,10.75,Thu
ar_forecast,TSLA,2026-08-20,2026-08-20 10:35:00-04:00,339.0454,2026-08-20 10:55:00-04:00,340.23,29,short,-34.35,-0.3494,20.0,AR(12) forecasts -0.17% over 6 bars,signal,-1.487,-1.979,-1.229,0.92,0.132,2.428,-0.1028,0.101,0.724,0.01,10.58,Thu
ar_forecast,MSTR,2026-08-20,2026-08-20 10:35:00-04:00,109.5252,2026-08-20 11:00:00-04:00,110.6758,91,short,-104.7,-1.0505,25.0,AR(12) forecasts -0.52% over 6 bars,stop,8.65,-3.272,-1.373,0.24,0.132,5.349,-0.1362,-0.009,2.172,0.1,10.58,Thu
ar_forecast,COIN,2026-08-20,2026-08-20 10:40:00-04:00,169.5652,2026-08-20 11:00:00-04:00,171.3465,58,short,-103.31,-1.0505,20.0,AR(12) forecasts -0.17% over 6 bars,stop,7.853,-1.922,-0.131,0.34,0.158,5.801,-0.0144,0.051,2.165,0.464,10.67,Thu
ar_forecast,MSTR,2026-08-20,2026-08-20 11:10:00-04:00,110.8945,2026-08-20 11:10:00-04:00,112.0595,90,short,-104.85,-1.0505,0.0,AR(12) forecasts -0.21% over 6 bars,stop,8.65,-2.063,-0.01,0.71,0.108,5.841,-0.0688,-0.055,1.763,0.482,11.17,Thu
ar_forecast,PLTR,2026-08-20,2026-08-20 11:00:00-04:00,175.3376,2026-08-20 11:15:00-04:00,174.4827,57,long,-48.73,-0.4876,15.0,AR(12) forecasts +0.22% over 6 bars,signal,0.405,-0.314,0.575,0.35,0.256,3.176,0.0506,-0.087,0.843,0.747,11.0,Thu
ar_forecast,COIN,2026-08-20,2026-08-20 11:20:00-04:00,174.162,2026-08-20 11:20:00-04:00,172.3342,57,long,-104.19,-1.0495,0.0,AR(12) forecasts +0.64% over 6 bars,stop,7.853,0.737,2.22,0.46,0.043,5.604,0.0893,-0.002,1.614,0.989,11.33,Thu
ar_forecast,AMD,2026-08-20,2026-08-20 11:20:00-04:00,465.0174,2026-08-20 11:25:00-04:00,464.5972,21,short,8.82,0.0904,5.0,AR(12) forecasts -0.23% over 6 bars,signal,-0.1,-0.193,-0.764,0.45,0.043,4.046,-0.0516,-0.28,0.8,0.146,11.33,Thu
high_break_trail,TSLA,2026-08-20,2026-08-20 10:35:00-04:00,339.0454,2026-08-20 11:30:00-04:00,344.2122,29,short,-149.84,-1.5239,55.0,"break of first-hour low 339.72, 2.0xATR trail",stop,-1.487,-1.979,-1.229,0.92,0.132,2.428,-0.1028,0.101,0.724,0.01,10.58,Thu
high_break_trail,MSTR,2026-08-20,2026-08-20 10:45:00-04:00,109.0405,2026-08-20 11:30:00-04:00,112.9883,91,short,-359.25,-3.6205,45.0,"break of first-hour low 109.19, 2.0xATR trail",stop,8.65,-3.7,-1.71,0.43,0.101,5.149,-0.1669,0.009,2.028,0.131,10.75,Thu
ar_forecast,TSLA,2026-08-20,2026-08-20 11:10:00-04:00,341.8909,2026-08-20 11:40:00-04:00,343.8313,29,long,56.27,0.5676,30.0,AR(12) forecasts +0.16% over 6 bars,signal,-1.487,-1.156,-0.249,0.72,0.108,2.211,-0.0621,0.189,0.581,0.344,11.17,Thu
rsi2_reversion,TSLA,2026-08-20,2026-08-20 11:05:00-04:00,341.1893,2026-08-20 11:45:00-04:00,344.7735,29,short,-103.94,-1.0505,40.0,RSI(2)=96 rip below VWAP,stop,-1.487,-1.359,-0.469,0.72,0.078,2.206,-0.0737,0.163,0.577,0.261,11.08,Thu
vwap_pullback,PLTR,2026-08-20,2026-08-20 11:20:00-04:00,174.2127,2026-08-20 11:50:00-04:00,174.9766,57,short,-43.54,-0.4384,30.0,rejection at session VWAP 174.36,stop,0.405,-0.954,-0.085,0.53,0.043,3.158,0.0233,-0.043,0.731,0.493,11.33,Thu
rsi2_reversion,COIN,2026-08-20,2026-08-20 11:45:00-04:00,170.9805,2026-08-20 11:55:00-04:00,172.0689,58,long,63.13,0.6366,10.0,RSI(2)=10 dip above VWAP,signal,7.853,-1.103,0.264,0.27,-0.056,5.51,0.0699,0.019,1.383,0.598,11.75,Thu
ar_forecast,NVDA,2026-08-20,2026-08-20 11:35:00-04:00,216.5732,2026-08-20 12:05:00-04:00,216.1919,46,long,-17.54,-0.1761,30.0,AR(12) forecasts +0.17% over 6 bars,signal,0.326,-0.818,-0.588,0.73,-0.053,2.276,-0.0306,-0.067,0.39,0.133,11.58,Thu
ema_crossover,PLTR,2026-08-20,2026-08-20 12:05:00-04:00,174.078,2026-08-20 12:20:00-04:00,174.9674,57,short,-50.7,-0.5109,15.0,EMA9/20 cross down below VWAP,signal,0.405,-1.03,-0.177,0.39,0.008,2.726,0.0067,-0.056,0.498,0.462,12.08,Thu
ema_crossover,COIN,2026-08-20,2026-08-20 12:20:00-04:00,170.4847,2026-08-20 12:35:00-04:00,171.9609,58,short,-85.62,-0.8659,15.0,EMA9/20 cross down below VWAP,signal,7.853,-1.39,-0.059,0.31,-0.004,5.123,0.0367,0.048,1.078,0.537,12.33,Thu
rsi2_reversion,MSTR,2026-08-20,2026-08-20 12:15:00-04:00,111.4257,2026-08-20 12:40:00-04:00,111.4942,89,long,6.1,0.0615,25.0,RSI(2)=6 dip above VWAP,signal,8.65,-1.593,0.197,0.43,-0.046,5.274,0.044,-0.033,1.201,0.583,12.25,Thu
rsi2_reversion,TSLA,2026-08-20,2026-08-20 12:25:00-04:00,344.9424,2026-08-20 12:45:00-04:00,344.8875,28,long,-1.54,-0.0159,20.0,RSI(2)=7 dip above VWAP,signal,-1.487,-0.274,0.5,0.42,-0.028,1.882,0.0205,0.189,0.369,0.701,12.42,Thu
high_break_trail,NVDA,2026-08-20,2026-08-20 11:35:00-04:00,216.3568,2026-08-20 12:55:00-04:00,217.5078,46,short,-52.95,-0.532,80.0,"break of first-hour low 216.71, 2.0xATR trail",stop,0.326,-0.917,-0.687,0.73,-0.053,2.276,-0.0306,-0.067,0.39,0.076,11.58,Thu
rsi2_reversion,TSLA,2026-08-20,2026-08-20 12:55:00-04:00,343.9019,2026-08-20 13:00:00-04:00,344.3977,29,long,14.38,0.1442,5.0,RSI(2)=8 dip above VWAP,signal,-1.487,-0.575,0.177,0.48,0.06,1.813,0.0196,0.166,0.325,0.579,12.92,Thu
high_break_trail,PLTR,2026-08-20,2026-08-20 12:50:00-04:00,176.118,2026-08-20 13:05:00-04:00,174.4894,56,long,-91.2,-0.9247,15.0,"break of first-hour high 175.89, 2.0xATR trail",stop,0.405,0.13,0.902,1.17,0.029,2.498,0.0148,-0.054,0.44,0.923,12.83,Thu
rsi2_reversion,NVDA,2026-08-20,2026-08-20 12:10:00-04:00,216.5117,2026-08-20 13:10:00-04:00,217.0735,46,short,-25.84,-0.2595,60.0,RSI(2)=96 rip below VWAP,signal,0.326,-0.846,-0.515,0.39,-0.058,2.042,-0.035,-0.047,0.295,0.203,12.17,Thu
squeeze_breakout,NVDA,2026-08-20,2026-08-20 13:00:00-04:00,217.8889,2026-08-20 13:15:00-04:00,216.5333,45,long,-61.0,-0.6221,15.0,squeeze breakout above upper band 217.54,stop,0.326,-0.216,0.149,1.78,0.014,1.87,-0.0191,-0.028,0.243,0.531,13.0,Thu
ema_crossover,TSLA,2026-08-20,2026-08-20 11:30:00-04:00,344.092,2026-08-20 13:15:00-04:00,343.2583,29,long,-24.18,-0.2423,105.0,EMA9/20 cross up above VWAP,signal,-1.487,-0.52,0.376,0.54,0.003,2.107,-0.0242,0.181,0.515,0.602,11.5,Thu
news_momentum,NVDA,2026-08-20,2026-08-20 13:00:00-04:00,217.8889,2026-08-20 13:15:00-04:00,216.6216,45,long,-57.03,-0.5816,15.0,fresh headline <45m + breakout on volume,stop,0.326,-0.216,0.149,1.78,0.014,1.87,-0.0191,-0.028,0.243,0.531,13.0,Thu
ema_crossover,NVDA,2026-08-20,2026-08-20 13:00:00-04:00,217.8889,2026-08-20 13:15:00-04:00,216.6216,45,long,-57.03,-0.5816,15.0,EMA9/20 cross up above VWAP,stop,0.326,-0.216,0.149,1.78,0.014,1.87,-0.0191,-0.028,0.243,0.531,13.0,Thu
squeeze_breakout,COIN,2026-08-20,2026-08-20 13:00:00-04:00,174.8574,2026-08-20 13:20:00-04:00,171.8421,57,long,-171.87,-1.7244,20.0,squeeze breakout above upper band 174.17,stop,7.853,1.139,2.386,0.94,0.014,4.983,0.0426,-0.005,0.883,1.01,13.0,Thu
rsi2_reversion,COIN,2026-08-20,2026-08-20 13:20:00-04:00,172.086,2026-08-20 13:30:00-04:00,172.9135,58,long,48.0,0.4809,10.0,RSI(2)=10 dip above VWAP,signal,7.853,-0.464,0.685,0.57,-0.123,4.967,0.0429,-0.006,0.846,0.69,13.33,Thu
ema_crossover,MSTR,2026-08-20,2026-08-20 11:15:00-04:00,111.7609,2026-08-20 13:35:00-04:00,111.5142,89,long,-21.95,-0.2207,140.0,EMA9/20 cross up above VWAP,signal,8.65,-1.297,0.753,0.72,0.106,5.709,-0.0443,-0.034,1.689,0.646,11.25,Thu
rsi2_reversion,MSTR,2026-08-20,2026-08-20 13:20:00-04:00,111.4557,2026-08-20 13:40:00-04:00,111.7841,89,long,29.23,0.2946,20.0,RSI(2)=8 dip above VWAP,signal,8.65,-1.567,0.145,0.43,-0.123,4.873,0.0328,-0.002,0.876,0.588,13.33,Thu
rsi2_reversion,PLTR,2026-08-20,2026-08-20 13:10:00-04:00,174.8174,2026-08-20 13:40:00-04:00,174.5127,57,long,-17.37,-0.1743,30.0,RSI(2)=4 dip above VWAP,signal,0.405,-0.61,0.143,0.67,-0.057,2.432,0.0128,-0.015,0.396,0.629,13.17,Thu
ema_crossover,PLTR,2026-08-20,2026-08-20 13:20:00-04:00,174.2578,2026-08-20 13:50:00-04:00,175.7378,57,short,-84.36,-0.8493,30.0,EMA9/20 cross down below VWAP,stop,0.405,-0.928,-0.177,0.48,-0.123,2.407,0.0106,-0.022,0.373,0.503,13.33,Thu
ema_crossover,MSTR,2026-08-20,2026-08-20 13:55:00-04:00,112.4562,2026-08-20 14:10:00-04:00,111.3043,88,long,-101.37,-1.0243,15.0,EMA9/20 cross up above VWAP,stop,8.65,-0.683,1.024,0.36,-0.185,4.582,0.0275,-0.008,0.684,0.778,13.92,Thu
rsi2_reversion,NVDA,2026-08-20,2026-08-20 13:50:00-04:00,216.5417,2026-08-20 14:10:00-04:00,216.6583,46,short,-5.36,-0.0539,20.0,RSI(2)=92 rip below VWAP,signal,0.326,-0.833,-0.423,0.47,-0.155,1.745,-0.0162,-0.001,0.198,0.21,13.83,Thu
rsi2_reversion,MSTR,2026-08-20,2026-08-20 14:15:00-04:00,111.4057,2026-08-20 14:25:00-04:00,111.7341,89,long,29.23,0.2948,10.0,RSI(2)=7 dip above VWAP,signal,8.65,-1.611,0.072,0.36,-0.298,4.451,0.0227,0.007,0.621,0.579,14.25,Thu
rsi2_reversion,COIN,2026-08-20,2026-08-20 14:10:00-04:00,171.2456,2026-08-20 14:25:00-04:00,172.0939,58,long,49.2,0.4954,15.0,RSI(2)=5 dip above VWAP,signal,7.853,-0.95,0.137,0.51,-0.311,4.609,0.0317,0.018,0.611,0.593,14.17,Thu
ema_crossover,NVDA,2026-08-20,2026-08-20 13:20:00-04:00,216.2118,2026-08-20 14:30:00-04:00,216.9894,46,short,-35.77,-0.3596,70.0,EMA9/20 cross down below VWAP,signal,0.326,-0.984,-0.599,0.85,-0.123,1.839,-0.0177,-0.014,0.237,0.131,13.33,Thu
rsi2_reversion,NVDA,2026-08-20,2026-08-20 14:30:00-04:00,216.7726,2026-08-20 14:35:00-04:00,216.7783,46,short,-0.27,-0.0027,5.0,RSI(2)=91 rip below VWAP,signal,0.326,-0.727,-0.295,0.47,-0.345,1.637,-0.0129,-0.003,0.167,0.265,14.5,Thu
vwap_pullback,COIN,2026-08-20,2026-08-20 14:40:00-04:00,170.1949,2026-08-20 14:45:00-04:00,171.6275,58,short,-83.09,-0.8417,5.0,rejection at session VWAP 171.03,stop,7.853,-1.558,-0.485,0.34,-0.314,4.518,0.0217,0.03,0.578,0.472,14.67,Thu
vwap_pullback,MSTR,2026-08-20,2026-08-20 14:40:00-04:00,110.5397,2026-08-20 15:05:00-04:00,111.7149,90,short,-105.77,-1.0632,25.0,rejection at session VWAP 111.32,stop,8.65,-2.376,-0.701,0.35,-0.314,4.422,0.0155,0.011,0.616,0.415,14.67,Thu
ema_crossover,TSLA,2026-08-20,2026-08-20 14:50:00-04:00,343.8719,2026-08-20 15:15:00-04:00,342.3987,29,long,-42.72,-0.4284,25.0,EMA9/20 cross up above VWAP,stop,-1.487,-0.583,0.19,0.34,-0.307,1.572,0.0019,0.147,0.208,0.576,14.83,Thu
squeeze_breakout,MSTR,2026-08-20,2026-08-20 14:35:00-04:00,110.7096,2026-08-20 15:30:00-04:00,111.9039,90,short,-107.49,-1.0788,55.0,squeeze breakdown below lower band 110.75,stop,8.65,-2.226,-0.552,0.45,-0.332,4.452,0.0171,0.012,0.619,0.447,14.58,Thu
rsi2_reversion,AMD,2026-08-20,2026-08-20 15:00:00-04:00,463.2582,2026-08-20 15:55:00-04:00,468.1248,21,short,-102.2,-1.0505,55.0,RSI(2)=92 rip below VWAP,stop,-0.1,-0.57,-0.661,1.05,-0.332,2.638,-0.0226,-0.188,0.245,0.184,15.0,Thu
high_break_trail,COIN,2026-08-20,2026-08-20 11:20:00-04:00,174.162,2026-08-20 15:55:00-04:00,172.3738,57,long,-101.93,-1.0268,275.0,"break of first-hour high 173.56, 2.0xATR trail",eod,7.853,0.737,2.22,0.46,0.043,5.604,0.0893,-0.002,1.614,0.989,11.33,Thu
high_break_trail,AMD,2026-08-20,2026-08-20 11:25:00-04:00,464.1328,2026-08-20 15:55:00-04:00,468.1635,21,short,-84.64,-0.8684,270.0,"break of first-hour low 464.28, 2.0xATR trail",stop,-0.1,-0.383,-0.926,0.32,0.103,3.966,-0.0516,-0.286,0.759,0.074,11.42,Thu
orb,TSLA,2026-08-20,2026-08-20 10:20:00-04:00,341.4592,2026-08-20 15:55:00-04:00,345.4526,29,short,-115.81,-1.1695,335.0,break of opening range low 342.25,eod,-1.487,-1.281,-0.746,0.78,0.103,2.071,-0.0531,0.354,0.768,0.029,10.33,Thu
orb,COIN,2026-08-20,2026-08-20 11:20:00-04:00,174.162,2026-08-20 15:55:00-04:00,172.3738,57,long,-101.93,-1.0268,275.0,break of opening range high 173.56,eod,7.853,0.737,2.22,0.46,0.043,5.604,0.0893,-0.002,1.614,0.989,11.33,Thu
vwap_pullback,TSLA,2026-08-20,2026-08-20 13:20:00-04:00,342.5187,2026-08-20 15:55:00-04:00,344.5086,29,short,-57.71,-0.581,155.0,rejection at session VWAP 343.30,stop,-1.487,-0.975,-0.228,0.46,-0.123,1.768,0.0137,0.145,0.289,0.417,13.33,Thu
orb,NVDA,2026-08-20,2026-08-20 10:05:00-04:00,217.0765,2026-08-20 15:55:00-04:00,217.1585,46,short,-3.77,-0.0378,350.0,break of opening range low 217.18,eod,0.326,-0.588,-0.553,0.54,0.089,2.93,-0.1086,-0.227,0.641,0.002,10.08,Thu
orb,AMD,2026-08-20,2026-08-20 10:20:00-04:00,465.0149,2026-08-20 15:55:00-04:00,469.5547,21,short,-95.34,-0.9763,335.0,break of opening range low 465.55,eod,-0.1,-0.193,-0.957,0.53,0.103,5.142,-0.1062,-0.184,1.233,0.065,10.33,Thu
orb,MSTR,2026-08-20,2026-08-20 10:45:00-04:00,109.0405,2026-08-20 15:55:00-04:00,112.3762,91,short,-303.55,-3.0591,310.0,break of opening range low 109.19,eod,8.65,-3.7,-1.71,0.43,0.101,5.149,-0.1669,0.009,2.028,0.131,10.75,Thu
vwap_pullback,AMD,2026-08-20,2026-08-20 10:20:00-04:00,465.0149,2026-08-20 15:55:00-04:00,469.5547,21,short,-95.34,-0.9763,335.0,rejection at session VWAP 469.61,eod,-0.1,-0.193,-0.957,0.53,0.103,5.142,-0.1062,-0.184,1.233,0.065,10.33,Thu
vwap_pullback,PLTR,2026-08-20,2026-08-20 12:50:00-04:00,176.118,2026-08-20 15:55:00-04:00,173.9196,56,long,-123.11,-1.2482,185.0,bounce off session VWAP 174.53,stop,0.405,0.13,0.902,1.17,0.029,2.498,0.0148,-0.054,0.44,0.923,12.83,Thu
vwap_pullback,MSTR,2026-08-21,2026-08-21 10:20:00-04:00,117.7511,2026-08-21 10:20:00-04:00,118.8588,84,short,-93.05,-0.9407,0.0,rejection at session VWAP 118.44,stop,6.642,-1.694,-0.584,0.34,-0.17,6.958,-0.0187,0.075,2.257,0.371,10.33,Fri
vwap_pullback,PLTR,2026-08-21,2026-08-21 10:15:00-04:00,173.5732,2026-08-21 10:25:00-04:00,174.5332,57,short,-54.72,-0.5531,10.0,rejection at session VWAP 173.92,stop,0.029,-0.234,-0.195,0.32,-0.185,2.16,-0.0177,0.287,0.9,0.394,10.25,Fri
rsi2_reversion,COIN,2026-08-21,2026-08-21 10:20:00-04:00,186.5282,2026-08-21 10:35:00-04:00,186.9185,53,long,20.68,0.2092,15.0,RSI(2)=6 dip above VWAP,signal,4.407,3.592,0.351,0.5,-0.17,6.217,0.0937,0.387,1.85,0.644,10.33,Fri
ar_forecast,COIN,2026-08-21,2026-08-21 10:35:00-04:00,187.1055,2026-08-21 10:40:00-04:00,185.1418,53,long,-104.07,-1.0495,5.0,AR(12) forecasts +0.23% over 6 bars,stop,4.407,3.913,0.629,0.25,-0.218,5.648,0.0175,0.323,1.642,0.695,10.58,Fri
ar_forecast,MSTR,2026-08-21,2026-08-21 10:40:00-04:00,118.6098,2026-08-21 10:45:00-04:00,119.8558,84,short,-104.66,-1.0505,5.0,AR(12) forecasts -0.40% over 6 bars,stop,6.642,-0.977,0.077,0.31,-0.187,6.458,0.018,0.03,1.915,0.539,10.67,Fri
vwap_pullback,PLTR,2026-08-21,2026-08-21 10:30:00-04:00,174.4372,2026-08-21 10:55:00-04:00,176.3951,57,long,111.6,1.1224,25.0,bounce off session VWAP 173.94,target,0.029,0.263,0.286,0.6,-0.202,2.286,0.0105,0.192,0.823,0.726,10.5,Fri
ar_forecast,TSLA,2026-08-21,2026-08-21 10:40:00-04:00,355.2123,2026-08-21 10:55:00-04:00,358.9438,28,short,-104.48,-1.0505,15.0,AR(12) forecasts -0.32% over 6 bars,stop,1.296,1.56,0.117,0.57,-0.187,4.465,0.2115,0.073,0.975,0.564,10.67,Fri
ar_forecast,AMD,2026-08-21,2026-08-21 10:35:00-04:00,466.253,2026-08-21 11:00:00-04:00,464.5822,21,long,-35.09,-0.3583,25.0,AR(12) forecasts +0.34% over 6 bars,signal,1.566,-2.185,-0.915,0.31,-0.218,3.365,-0.1401,-0.05,0.773,0.272,10.58,Fri
ar_forecast,NVDA,2026-08-21,2026-08-21 10:35:00-04:00,214.8174,2026-08-21 11:05:00-04:00,215.1224,46,long,14.03,0.142,30.0,AR(12) forecasts +0.35% over 6 bars,signal,0.631,-1.649,-0.853,0.55,-0.218,1.248,-0.1163,-0.155,0.553,0.075,10.58,Fri
ar_forecast,MSTR,2026-08-21,2026-08-21 10:50:00-04:00,120.1951,2026-08-21 11:05:00-04:00,120.7496,83,long,46.03,0.4614,15.0,AR(12) forecasts +0.32% over 6 bars,signal,6.642,0.347,1.346,0.4,-0.129,6.112,0.0507,0.073,1.734,0.849,10.83,Fri
ar_forecast,TSLA,2026-08-21,2026-08-21 11:05:00-04:00,363.3616,2026-08-21 11:10:00-04:00,362.2188,27,long,-30.86,-0.3145,5.0,AR(12) forecasts +0.16% over 6 bars,signal,1.296,3.89,2.029,1.13,-0.027,4.137,0.1869,0.095,0.852,0.955,11.08,Fri
ar_forecast,COIN,2026-08-21,2026-08-21 11:00:00-04:00,190.7296,2026-08-21 11:15:00-04:00,188.6793,52,short,106.61,1.075,15.0,AR(12) forecasts -0.20% over 6 bars,signal,4.407,5.926,2.312,0.66,0.025,5.353,0.0855,0.281,1.353,0.949,11.0,Fri
rsi2_reversion,TSLA,2026-08-21,2026-08-21 11:25:00-04:00,358.8062,2026-08-21 11:35:00-04:00,359.7001,27,long,24.13,0.2491,10.0,RSI(2)=8 dip above VWAP,signal,1.296,2.588,0.624,0.6,-0.012,4.148,0.1451,0.223,0.752,0.691,11.42,Fri
rsi2_reversion,COIN,2026-08-21,2026-08-21 11:25:00-04:00,188.6643,2026-08-21 11:35:00-04:00,188.5357,53,long,-6.82,-0.0682,10.0,RSI(2)=10 dip above VWAP,signal,4.407,4.779,1.084,0.5,-0.012,5.091,0.0595,0.347,1.193,0.779,11.42,Fri
ar_forecast,NVDA,2026-08-21,2026-08-21 11:15:00-04:00,215.6421,2026-08-21 11:45:00-04:00,216.8334,46,short,-54.8,-0.5524,30.0,AR(12) forecasts -0.16% over 6 bars,signal,0.631,-1.272,-0.353,0.43,-0.058,1.295,-0.0517,0.173,0.399,0.269,11.25,Fri
orb,PLTR,2026-08-21,2026-08-21 10:45:00-04:00,175.3136,2026-08-21 11:50:00-04:00,180.0907,57,long,272.3,2.7249,65.0,break of opening range high 175.15,target,0.029,0.767,0.731,0.8,-0.133,2.435,0.0471,0.103,0.75,0.931,10.75,Fri
rsi2_reversion,NVDA,2026-08-21,2026-08-21 11:10:00-04:00,215.3872,2026-08-21 11:50:00-04:00,216.108,46,short,-33.15,-0.3346,40.0,RSI(2)=93 rip below VWAP,signal,0.631,-1.388,-0.479,0.43,-0.046,1.322,-0.0578,0.215,0.412,0.209,11.17,Fri
rsi2_reversion,AMD,2026-08-21,2026-08-21 11:15:00-04:00,467.9759,2026-08-21 12:00:00-04:00,469.2745,21,short,-27.27,-0.2775,45.0,RSI(2)=95 rip below VWAP,signal,1.566,-1.824,-0.32,0.45,-0.058,3.013,-0.0647,-0.053,0.624,0.386,11.25,Fri
ar_forecast,PLTR,2026-08-21,2026-08-21 11:45:00-04:00,179.6398,2026-08-21 12:15:00-04:00,180.7693,55,long,62.12,0.6288,30.0,AR(12) forecasts +0.18% over 6 bars,signal,0.029,3.253,2.219,1.18,0.125,2.571,0.1352,-0.053,0.589,0.959,11.75,Fri
vwap_pullback,AMD,2026-08-21,2026-08-21 12:10:00-04:00,468.0958,2026-08-21 12:20:00-04:00,471.0936,21,short,-62.95,-0.6404,10.0,rejection at session VWAP 469.45,stop,1.566,-1.799,-0.285,0.35,0.025,2.548,-0.007,-0.031,0.418,0.394,12.17,Fri
rsi2_reversion,MSTR,2026-08-21,2026-08-21 11:55:00-04:00,120.1801,2026-08-21 12:20:00-04:00,120.0949,83,long,-7.07,-0.0708,25.0,RSI(2)=4 dip above VWAP,signal,6.642,0.334,0.934,0.26,0.15,4.648,0.071,0.098,1.076,0.716,11.92,Fri
ema_crossover,NVDA,2026-08-21,2026-08-21 11:45:00-04:00,216.8334,2026-08-21 12:20:00-04:00,215.4272,46,long,-64.68,-0.6485,35.0,EMA9/20 cross up above VWAP,signal,0.631,-0.726,0.206,0.72,0.125,1.397,-0.0172,0.172,0.351,0.55,11.75,Fri
rsi2_reversion,COIN,2026-08-21,2026-08-21 12:10:00-04:00,186.9034,2026-08-21 12:25:00-04:00,187.876,53,long,51.55,0.5204,15.0,RSI(2)=3 dip above VWAP,signal,4.407,3.801,0.038,0.44,0.025,4.604,0.0288,0.355,0.89,0.634,12.17,Fri
ar_forecast,PLTR,2026-08-21,2026-08-21 12:20:00-04:00,180.7353,2026-08-21 12:40:00-04:00,180.2848,55,long,-24.78,-0.2493,20.0,AR(12) forecasts +0.35% over 6 bars,signal,0.029,3.883,1.697,0.51,0.019,2.985,0.1523,-0.073,0.595,0.828,12.33,Fri
ema_crossover,MSTR,2026-08-21,2026-08-21 12:50:00-04:00,120.3451,2026-08-21 13:20:00-04:00,119.3003,83,long,-86.72,-0.8682,30.0,EMA9/20 cross up above VWAP,stop,6.642,0.472,0.998,0.31,-0.004,4.306,0.0328,0.059,0.784,0.743,12.83,Fri
rsi2_reversion,MSTR,2026-08-21,2026-08-21 13:25:00-04:00,119.5047,2026-08-21 13:30:00-04:00,120.2199,83,long,59.36,0.5984,5.0,RSI(2)=9 dip above VWAP,signal,6.642,-0.23,0.261,0.38,-0.033,4.202,0.0241,0.047,0.689,0.604,13.42,Fri
vwap_pullback,AMD,2026-08-21,2026-08-21 13:25:00-04:00,468.9054,2026-08-21 13:35:00-04:00,471.1175,21,short,-46.45,-0.4718,10.0,rejection at session VWAP 469.47,stop,1.566,-1.629,-0.12,0.38,-0.033,2.164,0.0069,-0.038,0.275,0.447,13.42,Fri
high_break_trail,PLTR,2026-08-21,2026-08-21 10:45:00-04:00,175.3136,2026-08-21 13:40:00-04:00,179.5854,57,long,243.49,2.4367,175.0,"break of first-hour high 175.15, 2.0xATR trail",stop,0.029,0.767,0.731,0.8,-0.133,2.435,0.0471,0.103,0.75,0.931,10.75,Fri
ema_crossover,MSTR,2026-08-21,2026-08-21 13:35:00-04:00,120.4702,2026-08-21 13:45:00-04:00,119.7101,83,long,-63.09,-0.6309,10.0,EMA9/20 cross up above VWAP,signal,6.642,0.576,1.061,0.26,-0.062,4.116,0.0233,0.051,0.629,0.764,13.58,Fri
rsi2_reversion,TSLA,2026-08-21,2026-08-21 13:55:00-04:00,363.1565,2026-08-21 14:05:00-04:00,363.1134,27,long,-1.16,-0.0119,10.0,RSI(2)=8 dip above VWAP,signal,1.296,3.832,1.213,0.36,-0.081,3.023,0.0639,0.23,0.323,0.899,13.92,Fri
rsi2_reversion,PLTR,2026-08-21,2026-08-21 13:40:00-04:00,179.7999,2026-08-21 14:05:00-04:00,179.4802,55,long,-17.58,-0.1778,25.0,RSI(2)=9 dip above VWAP,signal,0.029,3.345,0.912,0.44,-0.052,2.669,0.1002,-0.004,0.369,0.733,13.67,Fri
high_break_trail,COIN,2026-08-21,2026-08-21 11:00:00-04:00,190.9204,2026-08-21 14:10:00-04:00,185.4343,52,long,-285.28,-2.8735,190.0,"break of first-hour high 190.58, 2.0xATR trail",stop,4.407,6.032,2.415,0.66,0.025,5.353,0.0855,0.281,1.353,0.964,11.0,Fri
rsi2_reversion,NVDA,2026-08-21,2026-08-21 13:50:00-04:00,215.6971,2026-08-21 14:15:00-04:00,215.8529,46,short,-7.17,-0.0722,25.0,RSI(2)=94 rip below VWAP,signal,0.631,-1.247,-0.221,0.53,-0.061,1.219,-0.0075,-0.008,0.183,0.282,13.83,Fri
vwap_pullback,COIN,2026-08-21,2026-08-21 10:50:00-04:00,189.1695,2026-08-21 14:15:00-04:00,185.3826,52,long,-196.92,-2.0019,205.0,bounce off session VWAP 186.03,stop,4.407,5.059,1.609,0.56,-0.129,5.63,0.0519,0.289,1.485,0.876,10.83,Fri
vwap_pullback,MSTR,2026-08-21,2026-08-21 10:50:00-04:00,120.1951,2026-08-21 14:45:00-04:00,118.1368,83,long,-170.84,-1.7125,235.0,bounce off session VWAP 118.55,stop,6.642,0.347,1.346,0.4,-0.129,6.112,0.0507,0.073,1.734,0.849,10.83,Fri
rsi2_reversion,AMD,2026-08-21,2026-08-21 15:30:00-04:00,471.6657,2026-08-21 15:35:00-04:00,471.774,21,long,2.27,0.023,5.0,RSI(2)=4 dip above VWAP,signal,1.566,-1.05,0.339,0.63,0.005,1.839,0.0138,-0.031,0.181,0.628,15.5,Fri
squeeze_breakout,AMD,2026-08-21,2026-08-21 14:00:00-04:00,471.7608,2026-08-21 15:50:00-04:00,469.8563,21,long,-39.99,-0.4037,110.0,squeeze breakout above upper band 471.37,stop,1.566,-1.03,0.411,3.81,-0.05,2.045,0.011,-0.026,0.237,0.634,14.0,Fri
orb,AMD,2026-08-21,2026-08-21 10:10:00-04:00,467.6461,2026-08-21 15:55:00-04:00,472.9864,21,short,-112.15,-1.142,345.0,break of opening range low 468.11,eod,1.566,-1.893,-0.922,0.56,-0.175,3.435,-0.18,-0.338,0.848,0.227,10.17,Fri
squeeze_breakout,COIN,2026-08-21,2026-08-21 14:10:00-04:00,185.5972,2026-08-21 15:55:00-04:00,187.0242,53,short,-75.63,-0.7689,105.0,squeeze breakdown below lower band 185.88,stop,4.407,3.075,-0.682,0.38,-0.093,3.927,-0.0118,0.218,0.55,0.526,14.17,Fri
orb,COIN,2026-08-21,2026-08-21 10:00:00-04:00,189.5272,2026-08-21 15:55:00-04:00,186.4817,52,long,-158.37,-1.6069,355.0,break of opening range high 188.40,eod,4.407,5.258,2.271,0.45,-0.146,5.944,0.4651,-0.055,2.051,0.96,10.0,Fri
high_break_trail,TSLA,2026-08-21,2026-08-21 11:05:00-04:00,363.3616,2026-08-21 15:55:00-04:00,362.6986,27,long,-17.9,-0.1825,290.0,"break of first-hour high 361.65, 2.0xATR trail",eod,1.296,3.89,2.029,1.13,-0.027,4.137,0.1869,0.095,0.852,0.955,11.08,Fri
high_break_trail,MSTR,2026-08-21,2026-08-21 11:10:00-04:00,121.1055,2026-08-21 15:55:00-04:00,119.1804,82,long,-157.86,-1.5896,285.0,"break of first-hour high 120.97, 2.0xATR trail",eod,6.642,1.107,1.937,0.61,-0.046,5.479,0.0912,0.073,1.476,0.869,11.17,Fri
ema_crossover,COIN,2026-08-21,2026-08-21 12:15:00-04:00,186.5868,2026-08-21 15:55:00-04:00,186.6683,53,short,-4.32,-0.0437,220.0,EMA9/20 cross down below VWAP,eod,4.407,3.625,-0.133,0.43,-0.004,4.551,0.0244,0.348,0.865,0.608,12.25,Fri
ema_crossover,NVDA,2026-08-21,2026-08-21 14:35:00-04:00,215.0523,2026-08-21 15:55:00-04:00,214.8574,46,short,8.97,0.0906,80.0,EMA9/20 cross down below VWAP,eod,0.631,-1.542,-0.504,0.44,-0.107,1.179,-0.0051,-0.003,0.165,0.13,14.58,Fri
vwap_pullback,NVDA,2026-08-21,2026-08-21 12:10:00-04:00,215.7521,2026-08-21 15:55:00-04:00,214.8574,46,short,41.16,0.4147,225.0,rejection at session VWAP 216.38,eod,0.631,-1.221,-0.285,0.5,0.025,1.398,-0.008,-0.048,0.304,0.295,12.17,Fri
squeeze_breakout,MSTR,2026-08-21,2026-08-21 14:35:00-04:00,119.1904,2026-08-21 15:55:00-04:00,119.2996,83,short,-9.07,-0.0917,80.0,squeeze breakdown below lower band 119.24,eod,6.642,-0.492,-0.043,0.37,-0.107,3.892,0.0106,0.047,0.562,0.552,14.58,Fri
orb,MSTR,2026-08-21,2026-08-21 09:50:00-04:00,120.5703,2026-08-21 15:55:00-04:00,119.1804,82,long,-113.97,-1.1528,365.0,break of opening range high 119.94,eod,6.642,0.66,1.862,0.52,-0.213,9.375,0.4556,0.401,2.821,0.922,9.83,Fri
orb,TSLA,2026-08-21,2026-08-21 10:00:00-04:00,354.5472,2026-08-21 15:55:00-04:00,362.6986,28,long,228.24,2.2991,355.0,break of opening range high 351.58,eod,1.296,1.37,0.984,1.02,-0.146,4.072,0.3768,-0.129,1.153,0.785,10.0,Fri
orb,NVDA,2026-08-21,2026-08-21 09:55:00-04:00,216.4067,2026-08-21 15:55:00-04:00,214.8574,46,short,71.27,0.716,360.0,break of opening range low 216.73,eod,0.631,-0.922,-0.519,0.44,-0.201,1.365,-0.1309,-0.545,0.737,0.176,9.92,Fri
ema_crossover,AMD,2026-08-21,2026-08-21 11:40:00-04:00,469.9649,2026-08-21 15:55:00-04:00,472.5136,21,long,53.52,0.5423,255.0,EMA9/20 cross up above VWAP,eod,1.566,-1.407,0.113,0.55,0.163,2.787,-0.0248,-0.016,0.516,0.516,11.67,Fri
vwap_pullback,PLTR,2026-08-24,2026-08-24 10:20:00-04:00,173.0184,2026-08-24 10:30:00-04:00,174.3226,57,short,-74.33,-0.7537,10.0,rejection at session VWAP 173.71,stop,-1.384,-2.497,-0.385,0.41,-0.252,4.557,0.0334,-0.282,2.115,0.272,10.33,Mon
rsi2_reversion,TSLA,2026-08-24,2026-08-24 10:25:00-04:00,354.1454,2026-08-24 10:35:00-04:00,357.8657,28,short,-104.17,-1.0505,10.0,RSI(2)=90 rip below VWAP,stop,-0.311,-2.102,-0.186,0.57,-0.243,1.906,0.0144,0.127,1.284,0.22,10.42,Mon
ar_forecast,MSTR,2026-08-24,2026-08-24 10:35:00-04:00,126.6683,2026-08-24 10:40:00-04:00,125.3389,78,long,-103.69,-1.0495,5.0,AR(12) forecasts +0.40% over 6 bars,stop,2.18,3.963,3.26,0.68,-0.141,5.373,0.3697,-0.504,1.656,0.963,10.58,Mon
ar_forecast,NVDA,2026-08-24,2026-08-24 10:35:00-04:00,210.3251,2026-08-24 10:45:00-04:00,209.7651,47,long,-26.32,-0.2663,10.0,AR(12) forecasts +0.25% over 6 bars,signal,0.293,-2.347,-0.232,0.59,-0.141,3.47,-0.0817,0.183,0.729,0.245,10.58,Mon
ar_forecast,MSTR,2026-08-24,2026-08-24 10:45:00-04:00,125.3326,2026-08-24 10:50:00-04:00,124.0173,79,long,-103.91,-1.0495,5.0,AR(12) forecasts +0.32% over 6 bars,stop,2.18,2.867,1.993,0.76,-0.118,5.894,0.3004,-0.146,1.608,0.786,10.75,Mon
ar_forecast,TSLA,2026-08-24,2026-08-24 10:35:00-04:00,356.6515,2026-08-24 10:50:00-04:00,357.9889,28,short,-37.45,-0.375,15.0,AR(12) forecasts -0.19% over 6 bars,signal,-0.311,-1.409,0.441,0.83,-0.141,2.489,0.0614,0.248,1.174,0.435,10.58,Mon
rsi2_reversion,NVDA,2026-08-24,2026-08-24 10:35:00-04:00,210.1149,2026-08-24 11:00:00-04:00,209.8048,47,short,14.57,0.1476,25.0,RSI(2)=94 rip below VWAP,signal,0.293,-2.445,-0.331,0.59,-0.141,3.47,-0.0817,0.183,0.729,0.214,10.58,Mon
ar_forecast,AMD,2026-08-24,2026-08-24 10:35:00-04:00,458.3706,2026-08-24 11:00:00-04:00,456.6882,21,short,35.33,0.367,25.0,AR(12) forecasts -0.16% over 6 bars,signal,-1.01,-2.052,0.243,0.67,-0.141,3.136,-0.0191,-0.177,1.134,0.424,10.58,Mon
ar_forecast,COIN,2026-08-24,2026-08-24 10:45:00-04:00,188.5767,2026-08-24 11:05:00-04:00,186.5976,53,long,-104.89,-1.0495,20.0,AR(12) forecasts +0.25% over 6 bars,stop,1.139,-0.065,0.248,0.51,-0.118,5.155,0.0775,-0.252,1.49,0.537,10.75,Mon
rsi2_reversion,MSTR,2026-08-24,2026-08-24 10:55:00-04:00,123.8219,2026-08-24 11:10:00-04:00,125.0874,80,long,101.24,1.0221,15.0,RSI(2)=7 dip above VWAP,signal,2.18,1.627,0.709,0.49,-0.149,6.002,0.2317,-0.128,1.505,0.587,10.92,Mon
ar_forecast,PLTR,2026-08-24,2026-08-24 10:50:00-04:00,176.058,2026-08-24 11:20:00-04:00,176.9215,56,long,48.36,0.4905,30.0,AR(12) forecasts +0.33% over 6 bars,signal,-1.384,-0.784,1.196,0.43,-0.152,3.975,0.1046,-0.058,1.512,0.755,10.83,Mon
vwap_pullback,AMD,2026-08-24,2026-08-24 11:00:00-04:00,456.2318,2026-08-24 11:25:00-04:00,458.857,21,short,-55.13,-0.5754,25.0,rejection at session VWAP 457.25,stop,-1.01,-2.509,-0.218,0.33,-0.225,2.721,0.0098,-0.159,0.88,0.298,11.0,Mon
ar_forecast,AMD,2026-08-24,2026-08-24 11:15:00-04:00,456.3681,2026-08-24 11:30:00-04:00,458.7105,21,long,49.19,0.5133,15.0,AR(12) forecasts +0.18% over 6 bars,signal,-1.01,-2.48,-0.176,0.53,-0.275,2.551,0.008,-0.151,0.76,0.306,11.25,Mon
ar_forecast,TSLA,2026-08-24,2026-08-24 11:05:00-04:00,358.129,2026-08-24 11:35:00-04:00,356.8015,27,long,-35.84,-0.3707,30.0,AR(12) forecasts +0.21% over 6 bars,signal,-0.311,-1.001,0.706,0.65,-0.234,2.12,0.0841,0.236,0.869,0.562,11.08,Mon
vwap_pullback,COIN,2026-08-24,2026-08-24 10:55:00-04:00,187.1064,2026-08-24 11:45:00-04:00,184.0939,53,short,159.66,1.61,50.0,rejection at session VWAP 188.09,target,1.139,-0.845,-0.523,0.36,-0.149,4.988,0.0537,-0.25,1.367,0.329,10.92,Mon
rsi2_reversion,TSLA,2026-08-24,2026-08-24 11:35:00-04:00,357.1585,2026-08-24 11:45:00-04:00,357.2014,27,long,1.16,0.012,10.0,RSI(2)=6 dip above VWAP,signal,-0.311,-1.269,0.371,0.61,-0.099,1.917,0.0608,0.227,0.673,0.478,11.58,Mon
ar_forecast,COIN,2026-08-24,2026-08-24 11:30:00-04:00,187.5362,2026-08-24 11:50:00-04:00,184.0313,53,short,185.76,1.8689,20.0,AR(12) forecasts -0.30% over 6 bars,signal,1.139,-0.617,-0.227,0.59,-0.123,4.553,0.0026,-0.298,1.069,0.39,11.5,Mon
ar_forecast,PLTR,2026-08-24,2026-08-24 11:25:00-04:00,177.2686,2026-08-24 11:55:00-04:00,177.2163,56,long,-2.93,-0.0295,30.0,AR(12) forecasts +0.19% over 6 bars,signal,-1.384,-0.102,1.619,0.7,-0.136,3.685,0.1165,-0.225,1.071,0.932,11.42,Mon
rsi2_reversion,NVDA,2026-08-24,2026-08-24 11:30:00-04:00,209.7501,2026-08-24 12:00:00-04:00,210.3451,47,short,-27.97,-0.2837,30.0,RSI(2)=96 rip below VWAP,signal,0.293,-2.614,-0.341,0.78,-0.123,2.653,-0.0277,0.23,0.466,0.162,11.5,Mon
rsi2_reversion,MSTR,2026-08-24,2026-08-24 11:45:00-04:00,125.3226,2026-08-24 12:05:00-04:00,125.2374,79,long,-6.74,-0.068,20.0,RSI(2)=9 dip above VWAP,signal,2.18,2.858,1.371,0.77,-0.065,5.591,0.1584,0.112,1.168,0.697,11.75,Mon
rsi2_reversion,AMD,2026-08-24,2026-08-24 12:05:00-04:00,458.6792,2026-08-24 12:15:00-04:00,459.5701,21,long,18.71,0.1942,10.0,RSI(2)=6 dip above VWAP,signal,-1.01,-1.986,0.175,1.43,-0.041,2.383,0.0378,-0.007,0.551,0.442,12.08,Mon
rsi2_reversion,TSLA,2026-08-24,2026-08-24 12:05:00-04:00,356.148,2026-08-24 12:20:00-04:00,356.4217,28,long,7.66,0.0769,15.0,RSI(2)=9 dip above VWAP,signal,-0.311,-1.549,0.065,0.4,-0.041,1.808,0.0369,0.164,0.528,0.392,12.08,Mon
ar_forecast,NVDA,2026-08-24,2026-08-24 11:55:00-04:00,210.4747,2026-08-24 12:25:00-04:00,210.8554,47,short,-17.89,-0.1809,30.0,AR(12) forecasts -0.17% over 6 bars,signal,0.293,-2.278,0.011,0.39,-0.034,2.45,-0.0096,0.233,0.394,0.266,11.92,Mon
ema_crossover,TSLA,2026-08-24,2026-08-24 12:30:00-04:00,357.1535,2026-08-24 12:35:00-04:00,355.4423,27,long,-46.2,-0.4791,5.0,EMA9/20 cross up above VWAP,stop,-0.311,-1.271,0.337,0.35,-0.027,1.698,0.0274,0.153,0.425,0.478,12.5,Mon
rsi2_reversion,MSTR,2026-08-24,2026-08-24 12:45:00-04:00,124.2821,2026-08-24 12:50:00-04:00,122.9778,80,long,-104.35,-1.0495,5.0,RSI(2)=4 dip above VWAP,stop,2.18,2.004,0.398,0.38,-0.056,4.869,0.0624,0.119,0.79,0.575,12.75,Mon
high_break_trail,MSTR,2026-08-24,2026-08-24 10:35:00-04:00,126.6683,2026-08-24 12:50:00-04:00,123.4436,78,long,-251.53,-2.5458,135.0,"break of first-hour high 126.20, 2.0xATR trail",stop,2.18,3.963,3.26,0.68,-0.141,5.373,0.3697,-0.504,1.656,0.963,10.58,Mon
squeeze_breakout,PLTR,2026-08-24,2026-08-24 13:00:00-04:00,177.8789,2026-08-24 13:05:00-04:00,177.2834,56,long,-33.35,-0.3348,5.0,squeeze breakout above upper band 177.72,stop,-1.384,0.242,1.649,0.47,-0.101,2.872,0.0674,-0.219,0.417,0.997,13.0,Mon
squeeze_breakout,TSLA,2026-08-24,2026-08-24 12:40:00-04:00,355.1273,2026-08-24 13:25:00-04:00,357.0244,28,short,-53.12,-0.5342,45.0,squeeze breakdown below lower band 355.38,stop,-0.311,-1.831,-0.226,0.74,-0.061,1.763,0.0214,0.204,0.413,0.304,12.67,Mon
ema_crossover,AMD,2026-08-24,2026-08-24 11:30:00-04:00,459.1695,2026-08-24 13:30:00-04:00,458.3307,21,long,-17.61,-0.1827,120.0,EMA9/20 cross up above VWAP,signal,-1.01,-1.882,0.415,0.69,-0.123,2.48,0.0206,-0.063,0.668,0.471,11.5,Mon
squeeze_breakout,PLTR,2026-08-24,2026-08-24 13:15:00-04:00,178.1691,2026-08-24 13:45:00-04:00,177.3245,56,long,-47.3,-0.4741,30.0,squeeze breakout above upper band 177.85,stop,-1.384,0.405,1.753,0.68,-0.086,2.791,0.0634,-0.216,0.392,0.975,13.25,Mon
rsi2_reversion,PLTR,2026-08-24,2026-08-24 13:45:00-04:00,177.5788,2026-08-24 13:50:00-04:00,178.0209,56,long,24.76,0.249,5.0,RSI(2)=6 dip above VWAP,signal,-1.384,0.073,1.318,0.29,-0.201,2.678,0.0551,-0.202,0.354,0.887,13.75,Mon
rsi2_reversion,AMD,2026-08-24,2026-08-24 13:30:00-04:00,458.7893,2026-08-24 14:05:00-04:00,457.731,21,long,-22.22,-0.2307,35.0,RSI(2)=9 dip above VWAP,signal,-1.01,-1.963,0.136,0.36,-0.194,2.064,0.0244,0.02,0.311,0.449,13.5,Mon
vwap_pullback,AMD,2026-08-24,2026-08-24 13:35:00-04:00,457.4761,2026-08-24 14:20:00-04:00,459.7761,21,short,-48.3,-0.5027,45.0,rejection at session VWAP 458.17,stop,-1.01,-2.243,-0.15,0.45,-0.182,2.042,0.0229,0.019,0.297,0.371,13.58,Mon
squeeze_breakout,AMD,2026-08-24,2026-08-24 13:35:00-04:00,457.4761,2026-08-24 14:20:00-04:00,459.8451,21,short,-49.75,-0.5178,45.0,squeeze breakdown below lower band 457.96,stop,-1.01,-2.243,-0.15,0.45,-0.182,2.042,0.0229,0.019,0.297,0.371,13.58,Mon
ema_crossover,NVDA,2026-08-24,2026-08-24 12:55:00-04:00,209.6151,2026-08-24 14:30:00-04:00,210.4952,47,short,-41.36,-0.4198,95.0,EMA9/20 cross down below VWAP,signal,0.293,-2.677,-0.391,0.52,-0.077,2.111,0.0013,0.22,0.257,0.143,12.92,Mon
rsi2_reversion,NVDA,2026-08-24,2026-08-24 14:05:00-04:00,209.6751,2026-08-24 14:40:00-04:00,210.015,47,short,-15.97,-0.1621,35.0,RSI(2)=90 rip below VWAP,signal,0.293,-2.649,-0.32,0.5,-0.112,1.872,-0.0028,0.234,0.171,0.151,14.08,Mon
squeeze_breakout,NVDA,2026-08-24,2026-08-24 14:30:00-04:00,210.4952,2026-08-24 14:40:00-04:00,209.6462,47,long,-39.9,-0.4033,10.0,squeeze breakout above upper band 210.30,stop,0.293,-2.268,0.076,0.48,-0.014,1.816,-0.0016,0.236,0.163,0.269,14.5,Mon
vwap_pullback,TSLA,2026-08-24,2026-08-24 12:45:00-04:00,354.6553,2026-08-24 14:55:00-04:00,350.1363,28,short,126.53,1.2742,130.0,rejection at session VWAP 355.93,target,-0.311,-1.961,-0.355,0.67,-0.056,1.741,0.0188,0.198,0.396,0.264,12.75,Mon
high_break_trail,PLTR,2026-08-24,2026-08-24 13:00:00-04:00,177.8789,2026-08-24 14:55:00-04:00,177.1384,56,long,-41.47,-0.4163,115.0,"break of first-hour high 177.60, 2.0xATR trail",stop,-1.384,0.242,1.649,0.47,-0.101,2.872,0.0674,-0.219,0.417,0.997,13.0,Mon
high_break_trail,TSLA,2026-08-24,2026-08-24 14:50:00-04:00,351.1343,2026-08-24 15:10:00-04:00,350.235,28,short,25.18,0.2561,20.0,"break of first-hour low 351.58, 2.0xATR trail",stop,-0.311,-2.935,-1.21,1.26,-0.084,1.635,-0.0094,0.197,0.267,0.081,14.83,Mon
rsi2_reversion,PLTR,2026-08-24,2026-08-24 15:00:00-04:00,176.8234,2026-08-24 15:15:00-04:00,176.7116,56,long,-6.26,-0.0632,15.0,RSI(2)=4 dip above VWAP,signal,-1.384,-0.353,0.549,0.73,-0.112,2.558,0.0382,-0.106,0.321,0.741,15.0,Mon
ema_crossover,NVDA,2026-08-24,2026-08-24 14:55:00-04:00,209.3103,2026-08-24 15:55:00-04:00,208.5642,47,short,35.06,0.3564,60.0,EMA9/20 cross down below VWAP,eod,0.293,-2.818,-0.473,0.5,-0.102,1.754,-0.0023,0.241,0.16,0.099,14.92,Mon
orb,MSTR,2026-08-24,2026-08-24 10:10:00-04:00,124.112,2026-08-24 15:55:00-04:00,122.5887,80,long,-121.87,-1.2274,345.0,break of opening range high 122.90,eod,2.18,1.865,1.988,0.59,-0.235,5.363,0.2948,-0.434,1.936,0.886,10.17,Mon
vwap_pullback,NVDA,2026-08-24,2026-08-24 12:55:00-04:00,209.6151,2026-08-24 15:55:00-04:00,208.5642,47,short,49.39,0.5013,180.0,rejection at session VWAP 210.44,eod,0.293,-2.677,-0.391,0.52,-0.077,2.111,0.0013,0.22,0.257,0.143,12.92,Mon
high_break_trail,COIN,2026-08-24,2026-08-24 11:50:00-04:00,183.8473,2026-08-24 15:55:00-04:00,179.5747,54,short,230.72,2.324,245.0,"break of first-hour low 184.79, 2.0xATR trail",eod,1.139,-2.572,-2.028,0.95,-0.061,4.473,-0.0351,-0.175,1.025,0.052,11.83,Mon
ema_crossover,TSLA,2026-08-24,2026-08-24 12:40:00-04:00,355.1273,2026-08-24 15:55:00-04:00,349.1145,28,short,168.36,1.6932,195.0,EMA9/20 cross down below VWAP,eod,-0.311,-1.831,-0.226,0.74,-0.061,1.763,0.0214,0.204,0.413,0.304,12.67,Mon
orb,NVDA,2026-08-24,2026-08-24 09:50:00-04:00,209.4953,2026-08-24 15:55:00-04:00,208.5642,47,short,43.76,0.4444,365.0,break of opening range low 209.68,eod,0.293,-2.732,-1.107,0.68,-0.17,5.081,-0.483,-0.322,1.098,0.072,9.83,Mon
squeeze_breakout,MSTR,2026-08-24,2026-08-24 13:25:00-04:00,121.8391,2026-08-24 15:55:00-04:00,122.7113,82,short,-71.53,-0.7159,150.0,squeeze breakdown below lower band 122.13,eod,2.18,-0.001,-1.519,0.59,-0.18,4.901,0.0106,0.08,0.775,0.289,13.42,Mon
orb,AMD,2026-08-24,2026-08-24 09:55:00-04:00,454.3627,2026-08-24 15:55:00-04:00,456.9891,22,short,-57.78,-0.578,360.0,break of opening range low 455.31,eod,-1.01,-2.909,-0.959,0.65,-0.182,2.43,-0.213,-0.699,1.631,0.116,9.92,Mon
news_momentum,TSLA,2026-08-24,2026-08-24 15:00:00-04:00,348.5656,2026-08-24 15:55:00-04:00,349.1145,28,short,-15.37,-0.1575,55.0,fresh headline <45m + breakdown on volume,eod,-0.311,-3.645,-1.831,2.29,-0.112,1.659,-0.0135,0.244,0.279,0.02,15.0,Mon
squeeze_breakout,COIN,2026-08-24,2026-08-24 13:25:00-04:00,181.9655,2026-08-24 15:55:00-04:00,179.5747,54,short,129.1,1.3138,150.0,squeeze breakdown below lower band 182.77,eod,1.139,-3.569,-2.725,1.0,-0.18,3.964,-0.0556,-0.182,0.617,0.008,13.42,Mon
vwap_pullback,TSLA,2026-08-25,2026-08-25 10:10:00-04:00,352.6412,2026-08-25 10:10:00-04:00,350.1805,28,long,-68.9,-0.6978,0.0,bounce off session VWAP 351.41,stop,0.198,0.861,0.351,1.37,-0.127,2.766,0.0453,0.18,0.711,0.8,10.17,Tue
vwap_pullback,AMD,2026-08-25,2026-08-25 10:20:00-04:00,472.5457,2026-08-25 10:35:00-04:00,476.3499,21,short,-79.89,-0.805,15.0,rejection at session VWAP 474.68,stop,3.906,-0.433,-0.431,0.39,-0.138,4.782,-0.0595,-0.347,1.297,0.359,10.33,Tue
vwap_pullback,TSLA,2026-08-25,2026-08-25 10:40:00-04:00,352.9764,2026-08-25 10:45:00-04:00,350.2158,28,long,-77.3,-0.7821,5.0,bounce off session VWAP 351.45,stop,0.198,0.957,0.43,0.39,-0.236,2.922,0.0242,-0.235,0.66,0.878,10.67,Tue
ar_forecast,AMD,2026-08-25,2026-08-25 10:50:00-04:00,475.1323,2026-08-25 11:00:00-04:00,480.1236,21,short,-104.82,-1.0505,10.0,AR(12) forecasts -0.19% over 6 bars,stop,3.906,0.112,0.09,0.3,-0.196,4.474,0.0072,-0.298,1.074,0.626,10.83,Tue
ar_forecast,PLTR,2026-08-25,2026-08-25 10:35:00-04:00,173.903,2026-08-25 11:00:00-04:00,174.9374,57,short,-58.96,-0.5948,25.0,AR(12) forecasts -0.44% over 6 bars,signal,0.438,-1.558,-1.662,0.99,-0.149,4.945,-0.221,0.545,0.993,0.025,10.58,Tue
rsi2_reversion,PLTR,2026-08-25,2026-08-25 11:00:00-04:00,174.7626,2026-08-25 11:05:00-04:00,173.6467,57,short,63.61,0.6385,5.0,RSI(2)=93 rip below VWAP,signal,0.438,-1.071,-0.938,0.64,-0.223,4.501,-0.17,0.441,0.825,0.198,11.0,Tue
ar_forecast,NVDA,2026-08-25,2026-08-25 10:35:00-04:00,211.6758,2026-08-25 11:05:00-04:00,210.6047,47,long,-50.34,-0.506,30.0,AR(12) forecasts +0.16% over 6 bars,signal,1.23,0.308,-0.384,0.84,-0.149,2.585,-0.0267,0.443,0.555,0.339,10.58,Tue
ar_forecast,MSTR,2026-08-25,2026-08-25 10:45:00-04:00,125.9579,2026-08-25 11:15:00-04:00,126.1369,79,long,14.14,0.1421,30.0,AR(12) forecasts +0.28% over 6 bars,signal,-2.968,5.838,2.561,0.67,-0.253,5.059,0.3316,-0.264,1.44,0.885,10.75,Tue
ar_forecast,COIN,2026-08-25,2026-08-25 10:45:00-04:00,185.7828,2026-08-25 11:15:00-04:00,184.4277,53,long,-71.82,-0.7294,30.0,AR(12) forecasts +0.46% over 6 bars,signal,-1.85,5.46,2.909,0.42,-0.253,6.541,0.3354,0.101,1.46,0.92,10.75,Tue
ar_forecast,TSLA,2026-08-25,2026-08-25 10:50:00-04:00,350.5752,2026-08-25 11:15:00-04:00,351.6841,28,long,31.05,0.3163,25.0,AR(12) forecasts +0.18% over 6 bars,signal,0.198,0.27,-0.239,0.58,-0.196,2.944,0.0058,-0.128,0.627,0.32,10.83,Tue
ar_forecast,AMD,2026-08-25,2026-08-25 11:05:00-04:00,478.3107,2026-08-25 11:20:00-04:00,478.9493,20,short,-12.77,-0.1335,15.0,AR(12) forecasts -0.17% over 6 bars,signal,3.906,0.782,0.683,0.72,-0.203,4.104,0.0347,-0.276,0.931,0.848,11.08,Tue
ar_forecast,COIN,2026-08-25,2026-08-25 11:20:00-04:00,184.9975,2026-08-25 11:25:00-04:00,184.7976,54,long,-10.79,-0.1081,5.0,AR(12) forecasts +0.21% over 6 bars,signal,-1.85,5.014,2.116,0.3,-0.181,6.11,0.2055,-0.033,1.143,0.848,11.33,Tue
ar_forecast,PLTR,2026-08-25,2026-08-25 11:20:00-04:00,174.6973,2026-08-25 11:30:00-04:00,174.0679,57,long,-35.87,-0.3603,10.0,AR(12) forecasts +0.18% over 6 bars,signal,0.438,-1.108,-0.834,0.61,-0.181,4.288,-0.1334,0.381,0.721,0.224,11.33,Tue
ar_forecast,NVDA,2026-08-25,2026-08-25 11:10:00-04:00,210.6403,2026-08-25 11:30:00-04:00,211.0944,47,long,21.34,0.2156,20.0,AR(12) forecasts +0.36% over 6 bars,signal,1.23,-0.182,-0.751,0.5,-0.205,2.121,-0.0642,0.454,0.426,0.115,11.17,Tue
ar_forecast,TSLA,2026-08-25,2026-08-25 11:20:00-04:00,351.9689,2026-08-25 11:40:00-04:00,353.2665,28,short,-36.33,-0.3687,20.0,AR(12) forecasts -0.16% over 6 bars,signal,0.198,0.669,0.154,0.73,-0.181,2.604,0.0048,-0.115,0.504,0.644,11.33,Tue
ar_forecast,MSTR,2026-08-25,2026-08-25 11:20:00-04:00,126.7183,2026-08-25 11:45:00-04:00,126.8565,78,long,10.78,0.1091,25.0,AR(12) forecasts +0.28% over 6 bars,signal,-2.968,6.477,2.633,0.31,-0.181,4.891,0.2295,-0.282,1.169,0.885,11.33,Tue
rsi2_reversion,NVDA,2026-08-25,2026-08-25 11:30:00-04:00,211.0944,2026-08-25 11:50:00-04:00,211.0555,47,short,1.83,0.0184,20.0,RSI(2)=94 rip below VWAP,signal,1.23,0.033,-0.475,0.57,-0.14,2.018,-0.0586,0.431,0.373,0.213,11.5,Tue
rsi2_reversion,AMD,2026-08-25,2026-08-25 11:40:00-04:00,477.0151,2026-08-25 12:00:00-04:00,477.2213,20,long,4.12,0.0432,20.0,RSI(2)=7 dip above VWAP,signal,3.906,0.509,0.3,0.7,-0.129,3.574,0.0412,-0.215,0.699,0.677,11.67,Tue
rsi2_reversion,PLTR,2026-08-25,2026-08-25 12:00:00-04:00,175.5372,2026-08-25 12:15:00-04:00,175.8779,56,short,-19.08,-0.1941,15.0,RSI(2)=90 rip below VWAP,signal,0.438,-0.633,-0.236,0.84,-0.078,3.969,-0.0695,0.337,0.572,0.35,12.0,Tue
rsi2_reversion,COIN,2026-08-25,2026-08-25 12:25:00-04:00,185.5277,2026-08-25 12:35:00-04:00,185.7271,53,long,10.57,0.1075,10.0,RSI(2)=10 dip above VWAP,signal,-1.85,5.315,1.98,0.31,-0.052,5.029,0.1149,-0.017,0.688,0.887,12.42,Tue
ema_crossover,PLTR,2026-08-25,2026-08-25 12:05:00-04:00,176.3681,2026-08-25 12:55:00-04:00,174.003,56,long,-132.45,-1.3411,50.0,EMA9/20 cross up above VWAP,signal,0.438,-0.162,0.232,1.07,-0.106,3.903,-0.0604,0.334,0.558,0.475,12.08,Tue
rsi2_reversion,NVDA,2026-08-25,2026-08-25 12:15:00-04:00,211.7641,2026-08-25 12:55:00-04:00,212.2661,47,short,-23.6,-0.2371,40.0,RSI(2)=96 rip below VWAP,signal,1.23,0.35,-0.125,0.32,-0.086,1.796,-0.0301,0.396,0.275,0.358,12.25,Tue
high_break_trail,TSLA,2026-08-25,2026-08-25 11:30:00-04:00,354.5522,2026-08-25 13:05:00-04:00,353.2343,28,long,-36.9,-0.3717,95.0,"break of first-hour high 353.50, 2.0xATR trail",stop,0.198,1.408,0.821,1.26,-0.14,2.642,0.0174,-0.115,0.504,0.943,11.5,Tue
squeeze_breakout,TSLA,2026-08-25,2026-08-25 12:50:00-04:00,356.3681,2026-08-25 13:05:00-04:00,353.5253,28,long,-79.6,-0.7977,15.0,squeeze breakout above upper band 355.98,stop,0.198,1.927,1.146,1.06,-0.095,2.351,0.0323,-0.109,0.342,0.942,12.83,Tue
rsi2_reversion,AMD,2026-08-25,2026-08-25 12:45:00-04:00,476.8583,2026-08-25 13:15:00-04:00,476.3667,20,long,-9.83,-0.1031,30.0,RSI(2)=8 dip above VWAP,signal,3.906,0.476,0.203,0.3,-0.07,3.034,0.0246,-0.209,0.431,0.663,12.75,Tue
rsi2_reversion,MSTR,2026-08-25,2026-08-25 13:05:00-04:00,126.8934,2026-08-25 13:25:00-04:00,126.9166,78,long,1.81,0.0183,20.0,RSI(2)=9 dip above VWAP,signal,-2.968,6.624,1.889,0.34,-0.137,4.147,0.1058,-0.149,0.706,0.827,13.08,Tue
rsi2_reversion,TSLA,2026-08-25,2026-08-25 13:10:00-04:00,353.1065,2026-08-25 13:30:00-04:00,353.3432,28,long,6.63,0.0671,20.0,RSI(2)=6 dip above VWAP,signal,0.198,0.994,0.171,0.96,-0.116,2.46,0.0285,0.023,0.365,0.501,13.17,Tue
high_break_trail,AMD,2026-08-25,2026-08-25 11:25:00-04:00,479.6397,2026-08-25 14:10:00-04:00,472.3105,20,long,-146.58,-1.5281,165.0,"break of first-hour high 478.75, 2.0xATR trail",stop,3.906,1.062,0.88,0.9,-0.111,3.723,0.0492,-0.275,0.768,0.9,11.42,Tue
rsi2_reversion,TSLA,2026-08-25,2026-08-25 14:10:00-04:00,353.0965,2026-08-25 14:10:00-04:00,349.3907,28,long,-103.76,-1.0495,0.0,RSI(2)=8 dip above VWAP,stop,0.198,0.991,0.153,0.4,-0.178,2.21,0.0164,0.029,0.329,0.515,14.17,Tue
ema_crossover,AMD,2026-08-25,2026-08-25 14:00:00-04:00,478.279,2026-08-25 14:10:00-04:00,475.9619,20,long,-46.34,-0.4845,10.0,EMA9/20 cross up above VWAP,stop,3.906,0.775,0.478,0.8,-0.174,2.616,0.0115,-0.218,0.269,0.784,14.0,Tue
orb,AMD,2026-08-25,2026-08-25 11:00:00-04:00,478.7392,2026-08-25 14:10:00-04:00,468.8355,20,long,-198.07,-2.0687,190.0,break of opening range high 478.12,stop,3.906,0.872,0.796,0.56,-0.223,4.219,0.0295,-0.278,0.975,0.887,11.0,Tue
orb,NVDA,2026-08-25,2026-08-25 09:50:00-04:00,214.187,2026-08-25 14:10:00-04:00,210.0049,46,long,-192.38,-1.9525,260.0,break of opening range high 212.78,stop,1.23,1.498,0.925,0.73,-0.021,2.771,0.3268,-0.52,0.712,0.883,9.83,Tue
news_momentum,COIN,2026-08-25,2026-08-25 12:50:00-04:00,187.6488,2026-08-25 14:10:00-04:00,185.6048,53,long,-108.33,-1.0893,80.0,fresh headline <45m + breakout on volume,stop,-1.85,6.519,2.887,1.68,-0.095,4.767,0.0998,-0.024,0.627,0.961,12.83,Tue
orb,TSLA,2026-08-25,2026-08-25 10:10:00-04:00,352.6412,2026-08-25 14:10:00-04:00,349.0257,28,long,-101.24,-1.0253,240.0,break of opening range high 352.24,stop,0.198,0.861,0.351,1.37,-0.127,2.766,0.0453,0.18,0.711,0.8,10.17,Tue
squeeze_breakout,COIN,2026-08-25,2026-08-25 12:50:00-04:00,187.6488,2026-08-25 14:10:00-04:00,185.7949,53,long,-98.25,-0.9879,80.0,squeeze breakout above upper band 187.34,stop,-1.85,6.519,2.887,1.68,-0.095,4.767,0.0998,-0.024,0.627,0.961,12.83,Tue
high_break_trail,COIN,2026-08-25,2026-08-25 11:00:00-04:00,186.7483,2026-08-25 14:10:00-04:00,183.7845,53,long,-157.08,-1.5871,190.0,"break of first-hour high 186.09, 2.0xATR trail",stop,-1.85,6.008,3.218,0.49,-0.223,6.673,0.2807,-0.007,1.348,0.992,11.0,Tue
vwap_pullback,AMD,2026-08-25,2026-08-25 10:40:00-04:00,477.0284,2026-08-25 14:10:00-04:00,472.9019,20,long,-82.53,-0.865,210.0,bounce off session VWAP 474.56,stop,3.906,0.512,0.518,0.63,-0.236,4.579,-0.0153,-0.328,1.162,0.822,10.67,Tue
vwap_pullback,NVDA,2026-08-25,2026-08-25 12:20:00-04:00,212.196,2026-08-25 14:10:00-04:00,211.2869,47,long,-42.73,-0.4284,110.0,bounce off session VWAP 212.03,stop,1.23,0.555,0.079,0.46,-0.07,1.77,-0.0272,0.392,0.265,0.452,12.33,Tue
high_break_trail,MSTR,2026-08-25,2026-08-25 10:35:00-04:00,126.4132,2026-08-25 14:10:00-04:00,124.5747,79,long,-145.24,-1.4544,215.0,"break of first-hour high 126.10, 2.0xATR trail",stop,-2.968,6.221,3.144,1.13,-0.149,5.295,0.3575,-0.307,1.537,0.939,10.58,Tue
rsi2_reversion,MSTR,2026-08-25,2026-08-25 14:35:00-04:00,127.4836,2026-08-25 14:40:00-04:00,127.6262,78,long,11.12,0.1118,5.0,RSI(2)=7 dip above VWAP,signal,-2.968,7.12,2.082,0.36,-0.112,3.582,0.0637,-0.165,0.688,0.885,14.58,Tue
squeeze_breakout,NVDA,2026-08-25,2026-08-25 14:35:00-04:00,212.8414,2026-08-25 15:10:00-04:00,212.1264,46,long,-32.89,-0.3359,35.0,squeeze breakout above upper band 212.62,stop,1.23,0.861,0.362,0.74,-0.112,1.42,0.0,0.311,0.229,0.698,14.58,Tue
squeeze_breakout,COIN,2026-08-25,2026-08-25 15:00:00-04:00,189.2096,2026-08-25 15:15:00-04:00,188.1402,52,long,-55.61,-0.5652,15.0,squeeze breakout above upper band 188.96,stop,-1.85,7.405,3.075,0.56,-0.09,3.911,0.0675,-0.077,0.554,0.996,15.0,Tue
rsi2_reversion,NVDA,2026-08-25,2026-08-25 15:15:00-04:00,212.3361,2026-08-25 15:35:00-04:00,212.0789,47,long,-12.09,-0.1211,20.0,RSI(2)=2 dip above VWAP,signal,1.23,0.621,0.095,0.76,-0.152,1.405,0.003,0.309,0.22,0.617,15.25,Tue
squeeze_breakout,PLTR,2026-08-25,2026-08-25 15:20:00-04:00,172.5637,2026-08-25 15:40:00-04:00,173.31,57,short,-42.54,-0.4325,20.0,squeeze breakdown below lower band 172.68,stop,0.438,-2.316,-1.545,0.6,-0.144,2.748,-0.031,0.288,0.254,0.014,15.33,Tue
orb,MSTR,2026-08-25,2026-08-25 10:05:00-04:00,123.1215,2026-08-25 15:55:00-04:00,126.7856,81,long,296.79,2.976,350.0,break of opening range high 122.85,eod,-2.968,3.455,1.619,0.45,-0.107,5.301,0.2457,0.04,1.789,0.873,10.08,Tue
orb,PLTR,2026-08-25,2026-08-25 10:10:00-04:00,175.0624,2026-08-25 15:55:00-04:00,172.8064,57,short,128.6,1.2887,345.0,break of opening range low 175.80,eod,0.438,-0.902,-1.384,1.18,-0.127,6.265,-0.2092,0.598,1.246,0.038,10.17,Tue
high_break_trail,PLTR,2026-08-25,2026-08-25 10:35:00-04:00,173.903,2026-08-25 15:55:00-04:00,172.8064,57,short,62.51,0.6306,320.0,"break of first-hour low 174.72, 2.0xATR trail",eod,0.438,-1.558,-1.662,0.99,-0.149,4.945,-0.221,0.545,0.993,0.025,10.58,Tue
squeeze_breakout,AMD,2026-08-25,2026-08-25 14:20:00-04:00,478.5413,2026-08-25 15:55:00-04:00,479.0104,20,long,9.38,0.098,95.0,squeeze breakout above upper band 478.03,eod,3.906,0.83,0.531,0.32,-0.164,2.536,0.011,-0.207,0.502,0.906,14.33,Tue
vwap_pullback,NVDA,2026-08-25,2026-08-25 14:25:00-04:00,212.2461,2026-08-25 15:55:00-04:00,212.8735,47,long,29.49,0.2956,90.0,bounce off session VWAP 212.06,eod,1.23,0.579,0.088,0.38,-0.155,1.42,-0.0012,0.306,0.239,0.603,14.42,Tue
vwap_pullback,PLTR,2026-08-25,2026-08-25 10:10:00-04:00,175.0624,2026-08-25 15:55:00-04:00,172.8064,57,short,128.6,1.2887,345.0,rejection at session VWAP 177.71,eod,0.438,-0.902,-1.384,1.18,-0.127,6.265,-0.2092,0.598,1.246,0.038,10.17,Tue
ema_crossover,NVDA,2026-08-25,2026-08-25 15:25:00-04:00,211.7291,2026-08-25 15:55:00-04:00,212.9664,47,short,-58.16,-0.5844,30.0,EMA9/20 cross down below VWAP,signal,1.23,0.334,-0.189,0.68,-0.132,1.389,0.0026,0.308,0.208,0.52,15.42,Tue
rsi2_reversion,MSTR,2026-08-25,2026-08-25 15:30:00-04:00,127.1135,2026-08-25 15:55:00-04:00,127.0964,78,long,-1.33,-0.0135,25.0,RSI(2)=9 dip above VWAP,signal,-2.968,6.809,1.609,0.98,-0.134,3.44,0.0481,-0.168,0.548,0.849,15.5,Tue
orb,COIN,2026-08-25,2026-08-25 10:10:00-04:00,182.086,2026-08-25 15:55:00-04:00,187.0964,54,long,270.56,2.7517,345.0,break of opening range high 181.80,eod,-1.85,3.361,1.774,0.47,-0.127,8.466,0.2557,0.209,1.914,0.819,10.17,Tue
vwap_pullback,COIN,2026-08-26,2026-08-26 10:30:00-04:00,184.2121,2026-08-26 10:35:00-04:00,183.064,54,long,-61.99,-0.6232,5.0,bounce off session VWAP 183.71,stop,-2.96,1.41,0.27,0.97,0.052,3.605,-0.0028,-0.682,1.195,0.713,10.5,Wed
ar_forecast,MSTR,2026-08-26,2026-08-26 10:35:00-04:00,123.7218,2026-08-26 10:45:00-04:00,122.4234,80,long,-103.88,-1.0495,10.0,AR(12) forecasts +0.18% over 6 bars,stop,-2.881,0.428,-0.279,0.5,0.064,3.734,-0.044,-0.516,1.155,0.439,10.58,Wed
ar_forecast,PLTR,2026-08-26,2026-08-26 10:35:00-04:00,175.5928,2026-08-26 10:50:00-04:00,174.6626,56,long,-52.09,-0.5297,15.0,AR(12) forecasts +0.34% over 6 bars,signal,-1.329,3.033,1.345,0.66,0.064,2.793,0.2205,-0.266,1.005,0.912,10.58,Wed
orb,COIN,2026-08-26,2026-08-26 09:50:00-04:00,184.9824,2026-08-26 10:55:00-04:00,180.9995,54,long,-215.08,-2.1532,65.0,break of opening range high 184.66,stop,-2.96,1.835,0.771,0.58,0.242,4.934,0.0641,-0.606,1.66,0.889,9.83,Wed
vwap_pullback,AMD,2026-08-26,2026-08-26 10:45:00-04:00,485.6427,2026-08-26 11:00:00-04:00,483.3253,20,long,-46.35,-0.4772,15.0,bounce off session VWAP 485.02,stop,-0.878,2.232,0.125,0.52,0.109,2.762,-0.0423,0.388,1.049,0.669,10.75,Wed
ar_forecast,NVDA,2026-08-26,2026-08-26 10:35:00-04:00,210.3851,2026-08-26 11:05:00-04:00,211.1044,47,long,33.81,0.3419,30.0,AR(12) forecasts +0.21% over 6 bars,signal,-0.263,-0.958,-0.663,0.52,0.064,1.915,-0.082,-0.054,0.546,0.086,10.58,Wed
rsi2_reversion,PLTR,2026-08-26,2026-08-26 10:50:00-04:00,174.8374,2026-08-26 11:15:00-04:00,174.5527,57,long,-16.23,-0.1628,25.0,RSI(2)=8 dip above VWAP,signal,-1.329,2.59,0.849,0.35,0.119,2.707,0.1539,-0.093,0.856,0.809,10.83,Wed
rsi2_reversion,NVDA,2026-08-26,2026-08-26 11:00:00-04:00,211.0544,2026-08-26 11:15:00-04:00,211.1954,47,short,-6.63,-0.0668,15.0,RSI(2)=94 rip below VWAP,signal,-0.263,-0.643,-0.288,0.5,0.191,1.674,-0.0475,0.053,0.434,0.277,11.0,Wed
ar_forecast,TSLA,2026-08-26,2026-08-26 11:05:00-04:00,344.1628,2026-08-26 11:20:00-04:00,344.1867,29,short,-0.69,-0.0069,15.0,AR(12) forecasts -0.17% over 6 bars,signal,-1.397,-0.315,-0.655,0.69,0.212,2.882,-0.0548,0.433,0.515,0.174,11.08,Wed
ar_forecast,COIN,2026-08-26,2026-08-26 11:00:00-04:00,180.9295,2026-08-26 11:30:00-04:00,182.2311,55,short,-71.59,-0.7194,30.0,AR(12) forecasts -0.26% over 6 bars,signal,-2.96,-0.397,-1.159,1.48,0.191,3.275,-0.0906,-0.345,1.015,0.153,11.0,Wed
rsi2_reversion,COIN,2026-08-26,2026-08-26 11:30:00-04:00,182.0489,2026-08-26 11:35:00-04:00,181.6582,54,short,21.1,0.2146,5.0,RSI(2)=94 rip below VWAP,signal,-2.96,0.22,-0.339,0.36,0.068,3.258,-0.0769,-0.293,0.814,0.393,11.5,Wed
ar_forecast,MSTR,2026-08-26,2026-08-26 11:15:00-04:00,122.2638,2026-08-26 11:45:00-04:00,122.5813,81,short,-25.71,-0.2596,30.0,AR(12) forecasts -0.33% over 6 bars,signal,-2.881,-0.756,-0.907,0.73,0.138,4.1,-0.1247,-0.212,0.948,0.298,11.25,Wed
ema_crossover,AMD,2026-08-26,2026-08-26 11:50:00-04:00,485.9729,2026-08-26 12:00:00-04:00,483.1832,20,long,-55.79,-0.574,10.0,EMA9/20 cross up above VWAP,signal,-0.878,2.301,0.226,0.33,0.086,2.407,-0.019,0.137,0.596,0.689,11.83,Wed
vwap_pullback,AMD,2026-08-26,2026-08-26 11:50:00-04:00,485.9729,2026-08-26 12:00:00-04:00,483.1871,20,long,-55.72,-0.5732,10.0,bounce off session VWAP 484.88,stop,-0.878,2.301,0.226,0.33,0.086,2.407,-0.019,0.137,0.596,0.689,11.83,Wed
ar_forecast,COIN,2026-08-26,2026-08-26 11:35:00-04:00,181.4766,2026-08-26 12:05:00-04:00,181.2405,55,short,12.99,0.1301,30.0,AR(12) forecasts -0.36% over 6 bars,signal,-2.96,-0.095,-0.643,0.44,0.095,3.189,-0.075,-0.289,0.777,0.292,11.58,Wed
ar_forecast,PLTR,2026-08-26,2026-08-26 11:50:00-04:00,175.4677,2026-08-26 12:20:00-04:00,174.8926,56,long,-32.2,-0.3277,30.0,AR(12) forecasts +0.17% over 6 bars,signal,-1.329,2.96,1.068,0.31,0.086,2.461,0.048,-0.11,0.572,0.895,11.83,Wed
ar_forecast,AMD,2026-08-26,2026-08-26 12:10:00-04:00,482.9414,2026-08-26 12:40:00-04:00,481.2093,20,long,-34.64,-0.3587,30.0,AR(12) forecasts +0.18% over 6 bars,signal,-0.878,1.663,-0.386,0.3,0.039,2.256,-0.0203,0.133,0.49,0.506,12.17,Wed
squeeze_breakout,MSTR,2026-08-26,2026-08-26 12:45:00-04:00,121.5442,2026-08-26 12:50:00-04:00,122.3369,82,short,-65.0,-0.6522,5.0,squeeze breakdown below lower band 121.70,stop,-2.881,-1.34,-1.313,0.41,-0.086,3.489,-0.0583,-0.241,0.553,0.144,12.75,Wed
rsi2_reversion,AMD,2026-08-26,2026-08-26 13:00:00-04:00,482.2937,2026-08-26 13:15:00-04:00,482.5912,20,short,-5.95,-0.0617,15.0,RSI(2)=90 rip below VWAP,signal,-0.878,1.527,-0.471,0.38,0.021,1.99,-0.0223,0.14,0.325,0.466,13.0,Wed
rsi2_reversion,TSLA,2026-08-26,2026-08-26 13:05:00-04:00,345.1174,2026-08-26 13:15:00-04:00,345.2545,28,short,-3.84,-0.0397,10.0,RSI(2)=92 rip below VWAP,signal,-1.397,-0.038,-0.176,0.57,0.042,1.999,-0.0251,0.345,0.26,0.275,13.08,Wed
squeeze_breakout,COIN,2026-08-26,2026-08-26 12:30:00-04:00,179.7801,2026-08-26 13:25:00-04:00,181.2799,55,short,-82.49,-0.8342,55.0,squeeze breakdown below lower band 180.09,stop,-2.96,-1.029,-1.442,0.66,0.02,2.806,-0.0648,-0.285,0.533,0.002,12.5,Wed
rsi2_reversion,NVDA,2026-08-26,2026-08-26 13:15:00-04:00,209.9449,2026-08-26 13:30:00-04:00,210.165,47,short,-10.35,-0.1049,15.0,RSI(2)=92 rip below VWAP,signal,-0.263,-1.165,-0.554,0.6,0.079,1.296,-0.0246,0.075,0.189,0.115,13.25,Wed
squeeze_breakout,PLTR,2026-08-26,2026-08-26 13:05:00-04:00,175.7678,2026-08-26 13:35:00-04:00,177.3835,56,long,90.48,0.9192,30.0,squeeze breakout above upper band 175.60,target,-1.329,3.136,1.102,0.92,0.042,2.144,0.0286,-0.106,0.335,0.936,13.08,Wed
high_break_trail,PLTR,2026-08-26,2026-08-26 13:35:00-04:00,176.9784,2026-08-26 13:45:00-04:00,176.6594,56,long,-17.87,-0.1803,10.0,"break of first-hour high 176.20, 2.0xATR trail",stop,-1.329,3.846,1.609,1.55,0.115,2.188,0.0321,-0.076,0.338,0.936,13.58,Wed
rsi2_reversion,MSTR,2026-08-26,2026-08-26 13:20:00-04:00,122.2938,2026-08-26 13:50:00-04:00,123.0192,81,short,-58.75,-0.5931,30.0,RSI(2)=95 rip below VWAP,signal,-2.881,-0.732,-0.66,0.58,0.12,3.278,-0.0464,-0.236,0.457,0.305,13.33,Wed
rsi2_reversion,AMD,2026-08-26,2026-08-26 13:25:00-04:00,482.7585,2026-08-26 13:50:00-04:00,483.6516,20,short,-17.86,-0.185,25.0,RSI(2)=92 rip below VWAP,signal,-0.878,1.625,-0.361,0.35,0.12,1.892,-0.0194,0.146,0.267,0.494,13.42,Wed
high_break_trail,MSTR,2026-08-26,2026-08-26 10:55:00-04:00,121.6891,2026-08-26 14:00:00-04:00,123.5459,82,short,-152.25,-1.5258,185.0,"break of first-hour low 122.30, 2.0xATR trail",stop,-2.881,-1.222,-1.606,1.09,0.146,3.621,-0.1235,-0.294,1.044,0.102,10.92,Wed
high_break_trail,NVDA,2026-08-26,2026-08-26 12:10:00-04:00,210.0699,2026-08-26 14:05:00-04:00,210.7465,47,short,-31.8,-0.3221,115.0,"break of first-hour low 210.19, 2.0xATR trail",stop,-0.263,-1.106,-0.635,0.7,0.039,1.45,-0.0248,0.09,0.279,0.081,12.17,Wed
rsi2_reversion,COIN,2026-08-26,2026-08-26 13:25:00-04:00,180.4447,2026-08-26 14:05:00-04:00,182.3403,55,short,-104.26,-1.0505,40.0,RSI(2)=92 rip below VWAP,stop,-2.96,-0.664,-0.908,0.71,0.12,2.638,-0.0542,-0.239,0.401,0.168,13.42,Wed
rsi2_reversion,NVDA,2026-08-26,2026-08-26 13:45:00-04:00,210.3348,2026-08-26 14:15:00-04:00,210.3701,47,short,-1.66,-0.0168,30.0,RSI(2)=90 rip below VWAP,signal,-0.263,-0.982,-0.333,1.1,0.095,1.263,-0.0206,0.065,0.174,0.209,13.75,Wed
ar_forecast,TSLA,2026-08-26,2026-08-26 13:50:00-04:00,346.3331,2026-08-26 14:20:00-04:00,344.7925,28,long,-43.14,-0.4448,30.0,AR(12) forecasts +0.16% over 6 bars,signal,-1.397,0.314,0.16,0.43,0.135,1.872,-0.0098,0.32,0.223,0.405,13.83,Wed
vwap_pullback,COIN,2026-08-26,2026-08-26 13:50:00-04:00,181.3693,2026-08-26 14:20:00-04:00,182.7124,55,short,-73.87,-0.7406,30.0,rejection at session VWAP 182.07,stop,-2.96,-0.155,-0.385,0.36,0.135,2.557,-0.0412,-0.231,0.358,0.321,13.83,Wed
ema_crossover,TSLA,2026-08-26,2026-08-26 14:25:00-04:00,344.5376,2026-08-26 14:50:00-04:00,346.3081,29,short,-51.34,-0.5139,25.0,EMA9/20 cross down below VWAP,signal,-1.397,-0.206,-0.35,0.59,0.115,1.814,-0.0076,0.3,0.215,0.214,14.42,Wed
rsi2_reversion,AMD,2026-08-26,2026-08-26 14:50:00-04:00,482.4786,2026-08-26 14:55:00-04:00,482.0891,20,short,7.79,0.0807,5.0,RSI(2)=96 rip below VWAP,signal,-0.878,1.566,-0.353,0.53,0.228,1.719,-0.0138,0.102,0.207,0.478,14.83,Wed
ema_crossover,AMD,2026-08-26,2026-08-26 14:15:00-04:00,481.2992,2026-08-26 15:05:00-04:00,484.0119,20,short,-54.25,-0.5636,50.0,EMA9/20 cross down below VWAP,stop,-0.878,1.318,-0.634,0.73,0.131,1.787,-0.0142,0.118,0.233,0.406,14.25,Wed
ar_forecast,NVDA,2026-08-26,2026-08-26 15:05:00-04:00,211.1502,2026-08-26 15:35:00-04:00,210.8204,47,short,15.5,0.1562,30.0,AR(12) forecasts -0.17% over 6 bars,signal,-0.263,-0.598,0.077,1.19,0.29,1.253,-0.0088,-0.075,0.168,0.407,15.08,Wed
squeeze_breakout,MSTR,2026-08-26,2026-08-26 14:55:00-04:00,123.8919,2026-08-26 15:50:00-04:00,123.1121,80,long,-62.38,-0.6294,55.0,squeeze breakout above upper band 123.79,stop,-2.881,0.566,0.616,0.42,0.233,2.85,-0.0085,-0.211,0.33,0.647,14.92,Wed
high_break_trail,COIN,2026-08-26,2026-08-26 11:00:00-04:00,180.9295,2026-08-26 15:55:00-04:00,181.8309,55,short,-49.58,-0.4982,295.0,"break of first-hour low 181.09, 2.0xATR trail",eod,-2.96,-0.397,-1.159,1.48,0.191,3.275,-0.0906,-0.345,1.015,0.153,11.0,Wed
orb,MSTR,2026-08-26,2026-08-26 10:55:00-04:00,121.6891,2026-08-26 15:55:00-04:00,123.2116,82,short,-124.84,-1.2511,300.0,break of opening range low 122.30,eod,-2.881,-1.222,-1.606,1.09,0.146,3.621,-0.1235,-0.294,1.044,0.102,10.92,Wed
orb,NVDA,2026-08-26,2026-08-26 10:25:00-04:00,210.3598,2026-08-26 15:55:00-04:00,210.055,47,short,14.33,0.1449,330.0,break of opening range low 210.78,eod,-0.263,-0.97,-0.738,0.9,0.046,2.026,-0.0768,-0.03,0.595,0.049,10.42,Wed
vwap_pullback,TSLA,2026-08-26,2026-08-26 10:50:00-04:00,344.7415,2026-08-26 15:55:00-04:00,346.0529,29,short,-38.03,-0.3804,305.0,rejection at session VWAP 346.86,eod,-1.397,-0.147,-0.573,0.67,0.119,3.079,-0.0399,0.456,0.574,0.235,10.83,Wed
orb,AMD,2026-08-26,2026-08-26 09:50:00-04:00,489.0344,2026-08-26 15:55:00-04:00,480.7695,20,long,-165.3,-1.69,365.0,break of opening range high 488.52,eod,-0.878,2.946,0.847,0.88,0.242,1.472,0.2508,-0.819,1.811,0.874,9.83,Wed
orb,PLTR,2026-08-26,2026-08-26 10:00:00-04:00,173.3945,2026-08-26 15:55:00-04:00,177.3813,57,long,227.25,2.2993,355.0,break of opening range high 172.68,eod,-1.329,1.743,0.986,0.41,0.277,2.061,0.1969,-0.665,1.271,0.981,10.0,Wed
vwap_pullback,NVDA,2026-08-26,2026-08-26 10:10:00-04:00,211.6241,2026-08-26 15:55:00-04:00,210.055,47,short,73.75,0.7415,345.0,rejection at session VWAP 212.27,eod,-0.263,-0.375,-0.287,0.46,0.188,2.2,-0.0219,-0.122,0.674,0.299,10.17,Wed
vwap_pullback,MSTR,2026-08-26,2026-08-26 10:45:00-04:00,122.7136,2026-08-26 15:55:00-04:00,123.2116,81,short,-40.33,-0.4058,310.0,rejection at session VWAP 124.02,eod,-2.881,-0.391,-0.987,0.73,0.109,3.539,-0.08,-0.417,1.073,0.128,10.75,Wed
vwap_pullback,AMD,2026-08-27,2026-08-27 10:25:00-04:00,475.3123,2026-08-27 10:25:00-04:00,478.0439,21,short,-57.36,-0.5747,0.0,rejection at session VWAP 476.37,stop,0.206,-1.387,-0.237,0.55,0.153,5.341,0.0335,-0.457,1.423,0.287,10.42,Thu
ar_forecast,MSTR,2026-08-27,2026-08-27 10:35:00-04:00,134.2329,2026-08-27 10:35:00-04:00,135.643,74,short,-104.35,-1.0505,0.0,AR(12) forecasts -0.74% over 6 bars,stop,2.883,5.945,2.73,0.66,0.109,7.945,0.5139,0.058,1.52,0.85,10.58,Thu
ar_forecast,PLTR,2026-08-27,2026-08-27 10:35:00-04:00,184.3681,2026-08-27 10:40:00-04:00,184.3678,54,long,-0.02,-0.0002,5.0,AR(12) forecasts +0.16% over 6 bars,signal,0.823,3.039,0.806,0.6,0.109,5.416,0.1477,0.111,1.15,0.882,10.58,Thu
ar_forecast,TSLA,2026-08-27,2026-08-27 10:45:00-04:00,352.266,2026-08-27 11:00:00-04:00,353.5731,28,long,36.6,0.3711,15.0,AR(12) forecasts +0.17% over 6 bars,signal,0.121,1.723,0.584,0.57,0.226,3.517,0.0884,-0.557,0.635,0.719,10.75,Thu
ar_forecast,NVDA,2026-08-27,2026-08-27 10:50:00-04:00,225.0124,2026-08-27 11:00:00-04:00,227.3762,44,short,-104.01,-1.0505,10.0,AR(12) forecasts -0.24% over 6 bars,stop,6.018,1.091,0.461,0.24,0.212,4.325,0.0596,-0.465,1.045,0.748,10.83,Thu
vwap_pullback,AMD,2026-08-27,2026-08-27 10:45:00-04:00,474.5526,2026-08-27 11:00:00-04:00,478.1081,21,short,-74.66,-0.7492,15.0,rejection at session VWAP 476.44,stop,0.206,-1.545,-0.393,0.4,0.226,4.924,0.0116,-0.374,1.211,0.216,10.75,Thu
ar_forecast,COIN,2026-08-27,2026-08-27 10:40:00-04:00,190.6646,2026-08-27 11:05:00-04:00,192.6675,52,short,-104.15,-1.0505,25.0,AR(12) forecasts -0.16% over 6 bars,stop,2.493,2.359,2.048,1.63,0.146,5.64,0.2654,-0.032,1.867,0.902,10.67,Thu
ar_forecast,MSTR,2026-08-27,2026-08-27 10:40:00-04:00,135.1874,2026-08-27 11:05:00-04:00,136.6075,73,short,-103.67,-1.0505,25.0,AR(12) forecasts -0.75% over 6 bars,stop,2.883,6.699,3.236,1.36,0.146,7.68,0.5008,0.054,1.475,0.924,10.67,Thu
ar_forecast,NVDA,2026-08-27,2026-08-27 11:05:00-04:00,226.4167,2026-08-27 11:10:00-04:00,225.5777,44,short,36.92,0.3706,5.0,AR(12) forecasts -0.25% over 6 bars,signal,6.018,1.721,0.985,0.79,0.265,4.219,0.0653,-0.377,0.949,0.861,11.08,Thu
ar_forecast,PLTR,2026-08-27,2026-08-27 11:05:00-04:00,185.4077,2026-08-27 11:35:00-04:00,183.6081,53,long,-95.37,-0.9706,30.0,AR(12) forecasts +0.17% over 6 bars,signal,0.823,3.62,1.187,0.8,0.265,4.599,0.1045,0.098,0.899,0.977,11.08,Thu
ar_forecast,COIN,2026-08-27,2026-08-27 11:10:00-04:00,192.2039,2026-08-27 11:35:00-04:00,191.9009,52,short,15.75,0.1576,25.0,AR(12) forecasts -0.43% over 6 bars,signal,2.493,3.186,2.371,0.64,0.302,4.974,0.2208,0.01,1.456,0.916,11.17,Thu
rsi2_reversion,PLTR,2026-08-27,2026-08-27 11:35:00-04:00,183.7918,2026-08-27 11:40:00-04:00,184.7376,54,long,51.07,0.5146,5.0,RSI(2)=2 dip above VWAP,signal,0.823,2.717,0.195,0.81,0.183,4.388,0.0678,0.057,0.75,0.75,11.58,Thu
rsi2_reversion,TSLA,2026-08-27,2026-08-27 11:40:00-04:00,351.9609,2026-08-27 11:55:00-04:00,352.1388,28,long,4.98,0.0506,15.0,RSI(2)=5 dip above VWAP,signal,0.121,1.635,0.336,0.56,0.15,2.931,0.0433,-0.475,0.442,0.687,11.67,Thu
ar_forecast,TSLA,2026-08-27,2026-08-27 11:40:00-04:00,351.9609,2026-08-27 11:55:00-04:00,352.1388,28,long,4.98,0.0506,15.0,AR(12) forecasts +0.21% over 6 bars,signal,0.121,1.635,0.336,0.56,0.15,2.931,0.0433,-0.475,0.442,0.687,11.67,Thu
ar_forecast,AMD,2026-08-27,2026-08-27 11:35:00-04:00,475.6077,2026-08-27 12:05:00-04:00,474.6426,21,long,-20.27,-0.2029,30.0,AR(12) forecasts +0.17% over 6 bars,signal,0.206,-1.326,-0.18,0.36,0.183,4.061,0.0012,-0.322,0.765,0.314,11.58,Thu
vwap_pullback,NVDA,2026-08-27,2026-08-27 10:50:00-04:00,225.2376,2026-08-27 12:35:00-04:00,229.0704,44,long,168.65,1.7017,105.0,bounce off session VWAP 223.94,target,6.018,1.192,0.562,0.24,0.212,4.325,0.0596,-0.465,1.045,0.789,10.83,Thu
rsi2_reversion,COIN,2026-08-27,2026-08-27 12:35:00-04:00,191.4357,2026-08-27 12:45:00-04:00,191.819,52,long,19.94,0.2003,10.0,RSI(2)=6 dip above VWAP,signal,2.493,2.773,1.332,0.46,0.392,4.42,0.1071,0.045,0.736,0.827,12.58,Thu
orb,MSTR,2026-08-27,2026-08-27 09:55:00-04:00,129.2796,2026-08-27 13:15:00-04:00,138.8394,77,long,736.1,7.3946,200.0,break of opening range high 128.34,target,2.883,2.036,1.144,0.78,-0.012,7.204,0.7894,0.015,1.862,0.66,9.92,Thu
ema_crossover,AMD,2026-08-27,2026-08-27 11:40:00-04:00,474.1828,2026-08-27 13:20:00-04:00,475.4376,21,short,-26.35,-0.2646,100.0,EMA9/20 cross down below VWAP,signal,0.206,-1.622,-0.46,0.37,0.15,4.032,-0.0048,-0.305,0.741,0.182,11.67,Thu
rsi2_reversion,AMD,2026-08-27,2026-08-27 12:45:00-04:00,473.743,2026-08-27 13:30:00-04:00,474.7372,21,short,-20.88,-0.2099,45.0,RSI(2)=93 rip below VWAP,signal,0.206,-1.713,-0.426,0.45,0.417,3.479,-0.0231,-0.271,0.454,0.228,12.75,Thu
squeeze_breakout,MSTR,2026-08-27,2026-08-27 13:20:00-04:00,139.5797,2026-08-27 13:40:00-04:00,138.1081,71,long,-104.49,-1.0544,20.0,squeeze breakout above upper band 139.06,stop,2.883,10.166,4.093,0.7,0.479,5.156,0.1664,0.18,0.605,0.991,13.33,Thu
squeeze_breakout,AMD,2026-08-27,2026-08-27 13:25:00-04:00,476.4381,2026-08-27 13:40:00-04:00,473.4198,20,long,-60.37,-0.6335,15.0,squeeze breakout above upper band 476.14,stop,0.206,-1.154,0.156,0.72,0.423,3.216,-0.0154,-0.273,0.346,0.453,13.42,Thu
rsi2_reversion,PLTR,2026-08-27,2026-08-27 13:30:00-04:00,185.6106,2026-08-27 13:50:00-04:00,185.4572,53,long,-8.13,-0.0826,20.0,RSI(2)=5 dip above VWAP,signal,0.823,3.734,0.835,0.56,0.426,3.597,0.0425,0.002,0.373,0.86,13.5,Thu
rsi2_reversion,COIN,2026-08-27,2026-08-27 13:45:00-04:00,191.7358,2026-08-27 14:10:00-04:00,189.7236,52,long,-104.64,-1.0495,25.0,RSI(2)=5 dip above VWAP,stop,2.493,2.934,1.23,0.34,0.376,3.891,0.0654,0.055,0.492,0.849,13.75,Thu
ema_crossover,PLTR,2026-08-27,2026-08-27 13:55:00-04:00,186.2481,2026-08-27 14:15:00-04:00,185.4372,53,long,-42.97,-0.4354,20.0,EMA9/20 cross up above VWAP,signal,0.823,4.09,1.141,0.67,0.355,3.447,0.0356,-0.005,0.348,0.932,13.92,Thu
rsi2_reversion,TSLA,2026-08-27,2026-08-27 14:05:00-04:00,353.9419,2026-08-27 14:20:00-04:00,353.783,28,long,-4.45,-0.0449,15.0,RSI(2)=8 dip above VWAP,signal,0.121,2.207,0.639,0.41,0.259,2.206,0.024,-0.456,0.239,0.837,14.08,Thu
rsi2_reversion,MSTR,2026-08-27,2026-08-27 14:05:00-04:00,137.6988,2026-08-27 14:20:00-04:00,136.2537,72,long,-104.05,-1.0495,15.0,RSI(2)=8 dip above VWAP,stop,2.883,8.681,2.462,0.33,0.259,4.955,0.1247,0.217,0.529,0.864,14.08,Thu
rsi2_reversion,NVDA,2026-08-27,2026-08-27 13:55:00-04:00,228.7543,2026-08-27 14:25:00-04:00,226.3535,43,long,-103.23,-1.0495,30.0,RSI(2)=6 dip above VWAP,stop,6.018,2.772,1.382,0.4,0.355,2.918,0.0546,-0.316,0.314,0.821,13.92,Thu
high_break_trail,NVDA,2026-08-27,2026-08-27 11:00:00-04:00,227.0705,2026-08-27 14:30:00-04:00,225.7671,44,long,-57.35,-0.574,210.0,"break of first-hour high 226.40, 2.0xATR trail",stop,6.018,2.015,1.291,0.62,0.277,4.172,0.0712,-0.44,0.972,0.963,11.0,Thu
high_break_trail,MSTR,2026-08-27,2026-08-27 10:35:00-04:00,134.3672,2026-08-27 14:30:00-04:00,135.5429,74,long,87.0,0.875,235.0,"break of first-hour high 133.88, 2.0xATR trail",stop,2.883,6.051,2.833,0.66,0.109,7.945,0.5139,0.058,1.52,0.861,10.58,Thu
rsi2_reversion,NVDA,2026-08-27,2026-08-27 14:30:00-04:00,226.2131,2026-08-27 14:40:00-04:00,226.6271,44,long,18.22,0.183,10.0,RSI(2)=0 dip above VWAP,signal,6.018,1.63,0.216,0.83,0.135,2.828,0.039,-0.253,0.308,0.555,14.5,Thu
rsi2_reversion,MSTR,2026-08-27,2026-08-27 14:25:00-04:00,136.4782,2026-08-27 14:45:00-04:00,136.1619,73,long,-23.09,-0.2318,20.0,RSI(2)=0 dip above VWAP,signal,2.883,7.718,1.488,0.43,0.125,4.904,0.1028,0.239,0.538,0.784,14.42,Thu
squeeze_breakout,TSLA,2026-08-27,2026-08-27 14:40:00-04:00,355.5477,2026-08-27 15:20:00-04:00,354.1251,28,long,-39.83,-0.4001,40.0,squeeze breakout above upper band 355.21,stop,0.121,2.67,1.034,0.75,0.18,2.092,0.0221,-0.443,0.235,0.995,14.67,Thu
squeeze_breakout,AMD,2026-08-27,2026-08-27 14:05:00-04:00,470.9644,2026-08-27 15:30:00-04:00,474.0199,21,short,-64.17,-0.6488,85.0,squeeze breakdown below lower band 471.66,stop,0.206,-2.29,-0.961,0.68,0.259,3.013,-0.0156,-0.263,0.305,-0.004,14.08,Thu
ema_crossover,AMD,2026-08-27,2026-08-27 13:50:00-04:00,472.6236,2026-08-27 15:35:00-04:00,474.237,21,short,-33.88,-0.3414,105.0,EMA9/20 cross down below VWAP,signal,0.206,-1.945,-0.631,0.49,0.371,3.07,-0.0144,-0.266,0.304,0.135,13.83,Thu
ema_crossover,COIN,2026-08-27,2026-08-27 15:20:00-04:00,191.3056,2026-08-27 15:35:00-04:00,189.5352,52,long,-92.06,-0.9254,15.0,EMA9/20 cross up above VWAP,stop,2.493,2.703,0.949,0.5,0.197,3.58,0.0188,0.061,0.412,0.817,15.33,Thu
ema_crossover,MSTR,2026-08-27,2026-08-27 15:20:00-04:00,137.8589,2026-08-27 15:40:00-04:00,136.8515,72,long,-72.53,-0.7307,20.0,EMA9/20 cross up above VWAP,signal,2.883,8.807,2.367,0.66,0.197,4.553,0.069,0.236,0.489,0.875,15.33,Thu
squeeze_breakout,PLTR,2026-08-27,2026-08-27 15:25:00-04:00,186.5682,2026-08-27 15:50:00-04:00,185.7851,53,long,-41.51,-0.4198,25.0,squeeze breakout above upper band 186.35,stop,0.823,4.269,1.195,0.64,0.187,3.021,0.023,-0.013,0.252,0.968,15.42,Thu
ema_crossover,PLTR,2026-08-27,2026-08-27 14:40:00-04:00,186.053,2026-08-27 15:55:00-04:00,185.807,53,long,-13.03,-0.1322,75.0,EMA9/20 cross up above VWAP,eod,0.823,3.981,0.985,0.32,0.18,3.212,0.027,-0.005,0.283,0.91,14.67,Thu
vwap_pullback,TSLA,2026-08-27,2026-08-27 11:55:00-04:00,352.4912,2026-08-27 15:55:00-04:00,354.4127,28,long,53.8,0.5451,240.0,bounce off session VWAP 350.81,eod,0.121,1.788,0.472,0.62,0.278,2.818,0.0341,-0.457,0.414,0.743,11.92,Thu
orb,NVDA,2026-08-27,2026-08-27 10:55:00-04:00,226.063,2026-08-27 15:55:00-04:00,227.936,44,long,82.41,0.8285,300.0,break of opening range high 225.83,eod,6.018,1.563,0.892,0.41,0.247,4.25,0.0687,-0.426,1.011,0.849,10.92,Thu
orb,COIN,2026-08-27,2026-08-27 09:55:00-04:00,187.3937,2026-08-27 15:55:00-04:00,190.6546,53,long,172.83,1.7402,360.0,break of opening range high 186.62,eod,2.493,0.603,1.512,0.62,-0.012,6.439,0.6546,-0.243,2.782,0.807,9.92,Thu
high_break_trail,COIN,2026-08-27,2026-08-27 10:40:00-04:00,190.8554,2026-08-27 15:55:00-04:00,190.6546,52,long,-10.44,-0.1052,315.0,"break of first-hour high 189.85, 2.0xATR trail",eod,2.493,2.462,2.15,1.63,0.146,5.64,0.2654,-0.032,1.867,0.919,10.67,Thu
high_break_trail,TSLA,2026-08-27,2026-08-27 11:00:00-04:00,353.9269,2026-08-27 15:55:00-04:00,354.4127,28,long,13.6,0.1373,295.0,"break of first-hour high 353.42, 2.0xATR trail",eod,0.121,2.202,0.983,0.71,0.277,3.433,0.0765,-0.56,0.598,0.894,11.0,Thu
high_break_trail,AMD,2026-08-27,2026-08-27 11:50:00-04:00,471.4342,2026-08-27 15:55:00-04:00,476.6706,21,short,-109.96,-1.1107,245.0,"break of first-hour low 472.22, 2.0xATR trail",stop,0.206,-2.192,-1.001,0.77,0.307,4.024,-0.0123,-0.3,0.708,-0.006,11.83,Thu
gap_and_go,MSTR,2026-08-27,2026-08-27 10:00:00-04:00,131.6658,2026-08-27 15:55:00-04:00,137.3213,75,long,424.16,4.2953,355.0,"gap 2.9%, break of opening high 127.18",eod,2.883,3.919,2.363,1.33,0.038,6.662,0.9133,0.227,1.833,0.777,10.0,Thu
vwap_pullback,COIN,2026-08-27,2026-08-27 15:00:00-04:00,190.9854,2026-08-27 15:55:00-04:00,190.6546,52,long,-17.2,-0.1732,55.0,bounce off session VWAP 189.44,eod,2.493,2.532,0.805,0.57,0.187,3.688,0.0213,0.061,0.458,0.794,15.0,Thu
high_break_trail,PLTR,2026-08-27,2026-08-27 11:05:00-04:00,185.4077,2026-08-27 15:55:00-04:00,185.807,53,long,21.17,0.2154,290.0,"break of first-hour high 185.22, 2.0xATR trail",eod,0.823,3.62,1.187,0.8,0.265,4.599,0.1045,0.098,0.899,0.977,11.08,Thu
vwap_pullback,NVDA,2026-08-27,2026-08-27 14:40:00-04:00,226.8539,2026-08-27 15:55:00-04:00,227.936,44,long,47.61,0.477,75.0,bounce off session VWAP 225.73,eod,6.018,1.918,0.493,0.65,0.18,2.807,0.0353,-0.254,0.311,0.622,14.67,Thu
orb,TSLA,2026-08-27,2026-08-27 10:15:00-04:00,351.8058,2026-08-27 15:55:00-04:00,354.4127,28,long,72.99,0.741,340.0,break of opening range high 350.75,eod,0.121,1.59,0.72,0.69,0.086,4.258,0.1017,-0.657,0.729,0.886,10.25,Thu
rsi2_reversion,AMD,2026-08-27,2026-08-27 15:30:00-04:00,472.2738,2026-08-27 15:55:00-04:00,477.235,21,short,-104.19,-1.0505,25.0,RSI(2)=96 rip below VWAP,stop,0.206,-2.018,-0.558,1.16,0.252,2.687,-0.0168,-0.238,0.255,0.194,15.5,Thu
orb,PLTR,2026-08-27,2026-08-27 09:55:00-04:00,184.3472,2026-08-27 15:55:00-04:00,185.807,54,long,78.83,0.7919,360.0,break of opening range high 183.98,eod,0.823,3.028,1.305,0.57,-0.012,7.408,0.5434,-0.243,1.532,0.922,9.92,Thu
vwap_pullback,AMD,2026-08-28,2026-08-28 10:15:00-04:00,472.0239,2026-08-28 10:15:00-04:00,475.0913,21,short,-64.42,-0.6499,0.0,rejection at session VWAP 473.43,stop,-0.939,-0.105,-0.312,0.67,-0.043,3.119,0.0203,-0.442,0.798,0.318,10.25,Fri
ar_forecast,MSTR,2026-08-28,2026-08-28 10:35:00-04:00,133.1984,2026-08-28 10:40:00-04:00,134.5976,75,short,-104.94,-1.0505,5.0,AR(12) forecasts -0.24% over 6 bars,stop,-2.449,-0.617,-0.303,0.81,0.074,6.265,-0.1462,0.233,1.241,0.456,10.58,Fri
vwap_pullback,COIN,2026-08-28,2026-08-28 10:10:00-04:00,183.1834,2026-08-28 10:55:00-04:00,186.8031,54,short,-195.46,-1.976,45.0,rejection at session VWAP 186.15,stop,-2.48,-1.525,-1.347,1.19,-0.192,5.529,-0.2582,0.327,1.426,0.192,10.17,Fri
ar_forecast,AMD,2026-08-28,2026-08-28 10:45:00-04:00,475.9219,2026-08-28 10:55:00-04:00,476.6782,21,short,-15.88,-0.1589,10.0,AR(12) forecasts -0.21% over 6 bars,signal,-0.939,0.72,0.385,0.44,0.271,2.583,0.0525,-0.228,0.648,0.761,10.75,Fri
ar_forecast,TSLA,2026-08-28,2026-08-28 10:35:00-04:00,352.6235,2026-08-28 11:05:00-04:00,354.3871,28,short,-49.38,-0.5001,30.0,AR(12) forecasts -0.29% over 6 bars,signal,0.706,-1.252,-0.625,0.59,0.074,1.47,-0.112,0.139,0.656,0.186,10.58,Fri
rsi2_reversion,NVDA,2026-08-28,2026-08-28 10:50:00-04:00,225.6771,2026-08-28 11:05:00-04:00,225.8028,44,short,-5.53,-0.0557,15.0,RSI(2)=91 rip below VWAP,signal,-0.316,-0.727,-0.093,0.64,0.36,3.156,-0.0364,0.196,0.503,0.404,10.83,Fri
ar_forecast,COIN,2026-08-28,2026-08-28 10:40:00-04:00,185.7721,2026-08-28 11:10:00-04:00,185.2726,53,short,26.47,0.2689,30.0,AR(12) forecasts -0.35% over 6 bars,signal,-2.48,-0.133,0.297,1.01,0.211,5.425,-0.0944,0.345,1.18,0.545,10.67,Fri
ar_forecast,PLTR,2026-08-28,2026-08-28 10:40:00-04:00,185.9429,2026-08-28 11:10:00-04:00,186.9465,53,long,53.19,0.5397,30.0,AR(12) forecasts +0.16% over 6 bars,signal,-0.516,0.542,-0.028,0.38,0.211,2.268,-0.0555,-0.314,0.795,0.523,10.67,Fri
rsi2_reversion,TSLA,2026-08-28,2026-08-28 10:55:00-04:00,353.7829,2026-08-28 11:10:00-04:00,353.7368,28,short,1.29,0.013,15.0,RSI(2)=93 rip below VWAP,signal,0.706,-0.928,-0.242,0.81,0.415,1.617,-0.0618,0.369,0.552,0.339,10.92,Fri
ar_forecast,NVDA,2026-08-28,2026-08-28 10:40:00-04:00,225.3026,2026-08-28 11:10:00-04:00,224.7776,44,long,-23.1,-0.233,30.0,AR(12) forecasts +0.18% over 6 bars,signal,-0.316,-0.892,-0.254,0.4,0.211,3.262,-0.0699,0.15,0.509,0.342,10.67,Fri
ar_forecast,MSTR,2026-08-28,2026-08-28 10:45:00-04:00,133.5232,2026-08-28 11:10:00-04:00,132.5362,74,short,73.04,0.7392,25.0,AR(12) forecasts -0.67% over 6 bars,signal,-2.449,-0.374,-0.041,0.63,0.271,6.181,-0.1167,0.212,1.249,0.52,10.75,Fri
rsi2_reversion,PLTR,2026-08-28,2026-08-28 10:35:00-04:00,185.6946,2026-08-28 11:15:00-04:00,187.6453,53,short,-103.39,-1.0505,40.0,RSI(2)=91 rip below VWAP,stop,-0.516,0.408,-0.166,0.58,0.074,2.356,-0.0651,-0.311,0.838,0.44,10.58,Fri
vwap_pullback,COIN,2026-08-28,2026-08-28 11:00:00-04:00,186.7833,2026-08-28 11:15:00-04:00,184.6284,53,long,-114.21,-1.1537,15.0,bounce off session VWAP 185.28,stop,-2.48,0.41,0.794,0.54,0.408,4.986,-0.0167,0.28,1.043,0.684,11.0,Fri
ar_forecast,COIN,2026-08-28,2026-08-28 11:15:00-04:00,184.9724,2026-08-28 11:25:00-04:00,184.7376,54,long,-12.68,-0.127,10.0,AR(12) forecasts +0.26% over 6 bars,signal,-2.48,-0.563,-0.177,0.47,0.329,4.702,-0.0149,0.295,0.943,0.436,11.25,Fri
high_break_trail,AMD,2026-08-28,2026-08-28 10:35:00-04:00,477.3285,2026-08-28 11:40:00-04:00,471.5061,20,long,-116.45,-1.2198,65.0,"break of first-hour high 476.81, 2.0xATR trail",stop,-0.939,1.018,0.708,0.71,0.074,2.766,0.0566,-0.255,0.707,0.936,10.58,Fri
vwap_pullback,AMD,2026-08-28,2026-08-28 10:25:00-04:00,476.7933,2026-08-28 11:40:00-04:00,471.969,20,long,-96.49,-1.0118,75.0,bounce off session VWAP 473.63,stop,-0.939,0.904,0.651,0.57,-0.06,2.934,0.0448,-0.188,0.755,0.998,10.42,Fri
ar_forecast,TSLA,2026-08-28,2026-08-28 11:20:00-04:00,353.4667,2026-08-28 11:40:00-04:00,349.757,28,long,-103.87,-1.0495,20.0,AR(12) forecasts +0.17% over 6 bars,stop,0.706,-1.016,-0.299,0.35,0.397,1.492,-0.0362,0.257,0.468,0.297,11.33,Fri
rsi2_reversion,AMD,2026-08-28,2026-08-28 11:20:00-04:00,474.8873,2026-08-28 11:45:00-04:00,469.9034,21,long,-104.66,-1.0495,25.0,RSI(2)=9 dip above VWAP,stop,-0.939,0.501,0.073,0.65,0.397,2.425,0.0293,-0.173,0.54,0.568,11.33,Fri
orb,AMD,2026-08-28,2026-08-28 10:35:00-04:00,477.3285,2026-08-28 11:45:00-04:00,469.5651,20,long,-155.27,-1.6264,70.0,break of opening range high 476.55,stop,-0.939,1.018,0.708,0.71,0.074,2.766,0.0566,-0.255,0.707,0.936,10.58,Fri
ar_forecast,AMD,2026-08-28,2026-08-28 11:35:00-04:00,474.4971,2026-08-28 11:45:00-04:00,469.5173,21,long,-104.58,-1.0495,10.0,AR(12) forecasts +0.15% over 6 bars,stop,-0.939,0.418,-0.009,0.35,0.245,2.315,0.0158,-0.163,0.486,0.525,11.58,Fri
ar_forecast,PLTR,2026-08-28,2026-08-28 11:15:00-04:00,187.2137,2026-08-28 11:45:00-04:00,187.0056,53,long,-11.03,-0.1112,30.0,AR(12) forecasts +0.19% over 6 bars,signal,-0.516,1.229,0.531,0.82,0.329,2.119,0.0163,-0.237,0.589,0.817,11.25,Fri
vwap_pullback,TSLA,2026-08-28,2026-08-28 11:10:00-04:00,353.3832,2026-08-28 11:50:00-04:00,348.9886,28,short,123.05,1.2436,40.0,rejection at session VWAP 354.60,target,0.706,-1.039,-0.339,0.63,0.316,1.546,-0.0402,0.284,0.491,0.286,11.17,Fri
vwap_pullback,NVDA,2026-08-28,2026-08-28 11:10:00-04:00,224.7776,2026-08-28 11:55:00-04:00,221.3037,44,short,152.85,1.5455,45.0,rejection at session VWAP 225.89,target,-0.316,-1.123,-0.472,0.56,0.316,3.059,-0.0241,0.25,0.479,0.254,11.17,Fri
orb,MSTR,2026-08-28,2026-08-28 10:05:00-04:00,133.4333,2026-08-28 11:55:00-04:00,128.584,74,short,358.84,3.6342,110.0,break of opening range low 133.86,target,-2.449,-0.442,-0.703,0.81,-0.098,6.629,-0.2028,0.162,1.389,0.38,10.08,Fri
high_break_trail,PLTR,2026-08-28,2026-08-28 11:20:00-04:00,187.3986,2026-08-28 11:55:00-04:00,186.0682,53,long,-70.51,-0.7099,35.0,"break of first-hour high 187.37, 2.0xATR trail",stop,-0.516,1.329,0.604,1.22,0.397,2.091,0.0233,-0.22,0.572,0.848,11.33,Fri
vwap_pullback,MSTR,2026-08-28,2026-08-28 10:10:00-04:00,132.0789,2026-08-28 12:20:00-04:00,126.7349,75,short,400.8,4.0461,130.0,rejection at session VWAP 134.38,target,-2.449,-1.452,-1.438,1.37,-0.192,6.174,-0.2811,0.174,1.372,0.236,10.17,Fri
rsi2_reversion,PLTR,2026-08-28,2026-08-28 11:50:00-04:00,186.7933,2026-08-28 12:40:00-04:00,185.7071,53,long,-57.57,-0.5815,50.0,RSI(2)=7 dip above VWAP,signal,-0.516,1.002,0.1,0.9,0.044,2.097,0.0316,-0.058,0.479,0.605,11.83,Fri
ar_forecast,NVDA,2026-08-28,2026-08-28 12:15:00-04:00,220.6596,2026-08-28 12:45:00-04:00,220.2301,45,short,19.33,0.1947,30.0,AR(12) forecasts -0.15% over 6 bars,signal,-0.316,-2.934,-1.797,0.62,-0.205,2.602,-0.073,0.224,0.402,0.075,12.25,Fri
orb,NVDA,2026-08-28,2026-08-28 09:50:00-04:00,225.7121,2026-08-28 13:05:00-04:00,218.7256,44,short,307.41,3.0953,195.0,break of opening range low 226.05,target,-0.316,-0.712,-0.518,0.61,-0.005,5.392,-0.2144,-0.009,0.644,0.135,9.83,Fri
rsi2_reversion,AMD,2026-08-28,2026-08-28 12:55:00-04:00,471.4642,2026-08-28 13:10:00-04:00,470.8953,21,short,11.95,0.1207,15.0,RSI(2)=92 rip below VWAP,signal,-0.939,-0.223,-0.285,1.39,-0.268,2.537,-0.0386,-0.078,0.438,0.451,12.92,Fri
ema_crossover,AMD,2026-08-28,2026-08-28 11:40:00-04:00,473.1633,2026-08-28 13:20:00-04:00,471.5957,21,short,32.92,0.3313,100.0,EMA9/20 cross down below VWAP,signal,-0.939,0.136,-0.267,0.44,0.137,2.404,0.008,-0.105,0.488,0.376,11.67,Fri
rsi2_reversion,MSTR,2026-08-28,2026-08-28 13:20:00-04:00,127.2762,2026-08-28 13:25:00-04:00,126.9134,78,short,28.3,0.2851,5.0,RSI(2)=90 rip below VWAP,signal,-2.449,-5.035,-2.988,0.35,-0.361,4.194,-0.155,0.197,0.642,0.097,13.33,Fri
rsi2_reversion,PLTR,2026-08-28,2026-08-28 13:35:00-04:00,185.937,2026-08-28 13:40:00-04:00,185.7778,53,short,8.43,0.0856,5.0,RSI(2)=90 rip below VWAP,signal,-0.516,0.539,-0.258,0.54,-0.402,1.742,-0.0033,-0.044,0.305,0.39,13.58,Fri
high_break_trail,NVDA,2026-08-28,2026-08-28 11:45:00-04:00,222.9335,2026-08-28 13:50:00-04:00,219.8316,44,short,136.48,1.3914,125.0,"break of first-hour low 223.25, 2.0xATR trail",stop,-0.316,-1.934,-1.111,0.99,0.069,2.693,-0.0476,0.267,0.407,0.086,11.75,Fri
orb,TSLA,2026-08-28,2026-08-28 10:00:00-04:00,354.5227,2026-08-28 14:35:00-04:00,346.141,28,short,234.69,2.3642,275.0,break of opening range low 354.92,target,0.706,-0.72,-0.49,0.43,-0.002,1.475,-0.1544,-0.454,0.851,0.228,10.0,Fri
ema_crossover,PLTR,2026-08-28,2026-08-28 12:10:00-04:00,186.1669,2026-08-28 14:35:00-04:00,186.2331,53,short,-3.51,-0.0356,145.0,EMA9/20 cross down below VWAP,signal,-0.516,0.663,-0.221,0.53,-0.101,2.014,0.0191,-0.064,0.443,0.448,12.17,Fri
squeeze_breakout,TSLA,2026-08-28,2026-08-28 14:40:00-04:00,345.5671,2026-08-28 15:05:00-04:00,346.6863,28,short,-31.34,-0.3239,25.0,squeeze breakdown below lower band 345.91,stop,0.706,-3.228,-1.667,0.71,-0.317,1.372,-0.05,-0.005,0.208,0.001,14.67,Fri
ema_crossover,PLTR,2026-08-28,2026-08-28 14:40:00-04:00,185.7321,2026-08-28 15:05:00-04:00,186.4082,53,short,-35.83,-0.364,25.0,EMA9/20 cross down below VWAP,stop,-0.516,0.428,-0.345,0.37,-0.317,1.618,-0.0038,-0.097,0.245,0.339,14.67,Fri
ema_crossover,COIN,2026-08-28,2026-08-28 11:15:00-04:00,184.7876,2026-08-28 15:15:00-04:00,177.8989,54,short,371.99,3.7279,240.0,EMA9/20 cross down below VWAP,signal,-2.48,-0.663,-0.277,0.47,0.329,4.702,-0.0149,0.295,0.943,0.411,11.25,Fri
rsi2_reversion,COIN,2026-08-28,2026-08-28 14:35:00-04:00,176.8115,2026-08-28 15:25:00-04:00,178.6689,56,short,-104.01,-1.0505,50.0,RSI(2)=94 rip below VWAP,stop,-2.48,-4.95,-2.783,0.44,-0.343,3.243,-0.1097,0.195,0.381,0.058,14.58,Fri
high_break_trail,COIN,2026-08-28,2026-08-28 11:45:00-04:00,181.5491,2026-08-28 15:30:00-04:00,179.181,55,short,130.25,1.3044,225.0,"break of first-hour low 181.78, 2.0xATR trail",stop,-2.48,-2.403,-1.764,1.59,0.069,4.377,-0.0563,0.359,0.827,0.12,11.75,Fri
rsi2_reversion,TSLA,2026-08-28,2026-08-28 15:10:00-04:00,346.4267,2026-08-28 15:35:00-04:00,346.8934,28,short,-13.07,-0.1347,25.0,RSI(2)=95 rip below VWAP,signal,0.706,-2.988,-1.337,0.75,-0.327,1.361,-0.0459,0.028,0.201,0.09,15.17,Fri
rsi2_reversion,AMD,2026-08-28,2026-08-28 15:30:00-04:00,469.6051,2026-08-28 15:40:00-04:00,469.3445,21,short,5.47,0.0555,10.0,RSI(2)=94 rip below VWAP,signal,-0.939,-0.617,-0.538,0.7,-0.306,2.105,-0.0192,-0.104,0.259,0.311,15.5,Fri
rsi2_reversion,MSTR,2026-08-28,2026-08-28 15:10:00-04:00,127.6561,2026-08-28 15:45:00-04:00,127.8839,78,short,-17.77,-0.1784,35.0,RSI(2)=95 rip below VWAP,signal,-2.449,-4.752,-2.228,0.93,-0.327,3.633,-0.099,0.202,0.415,0.137,15.17,Fri
high_break_trail,TSLA,2026-08-28,2026-08-28 11:40:00-04:00,350.5346,2026-08-28 15:50:00-04:00,348.5211,28,short,56.38,0.5744,250.0,"break of first-hour low 351.21, 2.0xATR trail",stop,0.706,-1.837,-1.008,0.78,0.137,1.513,-0.0441,0.314,0.44,0.091,11.67,Fri
rsi2_reversion,COIN,2026-08-28,2026-08-28 15:30:00-04:00,178.6581,2026-08-28 15:50:00-04:00,178.6093,55,short,2.69,0.0273,20.0,RSI(2)=98 rip below VWAP,signal,-2.48,-3.958,-1.515,0.97,-0.306,3.104,-0.0851,0.231,0.354,0.199,15.5,Fri
orb,COIN,2026-08-28,2026-08-28 10:05:00-04:00,184.4327,2026-08-28 15:55:00-04:00,178.7493,54,short,306.9,3.0816,350.0,break of opening range low 185.26,eod,-2.48,-0.853,-0.922,1.19,-0.098,5.91,-0.1834,0.303,1.455,0.263,10.08,Fri
orb,PLTR,2026-08-28,2026-08-28 11:20:00-04:00,187.3986,2026-08-28 15:55:00-04:00,186.1569,53,long,-65.81,-0.6626,275.0,break of opening range high 187.30,eod,-0.516,1.329,0.604,1.22,0.397,2.091,0.0233,-0.22,0.572,0.848,11.33,Fri
gap_and_go,COIN,2026-08-28,2026-08-28 10:05:00-04:00,184.4327,2026-08-28 15:55:00-04:00,178.7493,54,short,306.9,3.0816,350.0,"gap -2.5%, break of opening low 185.93",eod,-2.48,-0.853,-0.922,1.19,-0.098,5.91,-0.1834,0.303,1.455,0.263,10.08,Fri
high_break_trail,MSTR,2026-08-28,2026-08-28 11:45:00-04:00,129.3903,2026-08-28 15:55:00-04:00,127.3637,77,short,156.05,1.5663,250.0,"break of first-hour low 130.88, 2.0xATR trail",eod,-2.449,-3.458,-2.719,1.69,0.069,5.173,-0.1027,0.203,0.916,0.08,11.75,Fri
gap_and_go,MSTR,2026-08-28,2026-08-28 10:10:00-04:00,132.0789,2026-08-28 15:55:00-04:00,127.3637,75,short,353.65,3.57,345.0,"gap -2.4%, break of opening low 133.86",eod,-2.449,-1.452,-1.438,1.37,-0.192,6.174,-0.2811,0.174,1.372,0.236,10.17,Fri
ema_crossover,AMD,2026-08-28,2026-08-28 14:20:00-04:00,470.5046,2026-08-28 15:55:00-04:00,465.8328,21,short,98.11,0.9929,95.0,EMA9/20 cross down below VWAP,eod,-0.939,-0.427,-0.423,0.43,-0.349,2.299,-0.0208,-0.095,0.323,0.379,14.33,Fri
vwap_pullback,AMD,2026-08-31,2026-08-31 10:20:00-04:00,470.6352,2026-08-31 10:25:00-04:00,468.3848,21,long,-47.26,-0.4782,5.0,bounce off session VWAP 470.03,stop,0.133,0.947,0.135,0.58,-0.302,3.443,-0.0003,-0.371,1.553,0.566,10.33,Mon
ar_forecast,MSTR,2026-08-31,2026-08-31 10:35:00-04:00,126.5667,2026-08-31 10:40:00-04:00,127.8963,79,short,-105.04,-1.0505,5.0,AR(12) forecasts -0.21% over 6 bars,stop,0.994,-1.554,-0.368,0.58,-0.22,3.487,-0.0231,-0.63,1.171,0.264,10.58,Mon
orb,MSTR,2026-08-31,2026-08-31 10:15:00-04:00,126.2069,2026-08-31 10:40:00-04:00,128.9344,79,short,-215.48,-2.1612,25.0,break of opening range low 126.46,stop,0.994,-1.834,-0.696,0.43,-0.18,2.574,-0.0487,-0.673,1.324,0.149,10.25,Mon
ar_forecast,COIN,2026-08-31,2026-08-31 10:45:00-04:00,180.8504,2026-08-31 10:50:00-04:00,180.9645,55,long,6.27,0.0631,5.0,AR(12) forecasts +0.19% over 6 bars,signal,-0.056,1.283,1.255,1.65,-0.249,2.635,0.106,-0.027,0.887,0.866,10.75,Mon
ar_forecast,AMD,2026-08-31,2026-08-31 10:40:00-04:00,469.4152,2026-08-31 10:55:00-04:00,468.5341,21,short,18.5,0.1877,15.0,AR(12) forecasts -0.23% over 6 bars,signal,0.133,0.685,-0.083,0.69,-0.197,3.082,-0.0159,-0.305,1.239,0.464,10.67,Mon
ar_forecast,TSLA,2026-08-31,2026-08-31 10:35:00-04:00,363.713,2026-08-31 10:55:00-04:00,362.5112,27,short,32.45,0.3305,20.0,AR(12) forecasts -0.19% over 6 bars,signal,-0.462,4.771,1.237,0.8,-0.22,2.78,0.2132,0.379,1.204,0.888,10.58,Mon
ar_forecast,PLTR,2026-08-31,2026-08-31 10:40:00-04:00,185.3426,2026-08-31 11:10:00-04:00,185.997,53,long,34.68,0.353,30.0,AR(12) forecasts +0.24% over 6 bars,signal,-0.942,0.459,-0.028,0.39,-0.197,2.376,-0.0415,-0.36,0.814,0.493,10.67,Mon
ar_forecast,MSTR,2026-08-31,2026-08-31 10:45:00-04:00,128.6157,2026-08-31 11:10:00-04:00,129.3546,77,short,-56.9,-0.5746,25.0,AR(12) forecasts -0.15% over 6 bars,signal,0.994,0.039,1.05,1.95,-0.249,4.032,0.0391,-0.273,1.157,0.808,10.75,Mon
rsi2_reversion,NVDA,2026-08-31,2026-08-31 11:15:00-04:00,219.3796,2026-08-31 11:20:00-04:00,219.5702,45,long,8.57,0.0868,5.0,RSI(2)=7 dip above VWAP,signal,0.608,0.237,0.262,0.41,-0.203,1.822,0.0473,-0.234,0.463,0.722,11.25,Mon
ar_forecast,TSLA,2026-08-31,2026-08-31 11:05:00-04:00,364.2928,2026-08-31 11:25:00-04:00,364.0419,27,short,6.77,0.0689,20.0,AR(12) forecasts -0.17% over 6 bars,signal,-0.462,4.938,1.123,0.66,-0.215,2.968,0.1455,0.175,0.95,0.919,11.08,Mon
ar_forecast,COIN,2026-08-31,2026-08-31 11:15:00-04:00,180.8595,2026-08-31 11:35:00-04:00,181.8409,55,short,-53.97,-0.5426,20.0,AR(12) forecasts -0.39% over 6 bars,signal,-0.056,1.288,0.934,0.64,-0.203,2.598,0.1247,0.074,0.738,0.744,11.25,Mon
vwap_pullback,COIN,2026-08-31,2026-08-31 10:30:00-04:00,179.1395,2026-08-31 11:40:00-04:00,182.3952,55,long,179.06,1.8174,70.0,bounce off session VWAP 178.00,target,-0.056,0.325,0.617,0.5,-0.317,2.272,0.0368,-0.234,0.938,0.785,10.5,Mon
rsi2_reversion,NVDA,2026-08-31,2026-08-31 12:05:00-04:00,219.3996,2026-08-31 12:15:00-04:00,219.6101,45,long,9.47,0.0959,10.0,RSI(2)=10 dip above VWAP,signal,0.608,0.246,0.195,0.54,-0.286,1.674,0.0252,-0.091,0.326,0.727,12.08,Mon
rsi2_reversion,MSTR,2026-08-31,2026-08-31 12:40:00-04:00,130.135,2026-08-31 12:45:00-04:00,130.4797,76,long,26.2,0.2649,5.0,RSI(2)=7 dip above VWAP,signal,0.994,1.221,1.607,0.44,-0.25,3.125,0.0939,-0.246,0.585,0.875,12.67,Mon
high_break_trail,PLTR,2026-08-31,2026-08-31 12:30:00-04:00,187.2836,2026-08-31 12:55:00-04:00,186.4691,53,long,-43.17,-0.4349,25.0,"break of first-hour high 186.94, 2.0xATR trail",stop,-0.942,1.511,0.751,4.44,-0.199,1.95,0.0217,-0.19,0.371,0.872,12.5,Mon
ar_forecast,PLTR,2026-08-31,2026-08-31 12:40:00-04:00,187.2236,2026-08-31 13:05:00-04:00,186.4966,53,long,-38.53,-0.3883,25.0,AR(12) forecasts +0.18% over 6 bars,signal,-0.942,1.479,0.685,1.03,-0.25,1.958,0.0243,-0.231,0.375,0.827,12.67,Mon
squeeze_breakout,PLTR,2026-08-31,2026-08-31 12:30:00-04:00,187.2836,2026-08-31 13:10:00-04:00,186.0168,53,long,-67.14,-0.6764,40.0,squeeze breakout above upper band 186.79,stop,-0.942,1.511,0.751,4.44,-0.199,1.95,0.0217,-0.19,0.371,0.872,12.5,Mon
orb,COIN,2026-08-31,2026-08-31 10:40:00-04:00,179.9899,2026-08-31 13:10:00-04:00,186.4166,55,long,353.47,3.5706,150.0,break of opening range high 179.80,target,-0.056,0.801,0.862,1.15,-0.197,2.732,0.087,-0.038,0.914,0.694,10.67,Mon
rsi2_reversion,AMD,2026-08-31,2026-08-31 12:55:00-04:00,468.5556,2026-08-31 13:15:00-04:00,468.7242,21,short,-3.54,-0.036,20.0,RSI(2)=93 rip below VWAP,signal,0.133,0.501,-0.072,0.49,-0.194,1.983,-0.0159,-0.227,0.347,0.392,12.92,Mon
vwap_pullback,AMD,2026-08-31,2026-08-31 13:00:00-04:00,469.5243,2026-08-31 13:30:00-04:00,467.2526,21,long,-47.71,-0.4838,30.0,bounce off session VWAP 468.89,stop,0.133,0.709,0.134,0.86,-0.219,1.959,-0.0141,-0.23,0.334,0.473,13.0,Mon
rsi2_reversion,PLTR,2026-08-31,2026-08-31 13:00:00-04:00,186.6833,2026-08-31 13:35:00-04:00,185.807,53,long,-46.44,-0.4694,35.0,RSI(2)=10 dip above VWAP,signal,-0.942,1.186,0.362,0.82,-0.219,1.927,0.025,-0.19,0.362,0.697,13.0,Mon
rsi2_reversion,NVDA,2026-08-31,2026-08-31 13:30:00-04:00,219.4697,2026-08-31 13:45:00-04:00,219.5502,45,long,3.62,0.0367,15.0,RSI(2)=1 dip above VWAP,signal,0.608,0.278,0.161,0.52,-0.266,1.447,0.0124,-0.07,0.191,0.743,13.5,Mon
squeeze_breakout,COIN,2026-08-31,2026-08-31 12:35:00-04:00,183.9319,2026-08-31 14:00:00-04:00,187.3495,54,long,184.55,1.8581,85.0,squeeze breakout above upper band 183.64,target,-0.056,3.008,2.075,0.75,-0.275,2.262,0.099,-0.02,0.496,0.995,12.58,Mon
rsi2_reversion,AMD,2026-08-31,2026-08-31 13:55:00-04:00,468.6156,2026-08-31 14:00:00-04:00,468.5642,21,short,1.08,0.011,5.0,RSI(2)=91 rip below VWAP,signal,0.133,0.514,-0.049,0.46,-0.106,1.767,-0.0059,-0.207,0.229,0.397,13.92,Mon
ema_crossover,PLTR,2026-08-31,2026-08-31 13:20:00-04:00,185.7871,2026-08-31 14:05:00-04:00,187.3136,53,short,-80.91,-0.8217,45.0,EMA9/20 cross down below VWAP,signal,-0.942,0.7,-0.119,0.74,-0.199,1.883,0.0189,-0.166,0.345,0.481,13.33,Mon
squeeze_breakout,TSLA,2026-08-31,2026-08-31 13:50:00-04:00,367.7938,2026-08-31 14:35:00-04:00,365.7589,27,long,-54.94,-0.5533,45.0,squeeze breakout above upper band 367.57,stop,-0.462,5.947,1.418,0.82,-0.073,2.444,0.0461,0.179,0.339,0.967,13.83,Mon
vwap_pullback,NVDA,2026-08-31,2026-08-31 12:15:00-04:00,219.8299,2026-08-31 14:35:00-04:00,218.2133,45,long,-72.74,-0.7353,140.0,bounce off session VWAP 218.98,stop,0.608,0.442,0.385,0.42,-0.228,1.643,0.0227,-0.099,0.306,0.825,12.25,Mon
rsi2_reversion,MSTR,2026-08-31,2026-08-31 14:25:00-04:00,131.2306,2026-08-31 14:40:00-04:00,131.1144,76,long,-8.83,-0.0885,15.0,RSI(2)=9 dip above VWAP,signal,0.994,2.073,1.967,0.57,-0.134,2.765,0.0717,-0.17,0.397,0.914,14.42,Mon
vwap_pullback,MSTR,2026-08-31,2026-08-31 10:45:00-04:00,128.7443,2026-08-31 15:00:00-04:00,132.4972,77,long,288.97,2.915,255.0,bounce off session VWAP 127.22,target,0.994,0.139,1.151,1.95,-0.249,4.032,0.0391,-0.273,1.157,0.844,10.75,Mon
squeeze_breakout,MSTR,2026-08-31,2026-08-31 13:15:00-04:00,131.1355,2026-08-31 15:05:00-04:00,132.985,76,long,140.56,1.4103,110.0,squeeze breakout above upper band 130.97,target,0.994,1.999,2.18,1.62,-0.192,3.002,0.085,-0.205,0.536,0.953,13.25,Mon
rsi2_reversion,TSLA,2026-08-31,2026-08-31 14:35:00-04:00,366.4631,2026-08-31 15:10:00-04:00,366.1818,27,long,-7.6,-0.0768,35.0,RSI(2)=5 dip above VWAP,signal,-0.462,5.563,0.939,0.65,-0.244,2.355,0.0398,0.209,0.299,0.903,14.58,Mon
ar_forecast,NVDA,2026-08-31,2026-08-31 14:50:00-04:00,217.909,2026-08-31 15:20:00-04:00,218.9644,45,short,-47.49,-0.4843,30.0,AR(12) forecasts -0.15% over 6 bars,signal,0.608,-0.435,-0.531,1.31,-0.219,1.387,0.0012,0.007,0.187,0.387,14.83,Mon
vwap_pullback,NVDA,2026-08-31,2026-08-31 14:40:00-04:00,217.9609,2026-08-31 15:25:00-04:00,219.8968,45,short,-87.12,-0.8882,45.0,rejection at session VWAP 219.13,stop,0.608,-0.412,-0.523,1.08,-0.258,1.392,0.0031,0.017,0.18,0.399,14.67,Mon
ema_crossover,AMD,2026-08-31,2026-08-31 14:50:00-04:00,467.7484,2026-08-31 15:35:00-04:00,468.8593,21,short,-23.33,-0.2375,45.0,EMA9/20 cross down below VWAP,signal,0.133,0.328,-0.227,0.43,-0.219,1.644,-0.0022,-0.207,0.188,0.324,14.83,Mon
squeeze_breakout,COIN,2026-08-31,2026-08-31 14:45:00-04:00,188.7804,2026-08-31 15:55:00-04:00,187.976,52,long,-41.83,-0.4261,70.0,squeeze breakout above upper band 188.12,eod,-0.056,5.724,3.412,1.46,-0.248,2.255,0.0986,-0.043,0.434,0.974,14.75,Mon
rsi2_reversion,AMD,2026-08-31,2026-08-31 15:25:00-04:00,468.2456,2026-08-31 15:55:00-04:00,470.185,21,short,-40.73,-0.4142,30.0,RSI(2)=93 rip below VWAP,eod,0.133,0.434,-0.109,0.81,-0.091,1.576,-0.0021,-0.198,0.177,0.366,15.42,Mon
high_break_trail,COIN,2026-08-31,2026-08-31 10:40:00-04:00,179.9899,2026-08-31 15:55:00-04:00,187.976,55,long,439.23,4.4369,315.0,"break of first-hour high 179.80, 2.0xATR trail",eod,-0.056,0.801,0.862,1.15,-0.197,2.732,0.087,-0.038,0.914,0.694,10.67,Mon
vwap_pullback,PLTR,2026-08-31,2026-08-31 11:50:00-04:00,186.2381,2026-08-31 15:55:00-04:00,186.2668,53,long,1.52,0.0154,245.0,bounce off session VWAP 185.60,eod,-0.942,0.945,0.336,0.45,-0.163,1.984,0.0157,-0.325,0.451,0.777,11.83,Mon
high_break_trail,TSLA,2026-08-31,2026-08-31 10:45:00-04:00,365.2375,2026-08-31 15:55:00-04:00,367.7361,27,long,67.46,0.6841,310.0,"break of first-hour high 364.86, 2.0xATR trail",eod,-0.462,5.21,1.534,0.83,-0.249,2.946,0.1942,0.13,1.128,0.969,10.75,Mon
news_momentum,COIN,2026-08-31,2026-08-31 15:00:00-04:00,189.1145,2026-08-31 15:55:00-04:00,188.2972,52,long,-42.5,-0.4322,55.0,fresh headline <45m + breakout on volume,stop,-0.056,5.911,3.419,1.62,-0.198,2.208,0.0982,-0.043,0.407,0.972,15.0,Mon
orb,NVDA,2026-08-31,2026-08-31 10:10:00-04:00,219.4897,2026-08-31 15:55:00-04:00,220.7696,45,long,57.59,0.5831,345.0,break of opening range high 219.35,eod,0.608,0.287,0.594,0.64,-0.198,2.103,0.1736,-0.74,0.778,0.822,10.17,Mon
ema_crossover,NVDA,2026-08-31,2026-08-31 15:30:00-04:00,219.9299,2026-08-31 15:55:00-04:00,220.7696,45,long,37.78,0.3818,25.0,EMA9/20 cross up above VWAP,eod,0.608,0.488,0.39,1.08,-0.116,1.354,-0.0001,0.022,0.187,0.847,15.5,Mon
high_break_trail,MSTR,2026-08-31,2026-08-31 11:10:00-04:00,129.3546,2026-08-31 15:55:00-04:00,132.8835,77,long,271.72,2.7281,285.0,"break of first-hour high 128.87, 2.0xATR trail",eod,0.994,0.614,1.44,1.08,-0.207,3.812,0.089,-0.299,0.983,0.954,11.17,Mon
orb,TSLA,2026-08-31,2026-08-31 09:50:00-04:00,359.5997,2026-08-31 15:55:00-04:00,367.7361,27,long,219.68,2.2626,365.0,break of opening range high 355.94,eod,-0.462,3.586,1.102,1.22,-0.106,2.985,0.6009,-0.535,1.797,0.897,9.83,Mon
ar_forecast,COIN,2026-09-01,2026-09-01 10:35:00-04:00,182.8185,2026-09-01 10:40:00-04:00,182.2161,54,short,32.53,0.3296,5.0,AR(12) forecasts -0.27% over 6 bars,signal,-3.414,0.643,0.947,0.41,0.297,4.714,0.1215,-0.641,1.159,0.803,10.58,Tue
ar_forecast,AMD,2026-09-01,2026-09-01 10:40:00-04:00,454.1328,2026-09-01 10:50:00-04:00,457.7738,22,short,-80.1,-0.8017,10.0,AR(12) forecasts -0.20% over 6 bars,signal,-2.266,-1.125,-0.471,0.45,0.282,3.544,-0.049,-0.103,0.73,0.218,10.67,Tue
ar_forecast,MSTR,2026-09-01,2026-09-01 10:45:00-04:00,129.4247,2026-09-01 10:55:00-04:00,128.5557,77,long,-66.91,-0.6714,10.0,AR(12) forecasts +0.17% over 6 bars,signal,-3.723,1.113,1.568,0.25,0.251,5.944,0.1457,-0.158,1.124,0.922,10.75,Tue
vwap_pullback,COIN,2026-09-01,2026-09-01 10:25:00-04:00,182.2911,2026-09-01 11:00:00-04:00,180.328,54,long,-106.01,-1.0769,35.0,bounce off session VWAP 180.96,stop,-3.414,0.353,0.7,0.31,0.231,4.884,0.1221,-0.624,1.257,0.715,10.42,Tue
rsi2_reversion,COIN,2026-09-01,2026-09-01 11:00:00-04:00,181.6658,2026-09-01 11:05:00-04:00,179.7592,55,long,-104.86,-1.0495,5.0,RSI(2)=9 dip above VWAP,stop,-3.414,0.009,0.272,0.24,0.144,4.151,0.063,-0.447,0.962,0.61,11.0,Tue
rsi2_reversion,PLTR,2026-09-01,2026-09-01 10:55:00-04:00,185.3125,2026-09-01 11:05:00-04:00,183.3676,53,long,-103.08,-1.0495,10.0,RSI(2)=7 dip above VWAP,stop,-1.937,1.402,0.684,0.39,0.201,3.749,0.093,0.127,0.825,0.764,10.92,Tue
ar_forecast,PLTR,2026-09-01,2026-09-01 10:45:00-04:00,185.867,2026-09-01 11:15:00-04:00,183.1015,53,short,146.57,1.4879,30.0,AR(12) forecasts -0.23% over 6 bars,signal,-1.937,1.706,1.006,0.37,0.251,3.566,0.1328,-0.003,0.851,0.87,10.75,Tue
ar_forecast,AMD,2026-09-01,2026-09-01 10:55:00-04:00,456.228,2026-09-01 11:20:00-04:00,456.9714,21,long,15.61,0.1629,25.0,AR(12) forecasts +0.16% over 6 bars,signal,-2.266,-0.669,-0.027,0.48,0.201,3.36,-0.0173,-0.114,0.651,0.467,10.92,Tue
rsi2_reversion,MSTR,2026-09-01,2026-09-01 11:00:00-04:00,128.2941,2026-09-01 11:25:00-04:00,127.7461,77,long,-42.2,-0.4272,25.0,RSI(2)=10 dip above VWAP,signal,-3.723,0.23,0.639,0.29,0.144,5.63,0.0786,-0.039,1.007,0.734,11.0,Tue
vwap_pullback,AMD,2026-09-01,2026-09-01 10:15:00-04:00,455.0224,2026-09-01 11:25:00-04:00,458.7158,21,short,-77.56,-0.8117,70.0,rejection at session VWAP 457.11,stop,-2.266,-0.931,-0.427,0.77,0.171,3.97,-0.0233,-0.11,0.872,0.246,10.25,Tue
ar_forecast,COIN,2026-09-01,2026-09-01 10:55:00-04:00,181.854,2026-09-01 11:25:00-04:00,180.4052,54,short,78.24,0.7967,30.0,AR(12) forecasts -0.18% over 6 bars,signal,-3.414,0.112,0.371,0.4,0.201,4.123,0.0803,-0.518,0.977,0.642,10.92,Tue
vwap_pullback,MSTR,2026-09-01,2026-09-01 11:15:00-04:00,127.1164,2026-09-01 11:30:00-04:00,127.9273,78,short,-63.25,-0.6379,15.0,rejection at session VWAP 127.48,stop,-3.723,-0.69,-0.285,0.43,0.168,5.271,0.0278,-0.022,0.889,0.537,11.25,Tue
ar_forecast,MSTR,2026-09-01,2026-09-01 11:10:00-04:00,127.5262,2026-09-01 11:40:00-04:00,127.9389,78,short,-32.19,-0.3236,30.0,AR(12) forecasts -0.18% over 6 bars,signal,-3.723,-0.37,0.036,0.31,0.12,5.384,0.0394,-0.011,0.919,0.605,11.17,Tue
orb,AMD,2026-09-01,2026-09-01 10:30:00-04:00,452.296,2026-09-01 11:45:00-04:00,460.9504,22,short,-190.39,-1.9134,75.0,break of opening range low 453.16,stop,-2.266,-1.525,-0.893,0.92,0.32,3.633,-0.0675,-0.167,0.785,-0.0,10.5,Tue
ar_forecast,PLTR,2026-09-01,2026-09-01 11:20:00-04:00,183.1615,2026-09-01 11:50:00-04:00,183.5282,54,long,19.8,0.2002,30.0,AR(12) forecasts +0.16% over 6 bars,signal,-1.937,0.225,-0.431,0.54,0.189,3.521,0.0141,0.16,0.674,0.355,11.33,Tue
vwap_pullback,MSTR,2026-09-01,2026-09-01 11:45:00-04:00,128.2741,2026-09-01 12:10:00-04:00,127.0507,77,long,-94.2,-0.9537,25.0,bounce off session VWAP 127.50,stop,-3.723,0.214,0.605,0.32,0.335,4.702,0.0047,-0.036,0.694,0.73,11.75,Tue
vwap_pullback,PLTR,2026-09-01,2026-09-01 10:10:00-04:00,184.6198,2026-09-01 12:15:00-04:00,182.5889,54,long,-109.67,-1.1,125.0,bounce off session VWAP 183.23,stop,-1.937,1.023,0.69,0.52,0.13,4.838,0.0975,-0.003,1.168,0.781,10.17,Tue
rsi2_reversion,MSTR,2026-09-01,2026-09-01 12:05:00-04:00,127.6338,2026-09-01 12:15:00-04:00,126.2943,78,long,-104.48,-1.0495,10.0,RSI(2)=9 dip above VWAP,stop,-3.723,-0.286,0.097,0.39,0.247,4.419,-0.0055,-0.009,0.622,0.623,12.08,Tue
high_break_trail,AMD,2026-09-01,2026-09-01 11:50:00-04:00,461.0319,2026-09-01 12:25:00-04:00,456.6587,21,long,-91.84,-0.9486,35.0,"break of first-hour high 460.72, 2.0xATR trail",stop,-2.266,0.377,0.917,0.89,0.333,2.71,0.0257,-0.117,0.433,0.949,11.83,Tue
rsi2_reversion,TSLA,2026-09-01,2026-09-01 12:15:00-04:00,358.4191,2026-09-01 12:40:00-04:00,357.5213,27,long,-24.24,-0.2505,25.0,RSI(2)=8 dip above VWAP,signal,-1.92,-0.675,0.138,0.36,0.133,1.953,0.0144,0.06,0.407,0.54,12.25,Tue
rsi2_reversion,NVDA,2026-09-01,2026-09-01 12:25:00-04:00,219.4297,2026-09-01 12:50:00-04:00,219.2503,45,long,-8.07,-0.0817,25.0,RSI(2)=8 dip above VWAP,signal,-1.933,1.302,0.812,0.57,0.07,1.389,0.0504,-0.206,0.292,0.815,12.42,Tue
rsi2_reversion,AMD,2026-09-01,2026-09-01 12:20:00-04:00,458.7292,2026-09-01 12:50:00-04:00,457.5311,21,long,-25.16,-0.2612,30.0,RSI(2)=4 dip above VWAP,signal,-2.266,-0.124,0.383,0.43,0.113,2.537,0.0259,-0.059,0.362,0.699,12.33,Tue
vwap_pullback,AMD,2026-09-01,2026-09-01 12:30:00-04:00,456.5716,2026-09-01 12:55:00-04:00,458.5793,21,short,-42.16,-0.4397,25.0,rejection at session VWAP 456.98,stop,-2.266,-0.594,-0.085,0.52,-0.041,2.487,0.02,-0.042,0.356,0.464,12.5,Tue
rsi2_reversion,PLTR,2026-09-01,2026-09-01 12:55:00-04:00,182.9735,2026-09-01 13:05:00-04:00,183.0215,54,short,-2.59,-0.0262,10.0,RSI(2)=96 rip below VWAP,signal,-1.937,0.122,-0.418,0.67,0.033,2.868,-0.0242,0.189,0.381,0.319,12.92,Tue
high_break_trail,NVDA,2026-09-01,2026-09-01 11:05:00-04:00,218.5993,2026-09-01 13:10:00-04:00,218.2448,45,long,-15.95,-0.1621,125.0,"break of first-hour high 218.39, 2.0xATR trail",stop,-1.933,0.918,0.783,0.53,0.104,1.629,0.0545,-0.385,0.461,1.006,11.08,Tue
rsi2_reversion,NVDA,2026-09-01,2026-09-01 13:15:00-04:00,218.5792,2026-09-01 13:35:00-04:00,218.3708,45,long,-9.38,-0.0954,20.0,RSI(2)=10 dip above VWAP,signal,-1.933,0.909,0.34,0.58,-0.053,1.438,0.0317,-0.161,0.248,0.655,13.25,Tue
vwap_pullback,COIN,2026-09-01,2026-09-01 11:10:00-04:00,179.8001,2026-09-01 14:05:00-04:00,176.1974,55,short,198.15,2.0037,175.0,rejection at session VWAP 181.10,target,-3.414,-1.018,-0.701,1.26,0.12,4.077,0.0274,-0.298,0.906,0.297,11.17,Tue
vwap_pullback,TSLA,2026-09-01,2026-09-01 12:20:00-04:00,357.753,2026-09-01 14:10:00-04:00,355.4344,27,short,62.6,0.6481,110.0,rejection at session VWAP 357.92,target,-1.92,-0.86,-0.043,0.43,0.113,1.993,0.0111,0.079,0.407,0.469,12.33,Tue
rsi2_reversion,NVDA,2026-09-01,2026-09-01 13:50:00-04:00,218.129,2026-09-01 14:20:00-04:00,217.6661,45,long,-20.83,-0.2122,30.0,RSI(2)=6 dip above VWAP,signal,-1.933,0.701,0.121,0.47,-0.059,1.358,0.0198,-0.16,0.208,0.57,13.83,Tue
orb,PLTR,2026-09-01,2026-09-01 10:15:00-04:00,185.4027,2026-09-01 14:25:00-04:00,181.2094,53,long,-222.24,-2.2617,250.0,break of opening range high 184.58,stop,-1.937,1.452,1.024,0.61,0.171,4.535,0.1338,0.001,1.119,0.837,10.25,Tue
squeeze_breakout,TSLA,2026-09-01,2026-09-01 14:05:00-04:00,355.777,2026-09-01 14:40:00-04:00,353.8583,28,short,53.72,0.5393,35.0,squeeze breakdown below lower band 356.01,target,-1.92,-1.407,-0.543,0.6,-0.047,1.676,-0.0087,0.049,0.234,0.256,14.08,Tue
squeeze_breakout,MSTR,2026-09-01,2026-09-01 12:15:00-04:00,126.6067,2026-09-01 14:45:00-04:00,123.9979,78,short,203.48,2.0605,150.0,squeeze breakdown below lower band 126.71,target,-3.723,-1.089,-0.69,0.45,0.133,4.364,-0.0164,0.022,0.603,0.452,12.25,Tue
orb,MSTR,2026-09-01,2026-09-01 09:50:00-04:00,128.6443,2026-09-01 14:45:00-04:00,123.8381,77,long,-370.08,-3.7361,295.0,break of opening range high 128.37,stop,-3.723,0.503,1.559,0.43,-0.026,11.285,0.5932,-0.57,1.71,0.951,9.83,Tue
high_break_trail,COIN,2026-09-01,2026-09-01 12:25:00-04:00,177.5712,2026-09-01 15:00:00-04:00,177.1538,56,short,23.37,0.235,155.0,"break of first-hour low 178.03, 2.0xATR trail",stop,-3.414,-2.245,-1.676,1.61,0.07,3.351,-0.0336,-0.201,0.6,0.055,12.42,Tue
high_break_trail,TSLA,2026-09-01,2026-09-01 14:45:00-04:00,353.1533,2026-09-01 15:00:00-04:00,354.6637,28,short,-42.29,-0.4277,15.0,"break of first-hour low 353.39, 2.0xATR trail",stop,-1.92,-2.134,-1.192,1.02,-0.239,1.63,-0.0154,0.039,0.22,0.02,14.75,Tue
ema_crossover,AMD,2026-09-01,2026-09-01 12:35:00-04:00,455.6508,2026-09-01 15:10:00-04:00,458.8243,21,short,-66.64,-0.6965,155.0,EMA9/20 cross down below VWAP,signal,-2.266,-0.795,-0.286,0.48,0.026,2.475,0.018,-0.058,0.348,0.364,12.58,Tue
high_break_trail,PLTR,2026-09-01,2026-09-01 14:35:00-04:00,180.8395,2026-09-01 15:10:00-04:00,181.465,55,short,-34.4,-0.3459,35.0,"break of first-hour low 181.30, 2.0xATR trail",stop,-1.937,-1.045,-1.426,0.84,-0.193,2.475,-0.0277,0.133,0.264,0.01,14.58,Tue
vwap_pullback,NVDA,2026-09-01,2026-09-01 15:15:00-04:00,217.9289,2026-09-01 15:30:00-04:00,217.011,45,long,-41.31,-0.4212,15.0,bounce off session VWAP 217.77,stop,-1.933,0.609,0.071,0.65,-0.08,1.281,0.0015,-0.081,0.183,0.533,15.25,Tue
ema_crossover,TSLA,2026-09-01,2026-09-01 12:25:00-04:00,356.5516,2026-09-01 15:30:00-04:00,356.7983,28,short,-6.91,-0.0692,185.0,EMA9/20 cross down below VWAP,signal,-1.92,-1.193,-0.374,0.7,0.07,1.963,0.0084,0.078,0.391,0.34,12.42,Tue
rsi2_reversion,PLTR,2026-09-01,2026-09-01 15:15:00-04:00,181.5542,2026-09-01 15:35:00-04:00,181.4907,55,short,3.49,0.035,20.0,RSI(2)=96 rip below VWAP,signal,-1.937,-0.654,-0.936,0.68,-0.08,2.385,-0.0293,0.115,0.237,0.187,15.25,Tue
rsi2_reversion,TSLA,2026-09-01,2026-09-01 15:10:00-04:00,355.4622,2026-09-01 15:35:00-04:00,356.063,28,short,-16.82,-0.169,25.0,RSI(2)=97 rip below VWAP,signal,-1.92,-1.494,-0.509,0.64,-0.072,1.611,-0.0162,0.069,0.223,0.257,15.17,Tue
rsi2_reversion,AMD,2026-09-01,2026-09-01 15:00:00-04:00,456.1318,2026-09-01 15:40:00-04:00,459.2946,21,short,-66.42,-0.6934,40.0,RSI(2)=92 rip below VWAP,signal,-2.266,-0.69,-0.137,0.8,-0.114,2.023,-0.0036,-0.054,0.243,0.417,15.0,Tue
rsi2_reversion,MSTR,2026-09-01,2026-09-01 15:00:00-04:00,125.3673,2026-09-01 15:50:00-04:00,125.9329,79,short,-44.69,-0.4512,50.0,RSI(2)=91 rip below VWAP,signal,-3.723,-2.057,-1.202,0.7,-0.114,3.429,-0.0498,0.009,0.43,0.282,15.0,Tue
orb,NVDA,2026-09-01,2026-09-01 10:10:00-04:00,217.9089,2026-09-01 15:55:00-04:00,217.4312,45,long,-21.5,-0.2192,345.0,break of opening range high 217.30,eod,-1.933,0.6,0.682,0.62,0.13,1.888,0.1295,-0.567,0.722,0.933,10.17,Tue
squeeze_breakout,AMD,2026-09-01,2026-09-01 15:05:00-04:00,457.9289,2026-09-01 15:55:00-04:00,459.5201,21,long,33.42,0.3475,50.0,squeeze breakout above upper band 457.55,eod,-2.266,-0.299,0.251,0.79,-0.12,2.019,-0.003,-0.038,0.245,0.612,15.08,Tue
squeeze_breakout,COIN,2026-09-01,2026-09-01 12:20:00-04:00,178.1109,2026-09-01 15:55:00-04:00,176.9184,56,short,66.78,0.6695,215.0,squeeze breakdown below lower band 178.47,eod,-3.414,-1.948,-1.42,0.82,0.113,3.27,-0.0311,-0.161,0.581,0.134,12.33,Tue
rsi2_reversion,COIN,2026-09-01,2026-09-01 15:05:00-04:00,176.9665,2026-09-01 15:55:00-04:00,176.9184,56,short,2.69,0.0272,50.0,RSI(2)=93 rip below VWAP,eod,-3.414,-2.578,-1.3,0.89,-0.12,2.78,-0.0513,-0.229,0.373,0.219,15.08,Tue
squeeze_breakout,NVDA,2026-09-01,2026-09-01 14:40:00-04:00,216.7216,2026-09-01 15:55:00-04:00,217.6488,46,short,-42.65,-0.4278,75.0,squeeze breakdown below lower band 217.02,eod,-1.933,0.052,-0.506,0.98,-0.298,1.308,0.0061,-0.09,0.194,0.305,14.67,Tue
orb,AMD,2026-09-02,2026-09-02 09:55:00-04:00,452.9884,2026-09-02 10:30:00-04:00,461.9809,22,short,-197.83,-1.9851,35.0,break of opening range low 455.82,stop,-0.283,-1.191,-0.933,0.91,0.081,3.877,-0.2937,-0.222,1.123,0.063,9.92,Wed
ar_forecast,MSTR,2026-09-02,2026-09-02 10:35:00-04:00,123.3949,2026-09-02 10:40:00-04:00,123.5017,81,short,-8.66,-0.0866,5.0,AR(12) forecasts -0.21% over 6 bars,signal,-1.249,0.036,0.251,0.72,0.45,5.219,0.0376,-0.456,0.948,0.614,10.58,Wed
rsi2_reversion,MSTR,2026-09-02,2026-09-02 10:35:00-04:00,123.5183,2026-09-02 10:45:00-04:00,123.7781,80,long,20.78,0.2103,10.0,RSI(2)=10 dip above VWAP,signal,-1.249,0.136,0.351,0.72,0.45,5.219,0.0376,-0.456,0.948,0.652,10.58,Wed
ar_forecast,COIN,2026-09-02,2026-09-02 10:40:00-04:00,177.7688,2026-09-02 10:45:00-04:00,177.6221,56,long,-8.21,-0.0825,5.0,AR(12) forecasts +0.29% over 6 bars,signal,-1.431,1.99,1.103,0.36,0.505,4.986,0.1371,-0.087,0.894,0.858,10.67,Wed
ar_forecast,AMD,2026-09-02,2026-09-02 10:40:00-04:00,459.7798,2026-09-02 10:50:00-04:00,456.2717,21,long,-73.67,-0.763,10.0,AR(12) forecasts +0.17% over 6 bars,signal,-0.283,0.29,0.459,0.69,0.505,3.651,0.0545,0.221,0.794,0.753,10.67,Wed
vwap_pullback,MSTR,2026-09-02,2026-09-02 10:45:00-04:00,123.9019,2026-09-02 10:55:00-04:00,122.6729,80,long,-98.32,-0.9919,10.0,bounce off session VWAP 123.10,stop,-1.249,0.447,0.64,0.41,0.442,4.949,0.031,-0.467,0.891,0.769,10.75,Wed
vwap_pullback,AMD,2026-09-02,2026-09-02 10:20:00-04:00,459.7297,2026-09-02 11:00:00-04:00,455.2904,21,long,-93.23,-0.9656,40.0,bounce off session VWAP 456.89,stop,-0.283,0.279,0.579,0.79,0.362,3.811,-0.0012,0.333,0.907,0.785,10.33,Wed
ar_forecast,PLTR,2026-09-02,2026-09-02 10:35:00-04:00,173.3766,2026-09-02 11:05:00-04:00,171.994,57,long,-78.81,-0.7975,30.0,AR(12) forecasts +0.41% over 6 bars,signal,-1.615,-2.044,-0.778,0.44,0.45,3.153,-0.1042,0.402,1.108,0.136,10.58,Wed
vwap_pullback,TSLA,2026-09-02,2026-09-02 10:55:00-04:00,352.4187,2026-09-02 11:10:00-04:00,355.1064,28,short,-75.26,-0.7626,15.0,rejection at session VWAP 353.86,stop,1.261,-2.272,-0.386,0.65,0.375,3.781,0.0267,0.474,0.785,0.234,10.92,Wed
ar_forecast,TSLA,2026-09-02,2026-09-02 11:00:00-04:00,351.1743,2026-09-02 11:10:00-04:00,354.8634,28,short,-103.29,-1.0505,10.0,AR(12) forecasts -0.22% over 6 bars,stop,1.261,-2.617,-0.722,0.74,0.391,3.944,0.0234,0.353,0.777,0.117,11.0,Wed
vwap_pullback,PLTR,2026-09-02,2026-09-02 10:10:00-04:00,173.913,2026-09-02 11:15:00-04:00,170.5986,57,short,188.92,1.9058,65.0,rejection at session VWAP 175.09,target,-1.615,-1.741,-0.648,0.47,0.236,3.904,-0.0454,0.509,1.424,0.247,10.17,Wed
rsi2_reversion,COIN,2026-09-02,2026-09-02 11:10:00-04:00,176.6333,2026-09-02 11:20:00-04:00,177.3113,56,long,37.97,0.3839,10.0,RSI(2)=6 dip above VWAP,signal,-1.431,1.339,0.298,0.48,0.404,4.466,0.0661,-0.01,0.762,0.688,11.17,Wed
ar_forecast,PLTR,2026-09-02,2026-09-02 11:10:00-04:00,171.3556,2026-09-02 11:25:00-04:00,169.5573,58,long,-104.31,-1.0495,15.0,AR(12) forecasts +0.35% over 6 bars,stop,-1.615,-3.186,-1.534,1.13,0.404,2.735,-0.1201,0.415,0.831,0.109,11.17,Wed
vwap_pullback,AMD,2026-09-02,2026-09-02 11:05:00-04:00,455.2922,2026-09-02 11:25:00-04:00,459.155,21,short,-81.12,-0.8484,20.0,rejection at session VWAP 457.55,stop,-0.283,-0.689,-0.486,0.59,0.392,3.399,0.0041,0.166,0.678,0.297,11.08,Wed
ar_forecast,AMD,2026-09-02,2026-09-02 10:55:00-04:00,455.9869,2026-09-02 11:25:00-04:00,458.1039,21,short,-44.46,-0.4643,30.0,AR(12) forecasts -0.38% over 6 bars,signal,-0.283,-0.537,-0.354,0.53,0.375,3.514,0.0171,0.199,0.724,0.368,10.92,Wed
ema_crossover,TSLA,2026-09-02,2026-09-02 11:25:00-04:00,355.4376,2026-09-02 11:30:00-04:00,353.773,28,long,-46.61,-0.4683,5.0,EMA9/20 cross up above VWAP,signal,1.261,-1.434,0.466,0.41,0.504,3.576,0.0237,0.316,0.644,0.516,11.42,Wed
ar_forecast,MSTR,2026-09-02,2026-09-02 11:05:00-04:00,122.3488,2026-09-02 11:35:00-04:00,122.2711,81,short,6.29,0.0635,30.0,AR(12) forecasts -0.26% over 6 bars,signal,-1.249,-0.812,-0.568,0.79,0.392,4.636,-0.0262,-0.321,0.835,0.295,11.08,Wed
ema_crossover,TSLA,2026-09-02,2026-09-02 11:35:00-04:00,354.5372,2026-09-02 11:40:00-04:00,353.778,28,long,-21.26,-0.2141,5.0,EMA9/20 cross up above VWAP,signal,1.261,-1.684,0.209,0.53,0.447,3.438,0.0213,0.289,0.599,0.432,11.58,Wed
ar_forecast,TSLA,2026-09-02,2026-09-02 11:20:00-04:00,354.9014,2026-09-02 11:40:00-04:00,353.778,28,long,-31.45,-0.3165,20.0,AR(12) forecasts +0.17% over 6 bars,signal,1.261,-1.583,0.319,0.44,0.45,3.601,0.0257,0.356,0.654,0.466,11.33,Wed
ar_forecast,COIN,2026-09-02,2026-09-02 11:10:00-04:00,176.4567,2026-09-02 11:40:00-04:00,176.3681,56,short,4.96,0.0502,30.0,AR(12) forecasts -0.26% over 6 bars,signal,-1.431,1.237,0.198,0.48,0.404,4.466,0.0661,-0.01,0.762,0.661,11.17,Wed
ar_forecast,NVDA,2026-09-02,2026-09-02 11:15:00-04:00,226.5933,2026-09-02 11:45:00-04:00,226.9165,44,long,14.22,0.1426,30.0,AR(12) forecasts +0.24% over 6 bars,signal,0.572,3.569,1.728,1.47,0.462,1.955,0.1455,0.03,0.456,0.952,11.25,Wed
vwap_pullback,COIN,2026-09-02,2026-09-02 11:20:00-04:00,177.4887,2026-09-02 11:45:00-04:00,175.5203,56,long,-110.23,-1.109,25.0,bounce off session VWAP 176.14,stop,-1.431,1.829,0.756,0.53,0.45,4.329,0.051,-0.035,0.712,0.816,11.33,Wed
orb,NVDA,2026-09-02,2026-09-02 10:00:00-04:00,221.5707,2026-09-02 11:45:00-04:00,227.6383,45,long,273.04,2.7385,105.0,break of opening range high 220.13,target,0.572,1.273,0.649,0.99,0.169,2.716,0.1559,-0.09,0.632,0.849,10.0,Wed
news_momentum,PLTR,2026-09-02,2026-09-02 11:25:00-04:00,169.7089,2026-09-02 12:05:00-04:00,166.5099,58,short,185.54,1.885,40.0,fresh headline <45m + breakdown on volume,target,-1.615,-4.117,-2.14,1.47,0.504,2.667,-0.1432,0.425,0.766,0.071,11.42,Wed
rsi2_reversion,COIN,2026-09-02,2026-09-02 11:40:00-04:00,176.3681,2026-09-02 12:05:00-04:00,176.2618,56,long,-5.95,-0.0603,25.0,RSI(2)=8 dip above VWAP,signal,-1.431,1.187,0.104,0.4,0.42,4.03,0.0213,-0.004,0.622,0.648,11.67,Wed
ar_forecast,NVDA,2026-09-02,2026-09-02 11:50:00-04:00,227.6074,2026-09-02 12:20:00-04:00,227.1864,43,long,-18.11,-0.185,30.0,AR(12) forecasts +0.19% over 6 bars,signal,0.572,4.032,1.768,1.43,0.368,1.858,0.1299,0.125,0.414,0.971,11.83,Wed
rsi2_reversion,NVDA,2026-09-02,2026-09-02 12:25:00-04:00,227.2085,2026-09-02 12:35:00-04:00,227.2662,44,long,2.54,0.0254,10.0,RSI(2)=4 dip above VWAP,signal,0.572,3.85,1.383,0.54,0.315,1.747,0.1088,0.208,0.341,0.922,12.42,Wed
ema_crossover,AMD,2026-09-02,2026-09-02 11:30:00-04:00,459.3746,2026-09-02 12:40:00-04:00,456.4717,21,long,-60.96,-0.6319,70.0,EMA9/20 cross up above VWAP,signal,-0.283,0.202,0.392,0.64,0.468,3.129,0.0086,0.124,0.539,0.712,11.5,Wed
rsi2_reversion,MSTR,2026-09-02,2026-09-02 12:15:00-04:00,122.6586,2026-09-02 12:40:00-04:00,122.7014,81,short,-3.46,-0.0349,25.0,RSI(2)=97 rip below VWAP,signal,-1.249,-0.56,-0.161,0.65,0.393,3.719,-0.04,-0.292,0.542,0.39,12.25,Wed
high_break_trail,PLTR,2026-09-02,2026-09-02 11:00:00-04:00,172.2238,2026-09-02 12:50:00-04:00,168.9399,58,short,190.47,1.9068,110.0,"break of first-hour low 172.72, 2.0xATR trail",stop,-1.615,-2.696,-1.25,0.88,0.391,2.755,-0.1046,0.393,0.881,0.054,11.0,Wed
high_break_trail,NVDA,2026-09-02,2026-09-02 10:40:00-04:00,223.8969,2026-09-02 12:50:00-04:00,225.4737,44,long,69.38,0.7043,130.0,"break of first-hour high 223.44, 2.0xATR trail",stop,0.572,2.336,1.061,1.01,0.505,1.883,0.1562,-0.104,0.504,0.944,10.67,Wed
vwap_pullback,COIN,2026-09-02,2026-09-02 12:05:00-04:00,176.4382,2026-09-02 12:50:00-04:00,175.5563,56,long,-49.39,-0.4998,45.0,bounce off session VWAP 176.17,stop,-1.431,1.227,0.15,0.54,0.432,3.776,-0.0006,-0.005,0.523,0.659,12.08,Wed
vwap_pullback,TSLA,2026-09-02,2026-09-02 11:50:00-04:00,352.6686,2026-09-02 12:55:00-04:00,355.035,28,short,-66.26,-0.671,65.0,rejection at session VWAP 353.79,stop,1.261,-2.202,-0.314,0.39,0.368,3.286,0.0133,0.267,0.529,0.257,11.83,Wed
ema_crossover,MSTR,2026-09-02,2026-09-02 12:25:00-04:00,123.1215,2026-09-02 13:00:00-04:00,122.0989,81,long,-82.83,-0.8306,35.0,EMA9/20 cross up above VWAP,signal,-1.249,-0.185,0.213,0.39,0.315,3.625,-0.0324,-0.289,0.516,0.531,12.42,Wed
rsi2_reversion,PLTR,2026-09-02,2026-09-02 12:35:00-04:00,167.7062,2026-09-02 13:05:00-04:00,168.4142,59,short,-41.77,-0.4221,30.0,RSI(2)=97 rip below VWAP,signal,-1.615,-5.248,-1.893,1.1,0.346,2.864,-0.1656,0.358,0.573,0.169,12.58,Wed
squeeze_breakout,COIN,2026-09-02,2026-09-02 13:00:00-04:00,175.1074,2026-09-02 13:30:00-04:00,176.271,57,short,-66.32,-0.6645,30.0,squeeze breakdown below lower band 175.34,stop,-1.431,0.463,-0.591,1.33,0.396,3.354,-0.0142,-0.014,0.416,0.46,13.0,Wed
rsi2_reversion,NVDA,2026-09-02,2026-09-02 12:45:00-04:00,226.2731,2026-09-02 13:30:00-04:00,225.4071,44,long,-38.1,-0.3827,45.0,RSI(2)=9 dip above VWAP,signal,0.572,3.423,0.898,0.58,0.315,1.812,0.0916,0.26,0.326,0.823,12.75,Wed
ema_crossover,COIN,2026-09-02,2026-09-02 11:50:00-04:00,175.6721,2026-09-02 13:50:00-04:00,176.7583,56,short,-60.83,-0.6183,120.0,EMA9/20 cross down below VWAP,signal,-1.431,0.787,-0.285,0.69,0.368,3.972,0.0074,-0.006,0.591,0.544,11.83,Wed
rsi2_reversion,PLTR,2026-09-02,2026-09-02 13:50:00-04:00,169.4392,2026-09-02 14:05:00-04:00,169.8549,59,short,-24.52,-0.2453,15.0,RSI(2)=95 rip below VWAP,signal,-1.615,-4.269,-0.647,0.6,0.333,2.681,-0.093,0.335,0.419,0.315,13.83,Wed
rsi2_reversion,MSTR,2026-09-02,2026-09-02 13:45:00-04:00,122.8136,2026-09-02 14:10:00-04:00,122.9815,81,short,-13.6,-0.1367,25.0,RSI(2)=92 rip below VWAP,signal,-1.249,-0.435,-0.0,0.4,0.333,3.145,-0.0207,-0.261,0.365,0.437,13.75,Wed
rsi2_reversion,NVDA,2026-09-02,2026-09-02 14:00:00-04:00,224.7923,2026-09-02 14:20:00-04:00,224.6577,44,long,-5.92,-0.0599,20.0,RSI(2)=8 dip above VWAP,signal,0.572,2.746,0.171,0.58,0.372,1.698,0.0393,0.252,0.243,0.667,14.0,Wed
squeeze_breakout,AMD,2026-09-02,2026-09-02 14:10:00-04:00,455.762,2026-09-02 14:30:00-04:00,457.2633,21,short,-31.53,-0.3294,20.0,squeeze breakdown below lower band 456.22,stop,-0.283,-0.586,-0.389,1.31,0.358,2.207,-0.003,0.049,0.228,0.345,14.17,Wed
ema_crossover,MSTR,2026-09-02,2026-09-02 13:50:00-04:00,122.952,2026-09-02 15:00:00-04:00,122.5687,81,long,-31.05,-0.3118,70.0,EMA9/20 cross up above VWAP,signal,-1.249,-0.323,0.112,0.6,0.333,3.114,-0.0191,-0.261,0.353,0.479,13.83,Wed
ema_crossover,PLTR,2026-09-02,2026-09-02 14:55:00-04:00,168.5857,2026-09-02 15:20:00-04:00,169.2946,59,short,-41.83,-0.4205,25.0,EMA9/20 cross down below VWAP,signal,-1.615,-4.751,-1.08,0.34,0.31,2.435,-0.0582,0.326,0.321,0.243,14.92,Wed
rsi2_reversion,PLTR,2026-09-02,2026-09-02 15:10:00-04:00,169.1354,2026-09-02 15:30:00-04:00,168.9597,59,short,10.36,0.1039,20.0,RSI(2)=91 rip below VWAP,signal,-1.615,-4.441,-0.74,0.53,0.386,2.419,-0.0533,0.322,0.309,0.289,15.17,Wed
vwap_pullback,NVDA,2026-09-02,2026-09-02 14:20:00-04:00,224.8825,2026-09-02 15:35:00-04:00,223.6313,44,long,-55.05,-0.5564,75.0,bounce off session VWAP 224.42,stop,0.572,2.787,0.205,0.67,0.399,1.655,0.0318,0.244,0.235,0.676,14.33,Wed
rsi2_reversion,COIN,2026-09-02,2026-09-02 14:55:00-04:00,176.6183,2026-09-02 15:40:00-04:00,175.8021,56,long,-45.71,-0.4621,45.0,RSI(2)=6 dip above VWAP,signal,-1.431,1.33,0.23,0.42,0.31,2.789,-0.0053,-0.025,0.282,0.686,14.92,Wed
ema_crossover,AMD,2026-09-02,2026-09-02 15:25:00-04:00,456.2667,2026-09-02 15:50:00-04:00,457.6287,21,short,-28.6,-0.2985,25.0,EMA9/20 cross down below VWAP,stop,-0.283,-0.476,-0.259,0.53,0.397,1.99,-0.0042,0.028,0.183,0.396,15.42,Wed
vwap_pullback,PLTR,2026-09-02,2026-09-02 14:05:00-04:00,169.6851,2026-09-02 15:55:00-04:00,169.5447,58,short,8.14,0.0827,110.0,rejection at session VWAP 170.52,eod,-1.615,-4.13,-0.487,1.05,0.345,2.623,-0.0804,0.331,0.407,0.336,14.08,Wed
vwap_pullback,MSTR,2026-09-02,2026-09-02 11:00:00-04:00,122.5487,2026-09-02 15:55:00-04:00,123.3016,81,short,-60.99,-0.6144,295.0,rejection at session VWAP 123.11,eod,-1.249,-0.65,-0.432,0.51,0.391,4.675,-0.0096,-0.348,0.839,0.356,11.0,Wed
ema_crossover,COIN,2026-09-02,2026-09-02 15:10:00-04:00,175.987,2026-09-02 15:55:00-04:00,175.0875,56,short,50.37,0.5111,45.0,EMA9/20 cross down below VWAP,eod,-1.431,0.968,-0.126,0.42,0.386,2.734,-0.0056,-0.021,0.268,0.591,15.17,Wed
squeeze_breakout,NVDA,2026-09-02,2026-09-02 14:55:00-04:00,224.1978,2026-09-02 15:55:00-04:00,224.5122,44,short,-13.83,-0.1402,60.0,squeeze breakdown below lower band 224.39,eod,0.572,2.474,-0.108,0.52,0.31,1.609,0.0225,0.216,0.216,0.604,14.92,Wed
news_momentum,NVDA,2026-09-02,2026-09-02 11:05:00-04:00,225.5528,2026-09-02 15:55:00-04:00,224.2878,44,long,-55.66,-0.5609,290.0,fresh headline <45m + breakout on volume,eod,0.572,3.093,1.482,1.47,0.392,2.042,0.1399,0.033,0.471,0.937,11.08,Wed
orb,PLTR,2026-09-02,2026-09-02 11:00:00-04:00,172.2238,2026-09-02 15:55:00-04:00,169.5447,58,short,155.39,1.5556,295.0,break of opening range low 172.72,eod,-1.615,-2.696,-1.25,0.88,0.391,2.755,-0.1046,0.393,0.881,0.054,11.0,Wed
high_break_trail,AMD,2026-09-02,2026-09-02 10:35:00-04:00,462.3717,2026-09-02 15:55:00-04:00,456.0718,21,long,-132.3,-1.3625,320.0,"break of first-hour high 461.75, 2.0xATR trail",eod,-0.283,0.855,1.036,0.83,0.45,3.798,0.058,0.242,0.832,1.016,10.58,Wed
orb,COIN,2026-09-02,2026-09-02 09:55:00-04:00,177.8789,2026-09-02 15:55:00-04:00,174.9125,56,long,-166.12,-1.6676,360.0,break of opening range high 176.91,eod,-1.431,2.053,1.738,0.63,0.081,7.32,0.5789,-0.534,1.229,0.91,9.92,Wed
ar_forecast,COIN,2026-09-03,2026-09-03 10:35:00-04:00,189.7098,2026-09-03 10:45:00-04:00,189.865,52,long,8.07,0.0818,10.0,AR(12) forecasts +0.68% over 6 bars,signal,3.701,4.536,1.643,0.63,-0.036,5.102,0.1561,0.081,1.396,0.871,10.58,Thu
vwap_pullback,COIN,2026-09-03,2026-09-03 10:10:00-04:00,187.1535,2026-09-03 10:45:00-04:00,190.9101,53,long,199.1,2.0072,35.0,bounce off session VWAP 185.78,target,3.701,3.128,0.702,0.73,-0.009,5.74,0.0709,0.002,1.707,0.781,10.17,Thu
ar_forecast,AMD,2026-09-03,2026-09-03 10:35:00-04:00,450.2748,2026-09-03 10:50:00-04:00,450.0049,22,short,5.94,0.0599,15.0,AR(12) forecasts -0.47% over 6 bars,signal,-0.789,-0.536,0.639,0.34,-0.036,3.481,0.0972,0.356,1.205,0.742,10.58,Thu
rsi2_reversion,PLTR,2026-09-03,2026-09-03 10:40:00-04:00,183.6218,2026-09-03 10:55:00-04:00,181.6947,54,long,-104.06,-1.0495,15.0,RSI(2)=6 dip above VWAP,stop,1.705,6.54,1.075,0.46,-0.03,4.926,0.2276,0.097,1.499,0.841,10.67,Thu
ar_forecast,MSTR,2026-09-03,2026-09-03 10:35:00-04:00,135.8479,2026-09-03 11:05:00-04:00,138.6506,73,long,204.6,2.0632,30.0,AR(12) forecasts +0.44% over 6 bars,signal,3.891,6.102,2.528,1.07,-0.036,4.084,0.3242,-0.006,1.402,0.876,10.58,Thu
ar_forecast,PLTR,2026-09-03,2026-09-03 10:35:00-04:00,184.3379,2026-09-03 11:05:00-04:00,181.4707,54,short,154.83,1.5554,30.0,AR(12) forecasts -0.24% over 6 bars,signal,1.705,6.956,1.497,0.41,-0.036,5.076,0.27,0.054,1.589,0.893,10.58,Thu
ar_forecast,TSLA,2026-09-03,2026-09-03 10:50:00-04:00,379.775,2026-09-03 11:05:00-04:00,380.6902,26,short,-23.8,-0.241,15.0,AR(12) forecasts -0.15% over 6 bars,signal,2.5,3.788,1.302,0.5,0.023,4.139,0.1336,0.166,1.11,0.931,10.83,Thu
ar_forecast,COIN,2026-09-03,2026-09-03 10:55:00-04:00,190.6353,2026-09-03 11:10:00-04:00,190.5847,52,long,-2.63,-0.0265,15.0,AR(12) forecasts +0.19% over 6 bars,signal,3.701,5.046,1.772,0.53,0.111,4.973,0.1838,-0.082,1.262,0.904,10.92,Thu
ar_forecast,NVDA,2026-09-03,2026-09-03 10:45:00-04:00,226.2968,2026-09-03 11:15:00-04:00,227.0735,44,short,-34.17,-0.3432,30.0,AR(12) forecasts -0.21% over 6 bars,signal,0.722,0.122,-0.457,0.49,0.038,2.074,-0.0417,-0.133,0.658,0.358,10.75,Thu
ar_forecast,TSLA,2026-09-03,2026-09-03 11:20:00-04:00,379.5497,2026-09-03 11:25:00-04:00,379.87,26,long,8.33,0.0844,5.0,AR(12) forecasts +0.19% over 6 bars,signal,2.5,3.726,1.05,0.5,0.472,3.715,0.1062,0.153,0.881,0.867,11.33,Thu
ar_forecast,AMD,2026-09-03,2026-09-03 11:05:00-04:00,455.4122,2026-09-03 11:35:00-04:00,456.7783,21,short,-28.69,-0.3,30.0,AR(12) forecasts -0.27% over 6 bars,signal,-0.789,0.599,1.573,0.85,0.299,3.218,0.1045,0.307,0.931,0.951,11.08,Thu
ar_forecast,PLTR,2026-09-03,2026-09-03 11:10:00-04:00,182.5512,2026-09-03 11:35:00-04:00,182.6586,54,long,5.8,0.0588,25.0,AR(12) forecasts +0.21% over 6 bars,signal,1.705,5.919,0.445,0.65,0.402,4.653,0.0554,0.186,1.142,0.764,11.17,Thu
ar_forecast,MSTR,2026-09-03,2026-09-03 11:10:00-04:00,138.2791,2026-09-03 11:40:00-04:00,139.4702,72,long,85.76,0.8614,30.0,AR(12) forecasts +0.28% over 6 bars,signal,3.891,8.001,3.198,0.61,0.402,4.527,0.3227,-0.107,1.208,0.933,11.17,Thu
rsi2_reversion,COIN,2026-09-03,2026-09-03 12:30:00-04:00,192.7673,2026-09-03 12:35:00-04:00,193.7181,51,long,48.49,0.4932,5.0,RSI(2)=9 dip above VWAP,signal,3.701,6.221,1.894,0.52,0.524,4.469,0.1326,-0.067,0.736,0.792,12.5,Thu
rsi2_reversion,TSLA,2026-09-03,2026-09-03 12:30:00-04:00,382.211,2026-09-03 12:50:00-04:00,382.3787,26,long,4.36,0.0439,20.0,RSI(2)=6 dip above VWAP,signal,2.5,4.453,1.43,0.34,0.524,3.095,0.078,0.116,0.488,0.899,12.5,Thu
rsi2_reversion,PLTR,2026-09-03,2026-09-03 12:40:00-04:00,182.7913,2026-09-03 13:15:00-04:00,183.0884,54,long,16.04,0.1625,35.0,RSI(2)=5 dip above VWAP,signal,1.705,6.058,0.429,0.28,0.613,3.739,0.0202,0.115,0.555,0.781,12.67,Thu
rsi2_reversion,AMD,2026-09-03,2026-09-03 13:05:00-04:00,457.8738,2026-09-03 13:20:00-04:00,457.3412,21,long,-11.18,-0.1163,15.0,RSI(2)=9 dip above VWAP,signal,-0.789,1.143,1.465,0.74,0.521,2.499,0.0717,0.157,0.365,0.902,13.08,Thu
ema_crossover,NVDA,2026-09-03,2026-09-03 11:35:00-04:00,227.6458,2026-09-03 13:25:00-04:00,227.0014,43,long,-27.71,-0.283,110.0,EMA9/20 cross up above VWAP,signal,0.722,0.719,0.199,0.71,0.525,1.961,-0.023,-0.158,0.464,0.67,11.58,Thu
vwap_pullback,NVDA,2026-09-03,2026-09-03 11:20:00-04:00,227.1335,2026-09-03 13:35:00-04:00,228.3135,44,long,51.92,0.5195,135.0,bounce off session VWAP 227.17,target,0.722,0.493,-0.013,0.69,0.472,1.953,-0.0383,-0.141,0.505,0.552,11.33,Thu
rsi2_reversion,COIN,2026-09-03,2026-09-03 14:05:00-04:00,192.5863,2026-09-03 14:15:00-04:00,192.9035,51,long,16.18,0.1647,10.0,RSI(2)=7 dip above VWAP,signal,3.701,6.121,1.552,0.37,0.698,3.819,0.0721,-0.087,0.415,0.78,14.08,Thu
squeeze_breakout,PLTR,2026-09-03,2026-09-03 14:10:00-04:00,183.6718,2026-09-03 14:20:00-04:00,182.8528,54,long,-44.23,-0.4459,10.0,squeeze breakout above upper band 183.36,stop,1.705,6.569,0.861,0.2,0.701,3.144,0.0074,0.089,0.298,0.845,14.17,Thu
ar_forecast,NVDA,2026-09-03,2026-09-03 13:55:00-04:00,229.9549,2026-09-03 14:25:00-04:00,229.5652,43,long,-16.76,-0.1695,30.0,AR(12) forecasts +0.21% over 6 bars,signal,0.722,1.741,1.0,1.52,0.631,1.735,0.0086,-0.039,0.285,0.929,13.92,Thu
rsi2_reversion,NVDA,2026-09-03,2026-09-03 14:30:00-04:00,229.6286,2026-09-03 14:35:00-04:00,229.7651,43,long,5.87,0.0594,5.0,RSI(2)=7 dip above VWAP,signal,0.722,1.597,0.769,0.4,0.707,1.658,0.0161,-0.039,0.25,0.863,14.5,Thu
ema_crossover,PLTR,2026-09-03,2026-09-03 13:55:00-04:00,183.2616,2026-09-03 14:40:00-04:00,182.8185,54,long,-23.92,-0.2417,45.0,EMA9/20 cross up above VWAP,signal,1.705,6.331,0.651,0.25,0.631,3.232,0.0074,0.09,0.326,0.815,13.92,Thu
rsi2_reversion,MSTR,2026-09-03,2026-09-03 14:30:00-04:00,141.1205,2026-09-03 14:40:00-04:00,141.3843,70,long,18.46,0.1869,10.0,RSI(2)=6 dip above VWAP,signal,3.891,10.22,3.398,0.54,0.707,3.71,0.1174,-0.108,0.446,0.938,14.5,Thu
rsi2_reversion,AMD,2026-09-03,2026-09-03 14:45:00-04:00,456.6982,2026-09-03 14:50:00-04:00,457.4412,21,long,15.6,0.1627,5.0,RSI(2)=9 dip above VWAP,signal,-0.789,0.883,1.011,0.55,0.693,2.159,0.0397,0.141,0.225,0.841,14.75,Thu
rsi2_reversion,TSLA,2026-09-03,2026-09-03 14:25:00-04:00,382.2911,2026-09-03 14:50:00-04:00,381.5941,26,long,-18.12,-0.1823,25.0,RSI(2)=8 dip above VWAP,signal,2.5,4.475,1.233,0.32,0.69,2.549,0.0382,0.09,0.235,0.904,14.42,Thu
rsi2_reversion,PLTR,2026-09-03,2026-09-03 14:30:00-04:00,182.8914,2026-09-03 14:50:00-04:00,182.9485,54,long,3.08,0.0312,20.0,RSI(2)=6 dip above VWAP,signal,1.705,6.116,0.421,0.41,0.707,3.054,0.0061,0.097,0.27,0.788,14.5,Thu
rsi2_reversion,COIN,2026-09-03,2026-09-03 14:25:00-04:00,192.156,2026-09-03 15:00:00-04:00,191.7341,52,long,-21.94,-0.2196,35.0,RSI(2)=9 dip above VWAP,signal,3.701,5.884,1.273,0.71,0.69,3.766,0.0621,-0.06,0.413,0.751,14.42,Thu
high_break_trail,NVDA,2026-09-03,2026-09-03 13:45:00-04:00,229.9549,2026-09-03 15:10:00-04:00,229.0598,43,long,-38.49,-0.3892,85.0,"break of first-hour high 229.07, 2.0xATR trail",stop,0.722,1.741,1.047,3.11,0.592,1.755,0.0049,-0.025,0.281,0.943,13.75,Thu
squeeze_breakout,MSTR,2026-09-03,2026-09-03 12:35:00-04:00,140.4882,2026-09-03 15:20:00-04:00,143.2046,71,long,192.86,1.9335,165.0,squeeze breakout above upper band 140.32,target,3.891,9.726,3.718,0.82,0.59,4.265,0.1855,-0.101,0.737,1.003,12.58,Thu
rsi2_reversion,AMD,2026-09-03,2026-09-03 15:10:00-04:00,456.4631,2026-09-03 15:30:00-04:00,456.6166,21,long,3.22,0.0336,20.0,RSI(2)=9 dip above VWAP,signal,-0.789,0.831,0.906,1.02,0.644,2.097,0.0342,0.137,0.221,0.828,15.17,Thu
ema_crossover,NVDA,2026-09-03,2026-09-03 13:35:00-04:00,228.184,2026-09-03 15:50:00-04:00,228.7855,43,long,25.86,0.2636,135.0,EMA9/20 cross up above VWAP,signal,0.722,0.957,0.386,0.7,0.596,1.683,0.0008,-0.053,0.249,0.795,13.58,Thu
high_break_trail,COIN,2026-09-03,2026-09-03 10:50:00-04:00,191.4857,2026-09-03 15:55:00-04:00,192.6536,52,long,60.73,0.6099,305.0,"break of first-hour high 190.27, 2.0xATR trail",eod,3.701,5.515,2.313,0.91,0.023,5.065,0.1777,-0.026,1.291,1.001,10.83,Thu
vwap_pullback,NVDA,2026-09-03,2026-09-03 13:40:00-04:00,228.9244,2026-09-03 15:55:00-04:00,228.2858,43,long,-27.46,-0.279,135.0,bounce off session VWAP 227.31,eod,0.722,1.285,0.652,1.78,0.603,1.752,0.0032,0.023,0.267,0.797,13.67,Thu
ema_crossover,COIN,2026-09-03,2026-09-03 15:30:00-04:00,193.1165,2026-09-03 15:55:00-04:00,192.6536,51,long,-23.61,-0.2397,25.0,EMA9/20 cross up above VWAP,eod,3.701,6.413,1.667,0.7,0.635,3.491,0.039,-0.081,0.348,0.816,15.5,Thu
high_break_trail,TSLA,2026-09-03,2026-09-03 10:55:00-04:00,380.7503,2026-09-03 15:55:00-04:00,376.1668,26,long,-119.17,-1.2038,300.0,"break of first-hour high 380.46, 2.0xATR trail",eod,2.5,4.054,1.52,0.56,0.111,4.116,0.1282,0.161,1.073,0.989,10.92,Thu
gap_and_go,COIN,2026-09-03,2026-09-03 10:00:00-04:00,186.3781,2026-09-03 15:55:00-04:00,192.6536,53,long,332.6,3.3671,355.0,"gap 3.7%, break of opening high 185.12",eod,3.701,2.7,0.379,1.18,-0.04,6.692,-0.0038,0.007,1.882,0.683,10.0,Thu
news_momentum,NVDA,2026-09-03,2026-09-03 13:40:00-04:00,228.9244,2026-09-03 15:55:00-04:00,228.2858,43,long,-27.46,-0.279,135.0,fresh headline <45m + breakout on volume,eod,0.722,1.285,0.652,1.78,0.603,1.752,0.0032,0.023,0.267,0.797,13.67,Thu
high_break_trail,MSTR,2026-09-03,2026-09-03 10:45:00-04:00,136.8384,2026-09-03 15:55:00-04:00,144.7676,73,long,578.83,5.7946,310.0,"break of first-hour high 136.18, 2.0xATR trail",eod,3.891,6.876,2.84,0.96,0.038,4.388,0.3488,0.072,1.38,0.838,10.75,Thu
orb,AMD,2026-09-03,2026-09-03 11:00:00-04:00,454.4271,2026-09-03 15:55:00-04:00,456.0119,22,long,34.86,0.3487,295.0,break of opening range high 453.68,eod,-0.789,0.382,1.389,0.83,0.262,3.251,0.1008,0.347,0.981,0.901,11.0,Thu
orb,TSLA,2026-09-03,2026-09-03 09:50:00-04:00,377.6187,2026-09-03 15:55:00-04:00,376.1668,26,long,-37.75,-0.3845,365.0,break of opening range high 375.18,eod,2.5,3.198,1.283,0.77,0.151,5.859,0.3675,-0.715,1.763,0.951,9.83,Thu
high_break_trail,AMD,2026-09-03,2026-09-03 11:00:00-04:00,454.4271,2026-09-03 15:55:00-04:00,456.0119,22,long,34.86,0.3487,295.0,"break of first-hour high 453.68, 2.0xATR trail",eod,-0.789,0.382,1.389,0.83,0.262,3.251,0.1008,0.347,0.981,0.901,11.0,Thu
orb,MSTR,2026-09-03,2026-09-03 10:10:00-04:00,133.7468,2026-09-03 15:55:00-04:00,144.7676,74,long,815.54,8.24,345.0,break of opening range high 133.01,eod,3.891,4.461,1.825,0.7,-0.009,4.54,0.2852,0.066,1.71,0.887,10.17,Thu
vwap_pullback,TSLA,2026-09-03,2026-09-03 10:10:00-04:00,376.0479,2026-09-03 15:55:00-04:00,376.1668,26,long,3.09,0.0316,345.0,bounce off session VWAP 372.91,eod,2.5,2.769,0.778,0.55,-0.009,5.588,0.1226,0.248,1.542,0.823,10.17,Thu
orb,COIN,2026-09-03,2026-09-03 10:30:00-04:00,190.085,2026-09-03 15:55:00-04:00,192.6536,52,long,133.57,1.3513,325.0,break of opening range high 188.88,eod,3.701,4.743,1.894,0.93,-0.069,5.024,0.1678,0.003,1.442,0.909,10.5,Thu
orb,PLTR,2026-09-03,2026-09-03 09:55:00-04:00,183.0465,2026-09-03 15:55:00-04:00,182.3888,54,long,-35.52,-0.3593,360.0,break of opening range high 181.85,eod,1.705,6.206,2.004,0.73,0.147,5.963,0.6165,-0.601,2.406,0.959,9.92,Thu
ema_crossover,PLTR,2026-09-03,2026-09-03 15:05:00-04:00,183.4617,2026-09-03 15:55:00-04:00,182.539,54,long,-49.83,-0.5029,50.0,EMA9/20 cross up above VWAP,stop,1.705,6.447,0.715,0.52,0.668,2.896,0.0049,0.093,0.25,0.83,15.08,Thu
orb,NVDA,2026-09-03,2026-09-03 09:50:00-04:00,228.9194,2026-09-03 15:55:00-04:00,228.2858,43,long,-27.24,-0.2768,365.0,break of opening range high 228.44,eod,0.722,1.283,0.768,0.59,0.151,2.992,0.1437,-0.995,1.047,0.965,9.83,Thu
ar_forecast,COIN,2026-09-04,2026-09-04 10:40:00-04:00,185.1675,2026-09-04 10:40:00-04:00,183.2242,54,long,-104.94,-1.0495,0.0,AR(12) forecasts +0.15% over 6 bars,stop,-3.865,-0.071,-0.066,0.3,-0.222,4.55,-0.0328,-0.445,1.35,0.337,10.67,Fri
ar_forecast,TSLA,2026-09-04,2026-09-04 10:35:00-04:00,353.883,2026-09-04 10:45:00-04:00,352.9114,28,short,27.21,0.2746,10.0,AR(12) forecasts -0.23% over 6 bars,signal,-3.766,-2.291,-1.094,0.58,-0.114,3.506,-0.1489,-0.12,0.988,0.105,10.58,Fri
ar_forecast,PLTR,2026-09-04,2026-09-04 10:55:00-04:00,176.1019,2026-09-04 11:00:00-04:00,176.7899,56,short,-38.53,-0.3907,5.0,AR(12) forecasts -0.15% over 6 bars,signal,-1.348,-2.176,-0.752,0.47,-0.332,2.635,-0.0471,-0.525,1.017,0.055,10.92,Fri
ar_forecast,MSTR,2026-09-04,2026-09-04 10:50:00-04:00,138.6407,2026-09-04 11:05:00-04:00,140.0971,72,short,-104.86,-1.0505,15.0,AR(12) forecasts -0.26% over 6 bars,stop,-5.261,1.035,-0.581,0.5,-0.313,4.939,-0.0373,-0.401,1.338,0.388,10.83,Fri
rsi2_reversion,TSLA,2026-09-04,2026-09-04 11:05:00-04:00,354.8525,2026-09-04 11:10:00-04:00,353.6067,28,short,34.88,0.3511,5.0,RSI(2)=90 rip below VWAP,signal,-3.766,-2.023,-0.639,0.7,-0.299,3.224,-0.0937,-0.111,0.783,0.198,11.08,Fri
ar_forecast,COIN,2026-09-04,2026-09-04 10:50:00-04:00,183.0384,2026-09-04 11:10:00-04:00,184.6473,54,short,-86.88,-0.879,20.0,AR(12) forecasts -0.36% over 6 bars,signal,-3.865,-1.22,-1.14,0.59,-0.313,4.257,-0.0539,-0.372,1.223,0.024,10.83,Fri
rsi2_reversion,PLTR,2026-09-04,2026-09-04 11:10:00-04:00,176.9615,2026-09-04 11:15:00-04:00,176.6583,56,short,16.98,0.1713,5.0,RSI(2)=92 rip below VWAP,signal,-1.348,-1.699,-0.235,0.63,-0.268,2.507,-0.0293,-0.463,0.898,0.188,11.17,Fri
ar_forecast,TSLA,2026-09-04,2026-09-04 11:00:00-04:00,354.0829,2026-09-04 11:30:00-04:00,353.3066,28,short,21.74,0.2192,30.0,AR(12) forecasts -0.20% over 6 bars,signal,-3.766,-2.236,-0.877,0.42,-0.326,3.224,-0.099,-0.071,0.8,0.136,11.0,Fri
ar_forecast,NVDA,2026-09-04,2026-09-04 11:00:00-04:00,232.1289,2026-09-04 11:30:00-04:00,231.8959,43,short,10.02,0.1004,30.0,AR(12) forecasts -0.15% over 6 bars,signal,1.201,0.427,-0.467,0.54,-0.326,2.232,-0.0201,-0.135,0.584,0.467,11.0,Fri
vwap_pullback,COIN,2026-09-04,2026-09-04 10:15:00-04:00,184.4177,2026-09-04 11:35:00-04:00,186.1991,54,short,-96.19,-0.9659,80.0,rejection at session VWAP 185.55,stop,-3.865,-0.476,-0.547,0.42,-0.135,4.357,-0.0342,-0.452,1.7,0.153,10.25,Fri
ar_forecast,MSTR,2026-09-04,2026-09-04 11:10:00-04:00,140.3501,2026-09-04 11:40:00-04:00,141.6226,71,long,90.34,0.9066,30.0,AR(12) forecasts +0.22% over 6 bars,signal,-5.261,2.281,0.64,0.37,-0.268,4.621,-0.022,-0.303,1.141,0.81,11.17,Fri
rsi2_reversion,COIN,2026-09-04,2026-09-04 11:10:00-04:00,184.4627,2026-09-04 11:40:00-04:00,186.4005,54,short,-104.64,-1.0505,30.0,RSI(2)=93 rip below VWAP,stop,-3.865,-0.452,-0.328,0.3,-0.268,3.901,-0.0413,-0.322,1.007,0.257,11.17,Fri
ar_forecast,PLTR,2026-09-04,2026-09-04 11:20:00-04:00,175.972,2026-09-04 11:50:00-04:00,175.4214,56,short,30.83,0.3129,30.0,AR(12) forecasts -0.22% over 6 bars,signal,-1.348,-2.249,-0.752,0.68,-0.351,2.429,-0.0305,-0.413,0.829,0.047,11.33,Fri
ar_forecast,NVDA,2026-09-04,2026-09-04 11:35:00-04:00,231.4142,2026-09-04 12:05:00-04:00,230.9454,43,short,20.16,0.2026,30.0,AR(12) forecasts -0.18% over 6 bars,signal,1.201,0.118,-0.714,0.64,-0.32,1.942,-0.0377,-0.111,0.444,0.323,11.58,Fri
rsi2_reversion,COIN,2026-09-04,2026-09-04 12:15:00-04:00,185.5607,2026-09-04 12:25:00-04:00,185.4172,53,long,-7.61,-0.0773,10.0,RSI(2)=10 dip above VWAP,signal,-3.865,0.141,0.196,0.29,-0.15,3.288,0.0132,-0.246,0.621,0.437,12.25,Fri
rsi2_reversion,TSLA,2026-09-04,2026-09-04 12:15:00-04:00,352.2788,2026-09-04 12:25:00-04:00,351.7758,28,short,14.08,0.1428,10.0,RSI(2)=92 rip below VWAP,signal,-3.766,-2.734,-1.094,0.35,-0.15,2.485,-0.0575,-0.077,0.426,0.072,12.25,Fri
vwap_pullback,MSTR,2026-09-04,2026-09-04 11:10:00-04:00,140.3501,2026-09-04 12:40:00-04:00,142.9183,71,long,182.34,1.8298,90.0,bounce off session VWAP 139.45,target,-5.261,2.281,0.64,0.37,-0.268,4.621,-0.022,-0.303,1.141,0.81,11.17,Fri
rsi2_reversion,NVDA,2026-09-04,2026-09-04 12:40:00-04:00,231.3593,2026-09-04 12:55:00-04:00,231.6508,43,short,-12.53,-0.126,15.0,RSI(2)=92 rip below VWAP,signal,1.201,0.094,-0.616,0.47,-0.139,1.693,-0.0399,-0.087,0.286,0.312,12.67,Fri
vwap_pullback,COIN,2026-09-04,2026-09-04 11:40:00-04:00,186.2332,2026-09-04 13:15:00-04:00,184.4222,53,long,-95.98,-0.9724,95.0,bounce off session VWAP 185.07,stop,-3.865,0.504,0.603,0.49,-0.261,3.601,-0.0004,-0.247,0.782,0.547,11.67,Fri
ema_crossover,COIN,2026-09-04,2026-09-04 11:30:00-04:00,185.3426,2026-09-04 13:15:00-04:00,184.6476,53,long,-36.83,-0.375,105.0,EMA9/20 cross up above VWAP,signal,-3.865,0.023,0.155,1.23,-0.359,3.599,-0.019,-0.299,0.834,0.401,11.5,Fri
rsi2_reversion,TSLA,2026-09-04,2026-09-04 13:20:00-04:00,352.2818,2026-09-04 13:35:00-04:00,352.261,28,short,0.58,0.0059,15.0,RSI(2)=90 rip below VWAP,signal,-3.766,-2.733,-0.974,0.39,-0.25,2.158,-0.0377,-0.067,0.28,0.072,13.33,Fri
rsi2_reversion,MSTR,2026-09-04,2026-09-04 13:15:00-04:00,142.4312,2026-09-04 13:50:00-04:00,142.1877,70,long,-17.05,-0.171,35.0,RSI(2)=2 dip above VWAP,signal,-5.261,3.798,1.603,0.29,-0.224,3.343,0.0589,-0.251,0.463,0.833,13.25,Fri
high_break_trail,AMD,2026-09-04,2026-09-04 12:15:00-04:00,474.257,2026-09-04 14:00:00-04:00,471.9703,21,long,-48.02,-0.4822,105.0,"break of first-hour high 473.91, 2.0xATR trail",stop,1.262,2.653,1.099,1.03,-0.15,2.98,0.0219,0.009,0.527,0.997,12.25,Fri
ema_crossover,MSTR,2026-09-04,2026-09-04 11:15:00-04:00,140.26,2026-09-04 14:05:00-04:00,141.8091,71,long,109.98,1.1044,170.0,EMA9/20 cross up above VWAP,signal,-5.261,2.215,0.565,0.32,-0.343,4.509,-0.0147,-0.306,1.1,0.788,11.25,Fri
rsi2_reversion,AMD,2026-09-04,2026-09-04 13:20:00-04:00,474.4771,2026-09-04 14:30:00-04:00,471.8939,21,long,-54.25,-0.5444,70.0,RSI(2)=5 dip above VWAP,signal,1.262,2.701,0.92,0.43,-0.25,2.643,0.0346,-0.002,0.359,0.858,13.33,Fri
squeeze_breakout,PLTR,2026-09-04,2026-09-04 13:35:00-04:00,174.3028,2026-09-04 14:30:00-04:00,175.0655,57,short,-43.48,-0.4376,55.0,squeeze breakdown below lower band 174.41,stop,-1.348,-3.176,-1.339,0.81,-0.301,1.711,-0.0351,-0.406,0.261,0.009,13.58,Fri
rsi2_reversion,PLTR,2026-09-04,2026-09-04 14:15:00-04:00,174.3728,2026-09-04 14:35:00-04:00,174.4872,57,short,-6.52,-0.0656,20.0,RSI(2)=93 rip below VWAP,signal,-1.348,-3.137,-1.191,0.83,-0.288,1.615,-0.0332,-0.372,0.213,0.044,14.25,Fri
rsi2_reversion,NVDA,2026-09-04,2026-09-04 15:00:00-04:00,230.4847,2026-09-04 15:05:00-04:00,230.2476,43,short,10.2,0.1029,5.0,RSI(2)=94 rip below VWAP,signal,1.201,-0.284,-0.8,0.53,-0.297,1.431,-0.0272,-0.149,0.15,0.135,15.0,Fri
rsi2_reversion,AMD,2026-09-04,2026-09-04 15:15:00-04:00,471.3305,2026-09-04 15:20:00-04:00,471.664,21,long,7.0,0.0708,5.0,RSI(2)=2 dip above VWAP,signal,1.262,2.02,0.186,0.41,-0.306,2.222,0.0135,-0.027,0.192,0.694,15.25,Fri
orb,NVDA,2026-09-04,2026-09-04 09:50:00-04:00,234.2166,2026-09-04 15:30:00-04:00,229.7051,42,long,-189.48,-1.9262,340.0,break of opening range high 233.77,stop,1.201,1.33,0.672,0.68,0.049,2.558,0.2127,-0.752,1.004,0.92,9.83,Fri
ema_crossover,COIN,2026-09-04,2026-09-04 15:10:00-04:00,185.3126,2026-09-04 15:35:00-04:00,183.818,53,long,-79.21,-0.8065,25.0,EMA9/20 cross up above VWAP,stop,-3.865,0.007,0.094,0.9,-0.31,2.527,-0.0022,-0.181,0.275,0.397,15.17,Fri
ema_crossover,MSTR,2026-09-04,2026-09-04 14:35:00-04:00,142.4912,2026-09-04 15:55:00-04:00,142.6087,70,long,8.22,0.0824,80.0,EMA9/20 cross up above VWAP,eod,-5.261,3.841,1.513,0.49,-0.275,3.003,0.0377,-0.259,0.356,0.842,14.58,Fri
squeeze_breakout,MSTR,2026-09-04,2026-09-04 14:45:00-04:00,142.9364,2026-09-04 15:55:00-04:00,142.6087,69,long,-22.62,-0.2293,70.0,squeeze breakout above upper band 142.79,eod,-5.261,4.166,1.806,0.48,-0.231,2.966,0.0373,-0.259,0.345,0.911,14.75,Fri
high_break_trail,COIN,2026-09-04,2026-09-04 10:45:00-04:00,183.3683,2026-09-04 15:55:00-04:00,184.7323,54,short,-73.66,-0.7439,310.0,"break of first-hour low 183.53, 2.0xATR trail",eod,-3.865,-1.042,-0.999,0.74,-0.289,4.386,-0.0475,-0.371,1.286,0.054,10.75,Fri
high_break_trail,PLTR,2026-09-04,2026-09-04 11:40:00-04:00,175.4872,2026-09-04 15:55:00-04:00,174.3972,56,short,61.04,0.6212,255.0,"break of first-hour low 175.75, 2.0xATR trail",eod,-1.348,-2.518,-0.97,0.37,-0.261,2.245,-0.0339,-0.409,0.686,0.027,11.67,Fri
orb,PLTR,2026-09-04,2026-09-04 10:10:00-04:00,176.3318,2026-09-04 15:55:00-04:00,174.3972,56,short,108.34,1.0972,345.0,break of opening range low 176.70,eod,-1.348,-2.049,-0.882,0.49,-0.049,1.983,-0.0983,-0.656,1.58,0.01,10.17,Fri
squeeze_breakout,AMD,2026-09-04,2026-09-04 12:15:00-04:00,474.257,2026-09-04 15:55:00-04:00,477.2113,21,long,62.04,0.6229,220.0,squeeze breakout above upper band 473.45,eod,1.262,2.653,1.099,1.03,-0.15,2.98,0.0219,0.009,0.527,0.997,12.25,Fri
high_break_trail,TSLA,2026-09-04,2026-09-04 11:45:00-04:00,352.2363,2026-09-04 15:55:00-04:00,355.6384,28,short,-95.26,-0.9659,250.0,"break of first-hour low 352.61, 2.0xATR trail",stop,-3.766,-2.746,-1.202,0.46,-0.285,2.722,-0.0678,-0.101,0.559,0.034,11.75,Fri
orb,COIN,2026-09-04,2026-09-04 10:20:00-04:00,183.4382,2026-09-04 15:55:00-04:00,184.7323,54,short,-69.88,-0.7055,335.0,break of opening range low 183.95,eod,-3.865,-1.005,-1.054,0.76,-0.12,4.617,-0.0285,-0.559,1.622,-0.017,10.33,Fri
high_break_trail,MSTR,2026-09-04,2026-09-04 11:30:00-04:00,141.2106,2026-09-04 15:55:00-04:00,142.6087,70,long,97.87,0.9901,265.0,"break of first-hour high 141.12, 2.0xATR trail",eod,-5.261,2.908,1.184,0.64,-0.359,4.253,0.0113,-0.284,0.958,0.95,11.5,Fri
vwap_pullback,TSLA,2026-09-04,2026-09-04 10:10:00-04:00,355.722,2026-09-04 15:55:00-04:00,354.1269,28,short,44.67,0.4484,345.0,rejection at session VWAP 359.31,eod,-3.766,-1.783,-0.932,0.62,-0.049,4.143,-0.1237,-0.16,1.241,0.067,10.17,Fri
orb,AMD,2026-09-04,2026-09-04 09:55:00-04:00,468.8243,2026-09-04 15:55:00-04:00,477.2113,21,long,176.13,1.7889,360.0,break of opening range high 468.47,eod,1.262,1.477,0.503,0.6,0.039,3.957,0.1408,0.207,1.738,0.833,9.92,Fri
orb,MSTR,2026-09-04,2026-09-04 11:30:00-04:00,141.2106,2026-09-04 15:55:00-04:00,142.6087,70,long,97.87,0.9901,265.0,break of opening range high 140.88,eod,-5.261,2.908,1.184,0.64,-0.359,4.253,0.0113,-0.284,0.958,0.95,11.5,Fri
orb,TSLA,2026-09-04,2026-09-04 10:10:00-04:00,355.722,2026-09-04 15:55:00-04:00,354.1269,28,short,44.67,0.4484,345.0,break of opening range low 356.67,eod,-3.766,-1.783,-0.932,0.62,-0.049,4.143,-0.1237,-0.16,1.241,0.067,10.17,Fri
vwap_pullback,AMD,2026-09-04,2026-09-04 10:40:00-04:00,470.3329,2026-09-04 15:55:00-04:00,477.1429,21,long,143.01,1.4479,315.0,bounce off session VWAP 468.21,target,1.262,1.804,0.448,0.45,-0.222,3.595,0.0386,-0.009,1.149,0.775,10.67,Fri
vwap_pullback,PLTR,2026-09-04,2026-09-04 11:15:00-04:00,176.4817,2026-09-04 15:55:00-04:00,174.3972,56,short,116.74,1.1812,280.0,rejection at session VWAP 177.38,eod,-1.348,-1.965,-0.484,0.71,-0.343,2.485,-0.0304,-0.408,0.874,0.126,11.25,Fri
vwap_pullback,AMD,2026-09-08,2026-09-08 10:15:00-04:00,493.9518,2026-09-08 10:25:00-04:00,499.2717,20,long,106.4,1.077,10.0,bounce off session VWAP 492.64,target,2.394,1.037,0.248,0.41,-0.326,3.014,-0.0205,-0.316,1.048,0.724,10.25,Tue
vwap_pullback,COIN,2026-09-08,2026-09-08 10:45:00-04:00,179.6701,2026-09-08 10:45:00-04:00,180.803,55,short,-62.31,-0.6305,0.0,rejection at session VWAP 180.17,stop,-2.145,-0.559,-0.285,0.42,-0.235,2.975,0.0443,-0.146,0.752,0.367,10.75,Tue
ar_forecast,MSTR,2026-09-08,2026-09-08 10:40:00-04:00,138.129,2026-09-08 10:50:00-04:00,138.1109,72,long,-1.3,-0.0131,10.0,AR(12) forecasts +0.27% over 6 bars,signal,-3.55,0.374,0.512,0.29,-0.254,3.828,0.0851,-0.21,1.22,0.7,10.67,Tue
ar_forecast,PLTR,2026-09-08,2026-09-08 10:35:00-04:00,172.5583,2026-09-08 11:05:00-04:00,172.2461,57,short,17.8,0.1809,30.0,AR(12) forecasts -0.33% over 6 bars,signal,-0.693,-0.314,-0.185,0.44,-0.283,3.164,-0.0264,-0.09,1.009,0.363,10.58,Tue
ar_forecast,TSLA,2026-09-08,2026-09-08 10:50:00-04:00,364.0019,2026-09-08 11:05:00-04:00,365.5572,27,long,41.99,0.4273,15.0,AR(12) forecasts +0.23% over 6 bars,signal,0.938,1.884,0.805,0.5,-0.189,2.661,0.1115,0.082,0.891,0.881,10.83,Tue
ar_forecast,NVDA,2026-09-08,2026-09-08 10:40:00-04:00,227.1264,2026-09-08 11:10:00-04:00,227.3336,44,short,-9.12,-0.0912,30.0,AR(12) forecasts -0.23% over 6 bars,signal,1.244,-2.609,-1.216,0.58,-0.254,2.425,-0.1241,-0.548,0.552,0.004,10.67,Tue
ar_forecast,MSTR,2026-09-08,2026-09-08 11:05:00-04:00,137.999,2026-09-08 11:15:00-04:00,138.0709,72,long,5.18,0.0522,10.0,AR(12) forecasts +0.15% over 6 bars,signal,-3.55,0.279,0.379,0.57,-0.181,3.457,0.0417,-0.27,1.008,0.667,11.08,Tue
rsi2_reversion,NVDA,2026-09-08,2026-09-08 11:15:00-04:00,227.276,2026-09-08 11:20:00-04:00,227.2136,43,short,2.69,0.0275,5.0,RSI(2)=91 rip below VWAP,signal,1.244,-2.544,-0.897,0.7,-0.129,2.051,-0.0859,-0.428,0.433,0.073,11.25,Tue
ar_forecast,TSLA,2026-09-08,2026-09-08 11:10:00-04:00,365.058,2026-09-08 11:25:00-04:00,366.4667,27,long,38.03,0.3859,15.0,AR(12) forecasts +0.15% over 6 bars,signal,0.938,2.18,0.95,0.64,-0.134,2.478,0.0987,0.092,0.759,0.874,11.17,Tue
vwap_pullback,TSLA,2026-09-08,2026-09-08 10:10:00-04:00,361.7308,2026-09-08 11:25:00-04:00,367.6792,27,long,160.61,1.6444,75.0,bounce off session VWAP 359.74,target,0.938,1.249,0.52,0.87,-0.339,3.124,0.0839,0.538,1.231,0.866,10.17,Tue
ar_forecast,AMD,2026-09-08,2026-09-08 11:05:00-04:00,503.8468,2026-09-08 11:35:00-04:00,508.5306,19,long,88.99,0.9296,30.0,AR(12) forecasts +0.27% over 6 bars,signal,2.394,3.061,1.678,0.91,-0.181,3.22,0.1209,0.036,0.743,0.893,11.08,Tue
ar_forecast,AMD,2026-09-08,2026-09-08 11:40:00-04:00,509.3345,2026-09-08 12:10:00-04:00,508.366,19,long,-18.4,-0.1902,30.0,AR(12) forecasts +0.51% over 6 bars,signal,2.394,4.184,2.225,0.75,-0.142,2.834,0.153,0.07,0.578,0.952,11.67,Tue
ar_forecast,PLTR,2026-09-08,2026-09-08 11:55:00-04:00,171.1055,2026-09-08 12:25:00-04:00,170.7653,58,short,19.73,0.1988,30.0,AR(12) forecasts -0.19% over 6 bars,signal,-0.693,-1.153,-0.826,0.49,-0.218,2.225,-0.0298,-0.122,0.463,0.079,11.92,Tue
rsi2_reversion,MSTR,2026-09-08,2026-09-08 12:15:00-04:00,137.7188,2026-09-08 12:35:00-04:00,137.6711,72,long,-3.43,-0.0346,20.0,RSI(2)=8 dip above VWAP,signal,-3.55,0.075,0.086,0.42,-0.28,3.154,0.0201,-0.046,0.68,0.596,12.25,Tue
rsi2_reversion,COIN,2026-09-08,2026-09-08 12:15:00-04:00,180.7553,2026-09-08 12:35:00-04:00,180.9495,55,long,10.68,0.1074,20.0,RSI(2)=6 dip above VWAP,signal,-2.145,0.042,0.134,0.5,-0.28,2.475,0.0275,-0.05,0.462,0.619,12.25,Tue
rsi2_reversion,AMD,2026-09-08,2026-09-08 12:30:00-04:00,507.2335,2026-09-08 12:40:00-04:00,508.1701,19,long,17.79,0.1846,10.0,RSI(2)=8 dip above VWAP,signal,2.394,3.754,1.511,0.58,-0.243,2.583,0.1155,0.071,0.422,0.861,12.5,Tue
ema_crossover,MSTR,2026-09-08,2026-09-08 12:30:00-04:00,137.3613,2026-09-08 12:40:00-04:00,138.6493,72,short,-92.74,-0.9377,10.0,EMA9/20 cross down below VWAP,signal,-3.55,-0.184,-0.174,0.3,-0.243,3.047,0.0126,-0.054,0.637,0.504,12.5,Tue
ema_crossover,COIN,2026-09-08,2026-09-08 12:40:00-04:00,181.5507,2026-09-08 12:50:00-04:00,180.3198,55,long,-67.7,-0.678,10.0,EMA9/20 cross up above VWAP,stop,-2.145,0.482,0.561,0.37,-0.268,2.368,0.0201,-0.073,0.413,0.822,12.67,Tue
high_break_trail,PLTR,2026-09-08,2026-09-08 12:30:00-04:00,170.5687,2026-09-08 12:50:00-04:00,172.0039,58,short,-83.25,-0.8415,20.0,"break of first-hour low 170.70, 2.0xATR trail",stop,-0.693,-1.463,-1.053,0.51,-0.243,2.045,-0.0337,-0.111,0.359,0.002,12.5,Tue
vwap_pullback,COIN,2026-09-08,2026-09-08 11:10:00-04:00,181.7039,2026-09-08 13:20:00-04:00,179.6168,55,long,-114.79,-1.1487,130.0,bounce off session VWAP 180.25,stop,-2.145,0.567,0.785,0.68,-0.134,2.846,0.0395,-0.177,0.641,0.924,11.17,Tue
vwap_pullback,MSTR,2026-09-08,2026-09-08 10:50:00-04:00,138.2491,2026-09-08 13:20:00-04:00,136.9588,72,long,-92.9,-0.9333,150.0,bounce off session VWAP 137.44,stop,-3.55,0.461,0.581,0.41,-0.189,3.761,0.0617,-0.296,1.149,0.731,10.83,Tue
rsi2_reversion,PLTR,2026-09-08,2026-09-08 12:45:00-04:00,171.5542,2026-09-08 13:20:00-04:00,171.9759,58,short,-24.46,-0.2458,35.0,RSI(2)=94 rip below VWAP,signal,-0.693,-0.894,-0.458,0.57,-0.237,2.045,-0.0291,-0.02,0.337,0.189,12.75,Tue
rsi2_reversion,TSLA,2026-09-08,2026-09-08 13:00:00-04:00,368.4141,2026-09-08 13:35:00-04:00,367.6111,27,long,-21.68,-0.218,35.0,RSI(2)=9 dip above VWAP,signal,0.938,3.119,1.324,0.63,-0.152,2.014,0.0661,0.097,0.387,0.887,13.0,Tue
squeeze_breakout,AMD,2026-09-08,2026-09-08 13:05:00-04:00,511.3654,2026-09-08 13:45:00-04:00,508.6401,19,long,-51.78,-0.533,40.0,squeeze breakout above upper band 510.50,stop,2.394,4.599,2.159,0.82,-0.199,2.463,0.0945,0.016,0.373,1.005,13.08,Tue
vwap_pullback,MSTR,2026-09-08,2026-09-08 13:25:00-04:00,136.9615,2026-09-08 14:10:00-04:00,138.099,73,short,-83.04,-0.8305,45.0,rejection at session VWAP 137.62,stop,-3.55,-0.475,-0.473,0.72,-0.207,2.93,0.0019,-0.046,0.49,0.403,13.42,Tue
squeeze_breakout,COIN,2026-09-08,2026-09-08 13:00:00-04:00,179.9,2026-09-08 14:15:00-04:00,181.2035,55,short,-71.69,-0.7246,75.0,squeeze breakdown below lower band 180.11,stop,-2.145,-0.432,-0.351,0.94,-0.152,2.328,0.0124,-0.042,0.399,0.401,13.0,Tue
rsi2_reversion,TSLA,2026-09-08,2026-09-08 13:45:00-04:00,366.7433,2026-09-08 14:20:00-04:00,366.1268,27,long,-16.64,-0.1681,35.0,RSI(2)=9 dip above VWAP,signal,0.938,2.652,0.78,0.59,-0.194,1.896,0.0482,0.139,0.301,0.768,13.75,Tue
ema_crossover,MSTR,2026-09-08,2026-09-08 13:00:00-04:00,137.3563,2026-09-08 14:20:00-04:00,138.119,72,short,-54.92,-0.5553,80.0,EMA9/20 cross down below VWAP,signal,-3.55,-0.188,-0.195,0.53,-0.152,3.03,0.0094,-0.024,0.566,0.503,13.0,Tue
rsi2_reversion,AMD,2026-09-08,2026-09-08 13:50:00-04:00,508.9949,2026-09-08 14:20:00-04:00,508.1658,19,long,-15.75,-0.1629,30.0,RSI(2)=7 dip above VWAP,signal,2.394,4.114,1.511,0.48,-0.165,2.357,0.0763,0.035,0.324,0.87,13.83,Tue
ema_crossover,COIN,2026-09-08,2026-09-08 12:55:00-04:00,180.3098,2026-09-08 14:20:00-04:00,181.2406,55,short,-51.19,-0.5162,85.0,EMA9/20 cross down below VWAP,signal,-2.145,-0.205,-0.126,0.63,-0.277,2.342,0.0142,-0.023,0.41,0.505,12.92,Tue
rsi2_reversion,TSLA,2026-09-08,2026-09-08 14:35:00-04:00,365.5227,2026-09-08 14:40:00-04:00,365.6871,27,long,4.44,0.045,5.0,RSI(2)=9 dip above VWAP,signal,0.938,2.31,0.411,0.4,-0.243,1.781,0.03,0.134,0.228,0.68,14.58,Tue
ar_forecast,COIN,2026-09-08,2026-09-08 14:30:00-04:00,180.8404,2026-09-08 14:45:00-04:00,178.9425,55,long,-104.39,-1.0495,15.0,AR(12) forecasts +0.16% over 6 bars,stop,-2.145,0.089,0.203,0.32,-0.2,2.163,-0.0017,-0.021,0.298,0.64,14.5,Tue
rsi2_reversion,AMD,2026-09-08,2026-09-08 14:55:00-04:00,506.9233,2026-09-08 15:15:00-04:00,506.3592,19,long,-10.72,-0.1113,20.0,RSI(2)=8 dip above VWAP,signal,2.394,3.691,0.971,0.59,-0.299,2.162,0.0483,0.034,0.26,0.789,14.92,Tue
high_break_trail,AMD,2026-09-08,2026-09-08 11:00:00-04:00,502.6612,2026-09-08 15:40:00-04:00,504.1739,19,long,28.74,0.3009,280.0,"break of first-hour high 500.56, 2.0xATR trail",stop,2.394,2.819,1.539,0.95,-0.179,3.208,0.1086,0.018,0.765,0.937,11.0,Tue
squeeze_breakout,NVDA,2026-09-08,2026-09-08 14:50:00-04:00,225.4672,2026-09-08 15:55:00-04:00,225.8829,44,short,-18.29,-0.1844,65.0,squeeze breakdown below lower band 225.62,eod,1.244,-3.32,-1.073,1.13,-0.273,1.416,-0.0263,-0.348,0.18,0.026,14.83,Tue
vwap_pullback,PLTR,2026-09-08,2026-09-08 10:30:00-04:00,171.974,2026-09-08 15:55:00-04:00,170.3751,58,short,92.73,0.9297,325.0,rejection at session VWAP 172.89,eod,-0.693,-0.652,-0.524,0.49,-0.269,3.228,-0.0421,-0.165,1.056,0.249,10.5,Tue
orb,TSLA,2026-09-08,2026-09-08 10:25:00-04:00,364.132,2026-09-08 15:55:00-04:00,367.856,27,long,100.55,1.0227,330.0,break of opening range high 362.42,eod,0.938,1.921,1.033,0.99,-0.308,3.09,0.1163,0.151,1.123,0.929,10.42,Tue
ema_crossover,PLTR,2026-09-08,2026-09-08 14:15:00-04:00,171.5042,2026-09-08 15:55:00-04:00,170.3751,58,short,65.49,0.6583,100.0,EMA9/20 cross down below VWAP,eod,-0.693,-0.923,-0.445,0.3,-0.164,1.764,-0.0107,-0.034,0.196,0.18,14.25,Tue
orb,NVDA,2026-09-08,2026-09-08 10:05:00-04:00,228.1479,2026-09-08 15:55:00-04:00,225.8829,43,short,97.39,0.9928,350.0,break of opening range low 229.46,eod,1.244,-2.171,-1.116,0.7,-0.345,3.369,-0.1673,-0.615,0.745,0.016,10.08,Tue
squeeze_breakout,TSLA,2026-09-08,2026-09-08 15:30:00-04:00,368.4641,2026-09-08 15:55:00-04:00,367.856,27,long,-16.42,-0.1651,25.0,squeeze breakout above upper band 367.83,eod,0.938,3.133,1.141,0.73,-0.257,1.735,0.0227,0.079,0.24,0.89,15.5,Tue
squeeze_breakout,PLTR,2026-09-08,2026-09-08 14:30:00-04:00,171.1844,2026-09-08 15:55:00-04:00,170.3751,58,short,46.94,0.4727,85.0,squeeze breakdown below lower band 171.37,eod,-0.693,-1.108,-0.613,0.49,-0.2,1.731,-0.0108,-0.025,0.193,0.119,14.5,Tue
high_break_trail,NVDA,2026-09-08,2026-09-08 10:40:00-04:00,227.1264,2026-09-08 15:55:00-04:00,225.8829,44,short,54.71,0.5475,315.0,"break of first-hour low 227.63, 2.0xATR trail",eod,1.244,-2.609,-1.216,0.58,-0.254,2.425,-0.1241,-0.548,0.552,0.004,10.67,Tue
orb,AMD,2026-09-08,2026-09-08 10:25:00-04:00,497.4286,2026-09-08 15:55:00-04:00,505.2772,20,long,156.97,1.5778,330.0,break of opening range high 496.77,eod,2.394,1.749,0.769,0.85,-0.308,3.592,0.0658,0.051,1.003,0.776,10.42,Tue
ema_crossover,TSLA,2026-09-08,2026-09-08 15:15:00-04:00,367.4836,2026-09-08 15:55:00-04:00,367.856,27,long,10.05,0.1013,40.0,EMA9/20 cross up above VWAP,eod,0.938,2.859,0.896,0.51,-0.308,1.728,0.0238,0.099,0.241,0.82,15.25,Tue
gap_and_go,AMD,2026-09-08,2026-09-08 10:30:00-04:00,500.26,2026-09-08 15:55:00-04:00,505.2772,19,long,95.33,1.0029,325.0,"gap 2.4%, break of opening high 494.57",eod,2.394,2.328,1.301,1.25,-0.269,3.603,0.0801,-0.076,0.983,0.979,10.5,Tue
orb,PLTR,2026-09-08,2026-09-08 09:50:00-04:00,171.874,2026-09-08 15:55:00-04:00,170.3751,58,short,86.94,0.8721,365.0,break of opening range low 172.75,eod,-0.693,-0.709,-0.827,0.91,-0.221,3.869,-0.3081,-0.672,1.48,0.229,9.83,Tue
high_break_trail,TSLA,2026-09-08,2026-09-08 11:00:00-04:00,365.2925,2026-09-08 15:55:00-04:00,367.856,27,long,69.21,0.7018,295.0,"break of first-hour high 364.75, 2.0xATR trail",eod,0.938,2.246,1.071,0.6,-0.179,2.533,0.1095,0.101,0.81,0.897,11.0,Tue
orb,COIN,2026-09-08,2026-09-08 10:20:00-04:00,181.7908,2026-09-08 15:55:00-04:00,178.8905,55,long,-159.52,-1.5954,335.0,break of opening range high 181.51,eod,-2.145,0.615,0.917,0.39,-0.256,2.644,0.1364,-0.34,0.861,0.948,10.33,Tue
ema_crossover,NVDA,2026-09-08,2026-09-08 14:50:00-04:00,225.4672,2026-09-08 15:55:00-04:00,225.8829,44,short,-18.29,-0.1844,65.0,EMA9/20 cross down below VWAP,eod,1.244,-3.32,-1.073,1.13,-0.273,1.416,-0.0263,-0.348,0.18,0.026,14.83,Tue
rsi2_reversion,AMD,2026-09-09,2026-09-09 10:20:00-04:00,519.95,2026-09-09 10:30:00-04:00,520.8644,19,long,17.37,0.1759,10.0,RSI(2)=10 dip above VWAP,signal,0.413,2.429,0.248,0.61,-0.205,3.477,0.1246,0.529,1.121,0.665,10.33,Wed
orb,PLTR,2026-09-09,2026-09-09 09:55:00-04:00,168.9655,2026-09-09 10:35:00-04:00,171.6858,59,short,-160.5,-1.61,40.0,break of opening range low 169.38,stop,0.608,-1.377,-0.645,0.75,0.003,2.786,-0.1887,-0.762,1.078,0.059,9.92,Wed
ar_forecast,MSTR,2026-09-09,2026-09-09 10:35:00-04:00,137.7488,2026-09-09 10:40:00-04:00,136.3032,72,long,-104.09,-1.0495,5.0,AR(12) forecasts +0.18% over 6 bars,stop,4.006,-2.979,-0.283,0.58,-0.062,4.661,-0.0832,0.016,1.409,0.366,10.58,Wed
ar_forecast,TSLA,2026-09-09,2026-09-09 10:35:00-04:00,372.6136,2026-09-09 10:40:00-04:00,371.8998,26,short,18.56,0.1916,5.0,AR(12) forecasts -0.29% over 6 bars,signal,0.086,1.156,0.129,0.63,-0.062,2.931,-0.0311,-0.385,1.102,0.629,10.58,Wed
ar_forecast,PLTR,2026-09-09,2026-09-09 10:35:00-04:00,170.5051,2026-09-09 10:45:00-04:00,171.0644,58,long,32.44,0.328,10.0,AR(12) forecasts +0.15% over 6 bars,signal,0.608,-0.479,0.297,1.18,-0.062,3.344,0.0048,0.278,0.806,0.589,10.58,Wed
rsi2_reversion,COIN,2026-09-09,2026-09-09 10:30:00-04:00,180.6764,2026-09-09 10:45:00-04:00,179.5897,55,short,59.77,0.6014,15.0,RSI(2)=93 rip below VWAP,signal,2.967,-1.961,-0.172,0.91,-0.077,4.132,-0.0982,-0.027,1.069,0.383,10.5,Wed
rsi2_reversion,MSTR,2026-09-09,2026-09-09 10:30:00-04:00,137.7411,2026-09-09 10:45:00-04:00,136.3882,72,short,97.41,0.9822,15.0,RSI(2)=91 rip below VWAP,signal,4.006,-2.984,-0.299,0.73,-0.077,4.859,-0.1166,0.017,1.495,0.365,10.5,Wed
ar_forecast,AMD,2026-09-09,2026-09-09 10:35:00-04:00,521.9359,2026-09-09 10:50:00-04:00,521.4591,19,long,-9.06,-0.0914,15.0,AR(12) forecasts +0.33% over 6 bars,signal,0.413,2.82,0.591,0.37,-0.062,3.051,0.0793,0.52,0.958,0.762,10.58,Wed
ar_forecast,COIN,2026-09-09,2026-09-09 10:50:00-04:00,179.6901,2026-09-09 10:55:00-04:00,178.8894,55,short,44.04,0.4456,5.0,AR(12) forecasts -0.18% over 6 bars,signal,2.967,-2.496,-0.651,0.31,-0.056,4.006,-0.0578,-0.165,0.934,0.235,10.83,Wed
ar_forecast,TSLA,2026-09-09,2026-09-09 10:50:00-04:00,373.0834,2026-09-09 11:00:00-04:00,371.4957,26,short,41.28,0.4256,10.0,AR(12) forecasts -0.24% over 6 bars,signal,0.086,1.284,0.247,0.81,-0.056,2.805,-0.006,-0.332,0.966,0.69,10.83,Wed
vwap_pullback,TSLA,2026-09-09,2026-09-09 10:50:00-04:00,373.4566,2026-09-09 11:00:00-04:00,370.8335,26,long,-68.2,-0.7024,10.0,bounce off session VWAP 372.14,stop,0.086,1.385,0.347,0.81,-0.056,2.805,-0.006,-0.332,0.966,0.739,10.83,Wed
ar_forecast,MSTR,2026-09-09,2026-09-09 10:45:00-04:00,136.3882,2026-09-09 11:00:00-04:00,134.9568,73,long,-104.49,-1.0495,15.0,AR(12) forecasts +0.46% over 6 bars,stop,4.006,-3.937,-1.219,0.4,-0.046,4.757,-0.0797,-0.045,1.336,0.162,10.75,Wed
rsi2_reversion,AMD,2026-09-09,2026-09-09 10:55:00-04:00,520.36,2026-09-09 11:00:00-04:00,522.3937,19,long,38.64,0.3908,5.0,RSI(2)=9 dip above VWAP,signal,0.413,2.51,0.242,0.34,-0.039,2.903,0.0508,0.389,0.816,0.685,10.92,Wed
ar_forecast,PLTR,2026-09-09,2026-09-09 10:50:00-04:00,170.8395,2026-09-09 11:20:00-04:00,170.3251,58,short,29.84,0.3011,30.0,AR(12) forecasts -0.29% over 6 bars,signal,0.608,-0.283,0.424,0.58,-0.056,3.132,0.0405,0.1,0.724,0.686,10.83,Wed
rsi2_reversion,PLTR,2026-09-09,2026-09-09 11:05:00-04:00,170.3451,2026-09-09 11:20:00-04:00,170.1549,58,long,-11.03,-0.1117,15.0,RSI(2)=8 dip above VWAP,signal,0.608,-0.572,0.117,0.61,-0.241,2.968,0.0333,0.124,0.656,0.534,11.08,Wed
ar_forecast,COIN,2026-09-09,2026-09-09 11:15:00-04:00,177.4387,2026-09-09 11:30:00-04:00,177.0364,56,long,-22.53,-0.2267,15.0,AR(12) forecasts +0.19% over 6 bars,signal,2.967,-3.718,-1.636,1.33,-0.266,3.608,-0.0774,-0.212,0.839,0.012,11.25,Wed
news_momentum,NVDA,2026-09-09,2026-09-09 11:30:00-04:00,223.4882,2026-09-09 11:40:00-04:00,224.7323,44,short,-54.74,-0.5567,10.0,fresh headline <45m + breakdown on volume,stop,-0.221,-0.791,-0.484,2.05,-0.253,1.877,-0.0166,-0.306,0.337,-0.008,11.5,Wed
rsi2_reversion,COIN,2026-09-09,2026-09-09 11:40:00-04:00,178.3308,2026-09-09 12:00:00-04:00,177.6289,56,short,39.31,0.3936,20.0,RSI(2)=90 rip below VWAP,signal,2.967,-3.234,-0.958,0.45,-0.241,3.586,-0.0763,-0.121,0.713,0.219,11.67,Wed
rsi2_reversion,TSLA,2026-09-09,2026-09-09 11:40:00-04:00,370.9424,2026-09-09 12:10:00-04:00,370.11,26,short,21.64,0.2244,30.0,RSI(2)=93 rip below VWAP,signal,0.086,0.702,-0.128,0.68,-0.241,2.745,-0.0393,-0.082,0.68,0.451,11.67,Wed
rsi2_reversion,AMD,2026-09-09,2026-09-09 12:20:00-04:00,522.6212,2026-09-09 12:25:00-04:00,522.9209,19,long,5.7,0.0574,5.0,RSI(2)=9 dip above VWAP,signal,0.413,2.955,0.499,0.31,-0.309,2.726,0.0243,0.233,0.48,0.796,12.33,Wed
ar_forecast,AMD,2026-09-09,2026-09-09 12:05:00-04:00,523.9619,2026-09-09 12:35:00-04:00,522.7385,19,long,-23.24,-0.2335,30.0,AR(12) forecasts +0.15% over 6 bars,signal,0.413,3.219,0.774,0.67,-0.336,2.843,0.0263,0.233,0.543,0.862,12.08,Wed
rsi2_reversion,MSTR,2026-09-09,2026-09-09 12:35:00-04:00,135.0924,2026-09-09 12:45:00-04:00,134.6773,74,short,30.72,0.3073,10.0,RSI(2)=92 rip below VWAP,signal,4.006,-4.85,-1.296,0.29,-0.24,3.995,-0.0789,-0.094,0.673,0.247,12.58,Wed
rsi2_reversion,TSLA,2026-09-09,2026-09-09 12:50:00-04:00,369.9949,2026-09-09 12:55:00-04:00,369.2395,27,short,20.4,0.2042,5.0,RSI(2)=91 rip below VWAP,signal,0.086,0.445,-0.317,0.61,-0.188,2.343,-0.0237,-0.114,0.416,0.335,12.83,Wed
rsi2_reversion,NVDA,2026-09-09,2026-09-09 13:15:00-04:00,224.3028,2026-09-09 13:35:00-04:00,224.3621,44,short,-2.61,-0.0265,20.0,RSI(2)=98 rip below VWAP,signal,-0.221,-0.429,-0.081,0.46,-0.158,1.432,-0.0079,-0.233,0.171,0.297,13.25,Wed
rsi2_reversion,MSTR,2026-09-09,2026-09-09 13:25:00-04:00,135.3373,2026-09-09 13:35:00-04:00,135.2376,73,short,7.28,0.0737,10.0,RSI(2)=97 rip below VWAP,signal,4.006,-4.677,-1.042,0.23,-0.152,3.641,-0.0508,-0.067,0.453,0.274,13.42,Wed
rsi2_reversion,COIN,2026-09-09,2026-09-09 13:25:00-04:00,177.891,2026-09-09 13:40:00-04:00,177.6838,56,short,11.6,0.1165,15.0,RSI(2)=94 rip below VWAP,signal,2.967,-3.472,-0.958,0.27,-0.152,3.065,-0.0399,-0.151,0.396,0.166,13.42,Wed
rsi2_reversion,TSLA,2026-09-09,2026-09-09 13:35:00-04:00,368.9205,2026-09-09 13:50:00-04:00,368.8143,27,short,2.87,0.0288,15.0,RSI(2)=91 rip below VWAP,signal,0.086,0.154,-0.553,0.46,-0.215,2.15,-0.0234,-0.101,0.292,0.204,13.58,Wed
squeeze_breakout,NVDA,2026-09-09,2026-09-09 14:20:00-04:00,223.8242,2026-09-09 14:20:00-04:00,224.3112,44,short,-21.43,-0.2176,0.0,squeeze breakdown below lower band 223.96,stop,-0.221,-0.642,-0.283,0.49,-0.147,1.285,-0.0045,-0.254,0.124,0.118,14.33,Wed
ema_crossover,AMD,2026-09-09,2026-09-09 13:50:00-04:00,523.6817,2026-09-09 14:45:00-04:00,522.2887,19,long,-26.47,-0.266,55.0,EMA9/20 cross up above VWAP,signal,0.413,3.164,0.626,0.36,-0.106,2.4,0.0164,0.163,0.294,0.848,13.83,Wed
ema_crossover,TSLA,2026-09-09,2026-09-09 14:50:00-04:00,368.1508,2026-09-09 15:15:00-04:00,369.6747,27,short,-41.15,-0.4139,25.0,EMA9/20 cross down below VWAP,signal,0.086,-0.055,-0.705,0.51,-0.106,1.923,-0.0169,-0.073,0.211,0.11,14.83,Wed
vwap_pullback,PLTR,2026-09-09,2026-09-09 10:40:00-04:00,171.8059,2026-09-09 15:50:00-04:00,169.4049,58,long,-139.26,-1.3975,310.0,bounce off session VWAP 170.00,stop,0.608,0.281,1.024,1.54,-0.041,3.34,0.025,0.066,0.786,0.983,10.67,Wed
ema_crossover,MSTR,2026-09-09,2026-09-09 14:15:00-04:00,134.0879,2026-09-09 15:55:00-04:00,132.7563,74,short,98.54,0.9931,100.0,EMA9/20 cross down below VWAP,eod,4.006,-5.557,-1.881,0.28,-0.199,3.363,-0.0365,-0.049,0.388,0.138,14.25,Wed
ema_crossover,NVDA,2026-09-09,2026-09-09 14:20:00-04:00,223.8242,2026-09-09 15:55:00-04:00,223.8118,44,short,0.55,0.0055,95.0,EMA9/20 cross down below VWAP,eod,-0.221,-0.642,-0.283,0.49,-0.147,1.285,-0.0045,-0.254,0.124,0.118,14.33,Wed
orb,AMD,2026-09-09,2026-09-09 09:50:00-04:00,519.8848,2026-09-09 15:55:00-04:00,520.8195,19,long,17.76,0.1798,365.0,break of opening range high 517.75,eod,0.413,2.416,0.771,0.9,-0.039,3.092,0.431,0.163,1.429,0.754,9.83,Wed
orb,TSLA,2026-09-09,2026-09-09 11:25:00-04:00,367.3062,2026-09-09 15:55:00-04:00,367.9839,27,short,-18.3,-0.1845,270.0,break of opening range low 367.83,eod,0.086,-0.285,-1.138,0.93,-0.332,2.696,-0.0476,-0.147,0.752,0.007,11.42,Wed
high_break_trail,TSLA,2026-09-09,2026-09-09 11:25:00-04:00,367.3062,2026-09-09 15:55:00-04:00,367.9839,27,short,-18.3,-0.1845,270.0,"break of first-hour low 367.83, 2.0xATR trail",eod,0.086,-0.285,-1.138,0.93,-0.332,2.696,-0.0476,-0.147,0.752,0.007,11.42,Wed
orb,MSTR,2026-09-09,2026-09-09 09:55:00-04:00,136.5767,2026-09-09 15:55:00-04:00,132.7563,73,short,278.88,2.7972,360.0,break of opening range low 137.21,eod,4.006,-3.804,-1.702,0.52,0.003,3.325,-0.3534,-0.889,2.031,-0.001,9.92,Wed
orb,COIN,2026-09-09,2026-09-09 09:55:00-04:00,179.3803,2026-09-09 15:55:00-04:00,174.7974,55,short,252.06,2.5549,360.0,break of opening range low 180.25,eod,2.967,-2.664,-1.382,0.55,0.003,3.015,-0.3481,-0.898,1.362,0.046,9.92,Wed
high_break_trail,PLTR,2026-09-09,2026-09-09 10:40:00-04:00,171.8059,2026-09-09 15:55:00-04:00,169.4252,58,long,-138.08,-1.3856,315.0,"break of first-hour high 171.60, 2.0xATR trail",eod,0.608,0.281,1.024,1.54,-0.041,3.34,0.025,0.066,0.786,0.983,10.67,Wed
vwap_pullback,NVDA,2026-09-09,2026-09-09 10:40:00-04:00,224.3378,2026-09-09 15:55:00-04:00,223.8118,44,short,23.14,0.2344,315.0,rejection at session VWAP 224.78,eod,-0.221,-0.414,-0.191,0.71,-0.041,2.137,-0.0251,-0.32,0.429,0.3,10.67,Wed
vwap_pullback,AMD,2026-09-09,2026-09-09 10:30:00-04:00,521.3856,2026-09-09 15:55:00-04:00,520.8195,19,long,-10.76,-0.1086,325.0,bounce off session VWAP 518.74,eod,0.413,2.712,0.496,0.42,-0.077,3.159,0.0913,0.52,1.002,0.735,10.5,Wed
high_break_trail,COIN,2026-09-09,2026-09-09 11:15:00-04:00,177.2613,2026-09-09 15:55:00-04:00,174.7974,56,short,137.98,1.39,280.0,"break of first-hour low 178.12, 2.0xATR trail",eod,2.967,-3.814,-1.735,1.33,-0.266,3.608,-0.0774,-0.212,0.839,-0.012,11.25,Wed
high_break_trail,MSTR,2026-09-09,2026-09-09 11:05:00-04:00,134.8525,2026-09-09 15:55:00-04:00,132.7563,74,short,155.12,1.5544,290.0,"break of first-hour low 135.31, 2.0xATR trail",eod,4.006,-5.019,-2.04,1.37,-0.241,4.346,-0.1106,-0.073,1.201,0.06,11.08,Wed
orb,NVDA,2026-09-09,2026-09-09 10:05:00-04:00,224.1029,2026-09-09 15:55:00-04:00,223.8118,44,short,12.81,0.1299,350.0,break of opening range low 224.56,eod,-0.221,-0.518,-0.382,0.9,-0.001,2.506,-0.0739,-0.726,0.511,0.104,10.08,Wed
ema_crossover,COIN,2026-09-09,2026-09-09 14:10:00-04:00,177.4154,2026-09-09 15:55:00-04:00,174.7974,56,short,146.61,1.4757,105.0,EMA9/20 cross down below VWAP,eod,2.967,-3.73,-1.125,0.38,-0.22,2.85,-0.0299,-0.139,0.337,0.108,14.17,Wed
ar_forecast,MSTR,2026-09-10,2026-09-10 10:35:00-04:00,130.5752,2026-09-10 10:40:00-04:00,130.7846,76,long,15.91,0.1603,5.0,AR(12) forecasts +0.20% over 6 bars,signal,-3.504,1.98,0.961,0.37,0.168,4.768,0.0792,-0.455,1.136,0.765,10.58,Thu
ar_forecast,AMD,2026-09-10,2026-09-10 10:35:00-04:00,508.2957,2026-09-10 10:45:00-04:00,509.3495,19,short,-20.02,-0.2073,10.0,AR(12) forecasts -0.16% over 6 bars,signal,-2.376,-0.079,-0.124,0.57,0.168,3.578,-0.0182,-0.222,1.001,0.347,10.58,Thu
ar_forecast,TSLA,2026-09-10,2026-09-10 10:35:00-04:00,367.4737,2026-09-10 10:45:00-04:00,368.4357,27,long,25.97,0.2618,10.0,AR(12) forecasts +0.35% over 6 bars,signal,-2.012,1.963,0.794,0.55,0.168,3.286,0.101,0.248,0.818,0.849,10.58,Thu
ar_forecast,MSTR,2026-09-10,2026-09-10 10:45:00-04:00,130.9554,2026-09-10 10:50:00-04:00,131.3793,76,long,32.21,0.3237,5.0,AR(12) forecasts +0.16% over 6 bars,signal,-3.504,2.277,1.203,0.27,0.102,4.475,0.0845,-0.459,1.041,0.845,10.75,Thu
ar_forecast,PLTR,2026-09-10,2026-09-10 10:55:00-04:00,168.2159,2026-09-10 11:25:00-04:00,167.7238,59,short,29.03,0.2925,30.0,AR(12) forecasts -0.24% over 6 bars,signal,-1.268,0.511,0.704,0.42,0.181,3.986,0.0729,-0.443,0.611,0.824,10.92,Thu
ar_forecast,TSLA,2026-09-10,2026-09-10 11:05:00-04:00,365.6477,2026-09-10 11:30:00-04:00,365.8973,27,long,6.74,0.0682,25.0,AR(12) forecasts +0.23% over 6 bars,signal,-2.012,1.456,0.177,0.65,0.128,3.201,0.0527,0.228,0.653,0.691,11.08,Thu
vwap_pullback,AMD,2026-09-10,2026-09-10 10:40:00-04:00,509.9149,2026-09-10 11:30:00-04:00,507.1488,19,long,-52.56,-0.5425,50.0,bounce off session VWAP 508.93,stop,-2.376,0.239,0.192,0.62,0.108,3.455,-0.0097,-0.232,0.949,0.478,10.67,Thu
rsi2_reversion,TSLA,2026-09-10,2026-09-10 11:05:00-04:00,365.6477,2026-09-10 11:30:00-04:00,365.8973,27,long,6.74,0.0682,25.0,RSI(2)=3 dip above VWAP,signal,-2.012,1.456,0.177,0.65,0.128,3.201,0.0527,0.228,0.653,0.691,11.08,Thu
ar_forecast,AMD,2026-09-10,2026-09-10 11:10:00-04:00,508.8043,2026-09-10 11:40:00-04:00,507.6161,19,long,-22.58,-0.2335,30.0,AR(12) forecasts +0.19% over 6 bars,signal,-2.376,0.02,-0.037,0.37,0.136,2.946,0.012,-0.239,0.713,0.388,11.17,Thu
rsi2_reversion,MSTR,2026-09-10,2026-09-10 11:25:00-04:00,130.3952,2026-09-10 11:40:00-04:00,130.5347,76,long,10.6,0.107,15.0,RSI(2)=6 dip above VWAP,signal,-3.504,1.839,0.634,0.38,0.152,3.907,0.0442,-0.32,0.768,0.701,11.42,Thu
vwap_pullback,COIN,2026-09-10,2026-09-10 11:30:00-04:00,172.9864,2026-09-10 12:05:00-04:00,171.6674,57,long,-75.18,-0.7625,35.0,bounce off session VWAP 172.27,stop,-2.215,1.256,0.396,0.32,0.187,2.404,0.0389,-0.047,0.544,0.638,11.5,Thu
ar_forecast,PLTR,2026-09-10,2026-09-10 11:35:00-04:00,167.5462,2026-09-10 12:05:00-04:00,167.0835,59,short,27.3,0.2762,30.0,AR(12) forecasts -0.20% over 6 bars,signal,-1.268,0.111,0.235,2.03,0.156,3.512,0.0212,-0.323,0.494,0.673,11.58,Thu
rsi2_reversion,PLTR,2026-09-10,2026-09-10 11:50:00-04:00,167.2086,2026-09-10 12:10:00-04:00,167.0065,59,long,-11.92,-0.1209,20.0,RSI(2)=9 dip above VWAP,signal,-1.268,-0.09,0.031,0.46,0.077,3.35,0.0123,-0.305,0.443,0.597,11.83,Thu
ema_crossover,NVDA,2026-09-10,2026-09-10 11:40:00-04:00,218.6943,2026-09-10 12:25:00-04:00,217.6911,45,long,-45.14,-0.4587,45.0,EMA9/20 cross up above VWAP,stop,-1.437,-0.812,0.077,0.68,0.181,1.615,-0.0003,-0.231,0.368,0.394,11.67,Thu
high_break_trail,PLTR,2026-09-10,2026-09-10 10:40:00-04:00,168.8544,2026-09-10 12:35:00-04:00,166.5377,59,long,-136.69,-1.372,115.0,"break of first-hour high 168.66, 2.0xATR trail",stop,-1.268,0.893,1.14,0.65,0.108,4.374,0.0842,-0.484,0.695,0.967,10.67,Thu
rsi2_reversion,TSLA,2026-09-10,2026-09-10 12:35:00-04:00,365.9279,2026-09-10 12:40:00-04:00,366.2218,27,long,7.94,0.0803,5.0,RSI(2)=7 dip above VWAP,signal,-2.012,1.534,0.175,0.3,0.021,2.474,0.0073,0.138,0.344,0.715,12.58,Thu
vwap_pullback,PLTR,2026-09-10,2026-09-10 11:20:00-04:00,167.4937,2026-09-10 12:40:00-04:00,166.5004,59,long,-58.6,-0.593,80.0,bounce off session VWAP 167.08,stop,-1.268,0.08,0.24,0.53,0.168,3.744,0.0297,-0.319,0.54,0.662,11.33,Thu
ema_crossover,NVDA,2026-09-10,2026-09-10 12:30:00-04:00,217.6411,2026-09-10 12:55:00-04:00,218.7993,45,short,-52.12,-0.5322,25.0,EMA9/20 cross down below VWAP,signal,-1.437,-1.29,-0.402,1.02,-0.067,1.471,0.0019,-0.204,0.292,0.116,12.5,Thu
ema_crossover,COIN,2026-09-10,2026-09-10 12:10:00-04:00,171.7141,2026-09-10 13:00:00-04:00,173.1966,58,short,-85.98,-0.8633,50.0,EMA9/20 cross down below VWAP,signal,-2.215,0.512,-0.367,0.81,0.009,2.347,0.014,0.025,0.466,0.325,12.17,Thu
high_break_trail,AMD,2026-09-10,2026-09-10 12:35:00-04:00,503.4482,2026-09-10 13:10:00-04:00,507.8198,19,short,-83.06,-0.8683,35.0,"break of first-hour low 504.03, 2.0xATR trail",stop,-2.376,-1.032,-0.947,0.72,0.021,2.413,-0.019,-0.24,0.418,0.016,12.58,Thu
ar_forecast,COIN,2026-09-10,2026-09-10 12:45:00-04:00,172.3688,2026-09-10 13:15:00-04:00,172.6363,58,short,-15.52,-0.1552,30.0,AR(12) forecasts -0.17% over 6 bars,signal,-2.215,0.895,0.015,0.33,0.102,2.145,0.0023,0.024,0.39,0.486,12.75,Thu
rsi2_reversion,AMD,2026-09-10,2026-09-10 12:55:00-04:00,506.0069,2026-09-10 13:25:00-04:00,506.4932,19,short,-9.24,-0.0961,30.0,RSI(2)=96 rip below VWAP,signal,-2.376,-0.529,-0.419,0.35,0.155,2.327,-0.0188,-0.221,0.374,0.211,12.92,Thu
squeeze_breakout,TSLA,2026-09-10,2026-09-10 13:35:00-04:00,367.4436,2026-09-10 13:35:00-04:00,366.1423,27,long,-35.14,-0.3542,0.0,squeeze breakout above upper band 367.03,stop,-2.012,1.954,0.548,0.58,0.007,2.208,0.0039,0.133,0.27,0.847,13.58,Thu
ema_crossover,TSLA,2026-09-10,2026-09-10 13:25:00-04:00,366.6232,2026-09-10 13:55:00-04:00,365.4572,27,long,-31.48,-0.318,30.0,EMA9/20 cross up above VWAP,stop,-2.012,1.727,0.336,0.29,0.074,2.216,0.0038,0.141,0.255,0.776,13.42,Thu
squeeze_breakout,COIN,2026-09-10,2026-09-10 13:30:00-04:00,173.7868,2026-09-10 14:00:00-04:00,172.5049,57,long,-73.07,-0.7377,30.0,squeeze breakout above upper band 173.52,stop,-2.215,1.725,0.798,1.12,0.075,2.061,0.0052,0.045,0.332,0.835,13.5,Thu
squeeze_breakout,MSTR,2026-09-10,2026-09-10 13:35:00-04:00,131.0054,2026-09-10 14:00:00-04:00,129.6741,76,long,-101.18,-1.0162,25.0,squeeze breakout above upper band 130.66,stop,-3.504,2.316,1.046,0.45,0.007,3.099,-0.0084,-0.255,0.448,0.824,13.58,Thu
ema_crossover,MSTR,2026-09-10,2026-09-10 13:30:00-04:00,130.4102,2026-09-10 14:05:00-04:00,129.4452,76,long,-73.34,-0.7399,35.0,EMA9/20 cross up above VWAP,stop,-3.504,1.851,0.595,0.51,0.075,3.064,-0.0092,-0.233,0.433,0.704,13.5,Thu
ema_crossover,AMD,2026-09-10,2026-09-10 11:30:00-04:00,507.3962,2026-09-10 14:15:00-04:00,507.0434,19,short,6.7,0.0695,165.0,EMA9/20 cross down below VWAP,signal,-2.376,-0.256,-0.297,0.4,0.187,2.773,0.0037,-0.276,0.597,0.274,11.5,Thu
rsi2_reversion,AMD,2026-09-10,2026-09-10 14:15:00-04:00,506.5366,2026-09-10 14:20:00-04:00,506.0179,19,short,9.86,0.1024,5.0,RSI(2)=92 rip below VWAP,signal,-2.376,-0.425,-0.261,0.42,-0.046,2.041,-0.0125,-0.221,0.28,0.252,14.25,Thu
rsi2_reversion,MSTR,2026-09-10,2026-09-10 14:05:00-04:00,129.7148,2026-09-10 14:25:00-04:00,129.6351,77,long,-6.13,-0.0614,20.0,RSI(2)=3 dip above VWAP,signal,-3.504,1.308,0.041,0.53,-0.038,2.962,-0.0076,-0.228,0.388,0.564,14.08,Thu
vwap_pullback,COIN,2026-09-10,2026-09-10 13:00:00-04:00,173.1966,2026-09-10 14:30:00-04:00,171.7463,57,long,-82.66,-0.8373,90.0,bounce off session VWAP 172.35,stop,-2.215,1.379,0.488,0.26,0.131,2.111,0.003,0.01,0.37,0.69,13.0,Thu
ar_forecast,COIN,2026-09-10,2026-09-10 14:10:00-04:00,171.9609,2026-09-10 14:35:00-04:00,172.1039,58,long,8.29,0.0831,25.0,AR(12) forecasts +0.18% over 6 bars,signal,-2.215,0.656,-0.284,0.78,-0.045,2.078,0.0027,0.019,0.325,0.386,14.17,Thu
squeeze_breakout,COIN,2026-09-10,2026-09-10 14:10:00-04:00,171.7891,2026-09-10 14:50:00-04:00,172.9338,58,short,-66.4,-0.6664,40.0,squeeze breakdown below lower band 171.94,stop,-2.215,0.556,-0.384,0.78,-0.045,2.078,0.0027,0.019,0.325,0.344,14.17,Thu
ema_crossover,PLTR,2026-09-10,2026-09-10 11:55:00-04:00,166.9415,2026-09-10 14:55:00-04:00,166.6183,59,short,19.07,0.1936,180.0,EMA9/20 cross down below VWAP,signal,-1.268,-0.25,-0.127,0.54,0.067,3.296,0.0087,-0.301,0.426,0.537,11.92,Thu
ema_crossover,COIN,2026-09-10,2026-09-10 14:10:00-04:00,171.7891,2026-09-10 14:55:00-04:00,173.6567,58,short,-108.32,-1.0872,45.0,EMA9/20 cross down below VWAP,stop,-2.215,0.556,-0.384,0.78,-0.045,2.078,0.0027,0.019,0.325,0.344,14.17,Thu
ema_crossover,TSLA,2026-09-10,2026-09-10 14:05:00-04:00,365.2198,2026-09-10 15:00:00-04:00,366.4531,27,short,-33.3,-0.3377,55.0,EMA9/20 cross down below VWAP,signal,-2.012,1.337,-0.07,0.54,-0.038,2.172,0.0022,0.065,0.265,0.654,14.08,Thu
rsi2_reversion,PLTR,2026-09-10,2026-09-10 14:45:00-04:00,166.2368,2026-09-10 15:05:00-04:00,166.3381,60,short,-6.08,-0.0609,20.0,RSI(2)=95 rip below VWAP,signal,-1.268,-0.671,-0.411,0.53,-0.034,2.31,-0.0182,-0.284,0.214,0.379,14.75,Thu
vwap_pullback,TSLA,2026-09-10,2026-09-10 11:30:00-04:00,366.2633,2026-09-10 15:15:00-04:00,363.7981,27,long,-66.56,-0.6731,225.0,bounce off session VWAP 365.08,stop,-2.012,1.627,0.323,0.52,0.187,2.916,0.0229,0.22,0.533,0.744,11.5,Thu
rsi2_reversion,AMD,2026-09-10,2026-09-10 15:30:00-04:00,505.5171,2026-09-10 15:40:00-04:00,505.4226,19,short,1.8,0.0187,10.0,RSI(2)=93 rip below VWAP,signal,-2.376,-0.626,-0.392,0.88,-0.011,1.856,-0.0115,-0.198,0.223,0.174,15.5,Thu
vwap_pullback,MSTR,2026-09-10,2026-09-10 10:25:00-04:00,130.7153,2026-09-10 15:50:00-04:00,128.7483,76,long,-149.5,-1.5048,325.0,bounce off session VWAP 129.20,stop,-3.504,2.089,1.133,0.54,0.09,5.197,0.0874,-0.463,1.247,0.794,10.42,Thu
orb,MSTR,2026-09-10,2026-09-10 09:50:00-04:00,130.1752,2026-09-10 15:55:00-04:00,128.5657,76,long,-122.32,-1.2364,365.0,break of opening range high 129.87,eod,-3.504,1.667,1.141,0.41,-0.094,5.06,0.2577,-0.98,1.536,0.917,9.83,Thu
ema_crossover,PLTR,2026-09-10,2026-09-10 15:30:00-04:00,165.7771,2026-09-10 15:55:00-04:00,165.9429,60,short,-9.95,-0.1001,25.0,EMA9/20 cross down below VWAP,eod,-1.268,-0.946,-0.655,1.05,-0.011,2.189,-0.0159,-0.28,0.2,0.276,15.5,Thu
orb,PLTR,2026-09-10,2026-09-10 09:50:00-04:00,168.3001,2026-09-10 15:55:00-04:00,165.7771,59,long,-148.86,-1.4991,365.0,break of opening range high 167.54,eod,-1.268,0.562,1.116,0.73,-0.094,7.376,0.284,-0.673,0.913,0.912,9.83,Thu
vwap_pullback,NVDA,2026-09-10,2026-09-10 10:35:00-04:00,217.871,2026-09-10 15:55:00-04:00,218.4892,45,short,-27.82,-0.2837,320.0,rejection at session VWAP 218.65,eod,-1.437,-1.186,-0.351,0.58,0.168,2.208,-0.0122,-0.293,0.639,0.177,10.58,Thu
orb,TSLA,2026-09-10,2026-09-10 09:50:00-04:00,366.5532,2026-09-10 15:55:00-04:00,363.4282,27,long,-84.37,-0.8525,365.0,break of opening range high 365.39,eod,-2.012,1.707,1.085,0.81,-0.094,3.135,0.4426,0.781,1.078,0.973,9.83,Thu
vwap_pullback,AMD,2026-09-10,2026-09-10 12:05:00-04:00,505.1923,2026-09-10 15:55:00-04:00,503.7318,19,short,27.75,0.2891,230.0,rejection at session VWAP 508.79,eod,-2.376,-0.69,-0.694,0.74,0.009,2.604,-0.0057,-0.238,0.492,0.094,12.08,Thu
orb,NVDA,2026-09-10,2026-09-10 09:55:00-04:00,217.4872,2026-09-10 15:55:00-04:00,218.4892,45,short,-45.09,-0.4607,360.0,break of opening range low 218.29,eod,-1.437,-1.36,-0.625,0.62,-0.165,2.471,-0.146,-0.826,0.929,0.076,9.92,Thu
rsi2_reversion,NVDA,2026-09-10,2026-09-10 15:25:00-04:00,218.1159,2026-09-10 15:55:00-04:00,218.5492,45,short,-19.5,-0.1987,30.0,RSI(2)=90 rip below VWAP,signal,-1.437,-1.074,-0.157,0.55,-0.055,1.145,-0.0008,-0.158,0.138,0.242,15.42,Thu
ema_crossover,AMD,2026-09-10,2026-09-10 14:25:00-04:00,505.2872,2026-09-10 15:55:00-04:00,503.7318,19,short,29.55,0.3078,90.0,EMA9/20 cross down below VWAP,eod,-2.376,-0.671,-0.502,0.28,-0.045,2.007,-0.0122,-0.217,0.261,0.156,14.42,Thu
vwap_pullback,PLTR,2026-09-10,2026-09-10 15:05:00-04:00,166.1719,2026-09-10 15:55:00-04:00,165.9429,60,short,13.74,0.1378,50.0,rejection at session VWAP 166.91,eod,-1.268,-0.71,-0.441,0.71,-0.004,2.251,-0.0166,-0.281,0.211,0.364,15.08,Thu
ema_crossover,MSTR,2026-09-10,2026-09-10 14:10:00-04:00,129.3753,2026-09-10 15:55:00-04:00,128.6943,77,short,52.43,0.5263,105.0,EMA9/20 cross down below VWAP,eod,-3.504,1.043,-0.22,0.47,-0.045,2.939,-0.0084,-0.223,0.374,0.496,14.17,Thu
orb,AMD,2026-09-10,2026-09-10 09:55:00-04:00,506.1568,2026-09-10 15:55:00-04:00,503.7318,19,short,46.08,0.4791,360.0,break of opening range low 507.70,eod,-2.376,-0.5,-0.684,0.73,-0.165,4.215,-0.2009,-0.337,1.371,0.173,9.92,Thu
orb,COIN,2026-09-10,2026-09-10 10:00:00-04:00,172.7863,2026-09-10 15:55:00-04:00,172.1439,57,long,-36.62,-0.3718,355.0,break of opening range high 172.46,eod,-2.215,1.139,0.644,0.44,-0.099,2.067,0.1987,0.231,0.934,0.589,10.0,Thu
squeeze_breakout,TSLA,2026-09-10,2026-09-10 15:15:00-04:00,364.6376,2026-09-10 15:55:00-04:00,363.7918,27,short,22.84,0.232,40.0,squeeze breakdown below lower band 364.88,eod,-2.012,1.176,-0.234,1.3,-0.063,2.013,-0.0011,0.064,0.234,0.603,15.25,Thu
vwap_pullback,NVDA,2026-09-11,2026-09-11 10:25:00-04:00,221.5707,2026-09-11 10:35:00-04:00,219.7924,45,long,-80.02,-0.8026,10.0,bounce off session VWAP 220.56,stop,1.314,0.145,0.434,0.61,0.132,1.862,0.0827,-0.128,0.644,0.855,10.42,Fri
ar_forecast,AMD,2026-09-11,2026-09-11 10:35:00-04:00,519.5797,2026-09-11 10:40:00-04:00,514.1267,19,long,-103.61,-1.0495,5.0,AR(12) forecasts +0.26% over 6 bars,stop,1.53,1.642,1.337,0.89,-0.055,5.401,0.1455,-0.068,1.063,0.925,10.58,Fri
ar_forecast,MSTR,2026-09-11,2026-09-11 10:35:00-04:00,135.3349,2026-09-11 10:40:00-04:00,133.9146,73,long,-103.68,-1.0495,5.0,AR(12) forecasts +0.75% over 6 bars,stop,1.477,3.681,1.096,0.43,-0.055,7.828,0.296,0.238,1.21,0.703,10.58,Fri
rsi2_reversion,MSTR,2026-09-11,2026-09-11 10:40:00-04:00,134.4678,2026-09-11 10:50:00-04:00,135.1474,74,long,50.29,0.5054,10.0,RSI(2)=5 dip above VWAP,signal,1.477,3.017,0.441,0.56,-0.088,7.563,0.2351,0.258,1.176,0.603,10.67,Fri
orb,PLTR,2026-09-11,2026-09-11 10:00:00-04:00,168.6193,2026-09-11 10:55:00-04:00,165.5022,59,long,-183.91,-1.8486,55.0,break of opening range high 168.00,stop,1.29,0.369,0.842,0.56,0.095,4.501,0.2224,-0.243,1.016,1.003,10.0,Fri
ar_forecast,TSLA,2026-09-11,2026-09-11 10:50:00-04:00,366.0269,2026-09-11 10:55:00-04:00,365.1625,27,short,23.34,0.2362,5.0,AR(12) forecasts -0.27% over 6 bars,signal,0.146,0.518,0.109,0.62,-0.085,4.211,-0.0278,-0.489,0.835,0.627,10.83,Fri
rsi2_reversion,PLTR,2026-09-11,2026-09-11 10:20:00-04:00,167.4187,2026-09-11 10:55:00-04:00,165.6616,59,long,-103.67,-1.0495,35.0,RSI(2)=9 dip above VWAP,stop,1.29,-0.346,0.073,0.76,0.136,3.793,0.0568,0.061,0.894,0.606,10.33,Fri
ar_forecast,MSTR,2026-09-11,2026-09-11 10:45:00-04:00,134.4472,2026-09-11 11:00:00-04:00,136.1819,74,long,128.37,1.2902,15.0,AR(12) forecasts +0.73% over 6 bars,signal,1.477,3.001,0.403,0.38,-0.004,7.383,0.2053,0.237,1.139,0.6,10.75,Fri
ar_forecast,COIN,2026-09-11,2026-09-11 10:40:00-04:00,179.9299,2026-09-11 11:05:00-04:00,180.3898,55,long,25.29,0.2556,25.0,AR(12) forecasts +0.19% over 6 bars,signal,1.057,3.378,1.132,0.37,-0.088,5.813,0.2681,0.027,0.948,0.788,10.67,Fri
ar_forecast,AMD,2026-09-11,2026-09-11 10:45:00-04:00,514.0969,2026-09-11 11:05:00-04:00,513.1583,19,long,-17.83,-0.1826,20.0,AR(12) forecasts +0.35% over 6 bars,signal,1.53,0.57,0.252,0.5,-0.004,5.195,0.0965,0.035,1.012,0.647,10.75,Fri
ar_forecast,COIN,2026-09-11,2026-09-11 11:10:00-04:00,180.6096,2026-09-11 11:25:00-04:00,180.9104,55,short,-16.54,-0.1665,15.0,AR(12) forecasts -0.15% over 6 bars,signal,1.057,3.769,1.215,0.47,-0.014,5.06,0.1674,0.074,0.82,0.842,11.17,Fri
ar_forecast,PLTR,2026-09-11,2026-09-11 10:55:00-04:00,166.2131,2026-09-11 11:25:00-04:00,166.5867,60,long,22.42,0.2248,30.0,AR(12) forecasts +0.16% over 6 bars,signal,1.29,-1.064,-0.531,0.38,-0.098,3.066,-0.0473,0.055,0.676,0.253,10.92,Fri
ar_forecast,TSLA,2026-09-11,2026-09-11 11:00:00-04:00,364.6176,2026-09-11 11:25:00-04:00,365.6527,27,short,-27.95,-0.2839,25.0,AR(12) forecasts -0.20% over 6 bars,signal,0.146,0.131,-0.268,0.44,-0.007,3.958,-0.026,-0.481,0.75,0.427,11.0,Fri
vwap_pullback,TSLA,2026-09-11,2026-09-11 11:20:00-04:00,367.3136,2026-09-11 11:45:00-04:00,364.3587,27,long,-79.78,-0.8045,25.0,bounce off session VWAP 365.64,stop,0.146,0.872,0.456,0.74,0.146,3.747,-0.0115,-0.488,0.644,0.809,11.33,Fri
vwap_pullback,MSTR,2026-09-11,2026-09-11 10:50:00-04:00,135.2826,2026-09-11 11:50:00-04:00,133.4389,73,long,-134.59,-1.3628,60.0,bounce off session VWAP 133.91,stop,1.477,3.641,0.992,0.45,-0.085,7.166,0.192,0.248,1.122,0.697,10.83,Fri
rsi2_reversion,MSTR,2026-09-11,2026-09-11 11:50:00-04:00,135.4177,2026-09-11 11:50:00-04:00,133.9965,73,long,-103.75,-1.0495,0.0,RSI(2)=5 dip above VWAP,stop,1.477,3.744,0.883,0.28,0.105,6.248,0.0746,0.304,0.833,0.713,11.83,Fri
ema_crossover,TSLA,2026-09-11,2026-09-11 11:15:00-04:00,365.9086,2026-09-11 11:50:00-04:00,364.1878,27,long,-46.46,-0.4703,35.0,EMA9/20 cross up above VWAP,signal,0.146,0.486,0.074,0.35,0.089,3.725,-0.0121,-0.465,0.652,0.61,11.25,Fri
rsi2_reversion,PLTR,2026-09-11,2026-09-11 11:25:00-04:00,166.5867,2026-09-11 11:50:00-04:00,166.7633,60,short,-10.6,-0.1061,25.0,RSI(2)=94 rip below VWAP,signal,1.29,-0.841,-0.199,0.84,0.167,2.834,-0.0455,0.057,0.53,0.37,11.42,Fri
ar_forecast,PLTR,2026-09-11,2026-09-11 11:30:00-04:00,166.5967,2026-09-11 12:00:00-04:00,166.4082,60,short,11.31,0.1131,30.0,AR(12) forecasts -0.26% over 6 bars,signal,1.29,-0.835,-0.192,0.46,0.154,2.784,-0.0397,0.057,0.505,0.373,11.5,Fri
ema_crossover,TSLA,2026-09-11,2026-09-11 12:05:00-04:00,366.5433,2026-09-11 12:15:00-04:00,364.8974,27,long,-44.44,-0.449,10.0,EMA9/20 cross up above VWAP,signal,0.146,0.66,0.249,0.51,0.154,3.295,-0.007,-0.496,0.468,0.7,12.08,Fri
orb,NVDA,2026-09-11,2026-09-11 10:00:00-04:00,221.7408,2026-09-11 12:30:00-04:00,218.9212,45,long,-126.88,-1.2716,150.0,break of opening range high 221.34,stop,1.314,0.222,0.621,0.75,0.095,2.431,0.1653,-0.423,0.795,0.913,10.0,Fri
ema_crossover,PLTR,2026-09-11,2026-09-11 12:05:00-04:00,167.1436,2026-09-11 12:45:00-04:00,166.5167,59,long,-36.99,-0.3751,40.0,EMA9/20 cross up above VWAP,signal,1.29,-0.51,0.147,0.7,0.154,2.59,-0.0195,0.026,0.401,0.543,12.08,Fri
rsi2_reversion,AMD,2026-09-11,2026-09-11 12:20:00-04:00,514.4071,2026-09-11 12:45:00-04:00,512.5136,19,long,-35.98,-0.3681,25.0,RSI(2)=10 dip above VWAP,signal,1.53,0.63,0.202,0.36,0.084,3.714,0.0159,0.029,0.498,0.662,12.33,Fri
ema_crossover,AMD,2026-09-11,2026-09-11 12:25:00-04:00,513.1633,2026-09-11 13:30:00-04:00,516.273,19,short,-59.09,-0.606,65.0,EMA9/20 cross down below VWAP,signal,1.53,0.387,-0.038,0.43,0.026,3.689,0.0124,0.037,0.487,0.599,12.42,Fri
squeeze_breakout,PLTR,2026-09-11,2026-09-11 13:20:00-04:00,167.2786,2026-09-11 13:55:00-04:00,166.6435,59,long,-37.47,-0.3797,35.0,squeeze breakout above upper band 167.17,stop,1.29,-0.429,0.237,0.46,0.199,2.239,-0.0062,-0.022,0.26,0.585,13.33,Fri
squeeze_breakout,MSTR,2026-09-11,2026-09-11 13:55:00-04:00,132.8136,2026-09-11 14:00:00-04:00,131.5398,75,short,95.53,0.9591,5.0,squeeze breakdown below lower band 132.95,target,1.477,1.749,-0.966,0.29,0.133,4.856,-0.0235,0.236,0.454,0.41,13.92,Fri
squeeze_breakout,COIN,2026-09-11,2026-09-11 13:40:00-04:00,176.4717,2026-09-11 14:05:00-04:00,174.5924,56,short,105.24,1.0649,25.0,squeeze breakdown below lower band 176.74,target,1.057,1.391,-1.082,0.4,0.149,3.964,-0.0232,0.078,0.411,0.396,13.67,Fri
high_break_trail,NVDA,2026-09-11,2026-09-11 12:40:00-04:00,218.6506,2026-09-11 14:30:00-04:00,219.8363,45,short,-53.35,-0.5423,110.0,"break of first-hour low 219.03, 2.0xATR trail",stop,1.314,-1.175,-0.726,0.52,0.095,1.645,-0.0205,-0.063,0.245,0.0,12.67,Fri
squeeze_breakout,NVDA,2026-09-11,2026-09-11 12:20:00-04:00,219.1654,2026-09-11 14:30:00-04:00,219.9193,45,short,-33.93,-0.344,130.0,squeeze breakdown below lower band 219.31,stop,1.314,-0.942,-0.524,0.56,0.084,1.701,-0.0182,-0.041,0.269,0.045,12.33,Fri
vwap_pullback,TSLA,2026-09-11,2026-09-11 12:55:00-04:00,365.7378,2026-09-11 14:40:00-04:00,364.2965,27,long,-38.91,-0.3941,105.0,bounce off session VWAP 365.58,stop,0.146,0.439,0.046,0.35,0.118,2.932,-0.0074,-0.48,0.34,0.586,12.92,Fri
rsi2_reversion,NVDA,2026-09-11,2026-09-11 14:25:00-04:00,219.2553,2026-09-11 14:50:00-04:00,219.5497,45,short,-13.25,-0.1343,25.0,RSI(2)=97 rip below VWAP,signal,1.314,-0.902,-0.378,0.45,0.09,1.346,-0.0143,-0.076,0.135,0.181,14.42,Fri
high_break_trail,PLTR,2026-09-11,2026-09-11 11:00:00-04:00,165.4172,2026-09-11 15:00:00-04:00,167.7809,60,short,-141.82,-1.4289,240.0,"break of first-hour low 165.59, 2.0xATR trail",stop,1.29,-1.537,-0.972,0.73,-0.007,2.986,-0.0536,0.032,0.643,0.005,11.0,Fri
vwap_pullback,PLTR,2026-09-11,2026-09-11 10:40:00-04:00,166.4117,2026-09-11 15:00:00-04:00,167.8389,60,short,-85.63,-0.8576,260.0,rejection at session VWAP 167.25,stop,1.29,-0.945,-0.482,0.43,-0.088,3.289,-0.0177,0.054,0.754,0.273,10.67,Fri
rsi2_reversion,AMD,2026-09-11,2026-09-11 14:55:00-04:00,517.3235,2026-09-11 15:20:00-04:00,516.3917,19,long,-17.7,-0.1801,25.0,RSI(2)=9 dip above VWAP,signal,1.53,1.201,0.656,0.45,0.04,2.876,0.0119,-0.018,0.269,0.81,14.92,Fri
squeeze_breakout,TSLA,2026-09-11,2026-09-11 15:30:00-04:00,363.9284,2026-09-11 15:30:00-04:00,365.0344,27,short,-29.86,-0.3039,0.0,squeeze breakdown below lower band 364.15,stop,0.146,-0.058,-0.417,0.77,0.034,2.292,-0.0048,-0.455,0.196,0.33,15.5,Fri
orb,AMD,2026-09-11,2026-09-11 09:50:00-04:00,513.5917,2026-09-11 15:55:00-04:00,516.0219,19,long,46.17,0.4732,365.0,break of opening range high 512.88,eod,1.53,0.471,0.857,0.72,0.054,1.979,0.3657,-0.553,1.291,0.9,9.83,Fri
ema_crossover,MSTR,2026-09-11,2026-09-11 12:00:00-04:00,133.4532,2026-09-11 15:55:00-04:00,131.0355,74,short,178.91,1.8117,235.0,EMA9/20 cross down below VWAP,eod,1.477,2.24,-0.564,0.68,0.186,6.07,0.05,0.279,0.814,0.485,12.0,Fri
ema_crossover,COIN,2026-09-11,2026-09-11 12:00:00-04:00,177.7911,2026-09-11 15:55:00-04:00,175.2676,56,short,141.32,1.4194,235.0,EMA9/20 cross down below VWAP,eod,1.057,2.149,-0.446,0.74,0.186,4.811,0.0505,0.132,0.682,0.538,12.0,Fri
vwap_pullback,AMD,2026-09-11,2026-09-11 10:20:00-04:00,517.4436,2026-09-11 15:55:00-04:00,516.0219,19,long,-27.01,-0.2748,335.0,bounce off session VWAP 511.27,eod,1.53,1.224,1.152,0.58,0.136,5.6,0.1429,-0.076,1.15,0.853,10.33,Fri
vwap_pullback,NVDA,2026-09-11,2026-09-11 11:15:00-04:00,219.6884,2026-09-11 15:55:00-04:00,218.3091,45,short,62.07,0.6278,280.0,rejection at session VWAP 220.45,eod,1.314,-0.706,-0.344,0.33,0.089,2.097,-0.0155,-0.065,0.454,0.221,11.25,Fri
orb,MSTR,2026-09-11,2026-09-11 09:50:00-04:00,133.2167,2026-09-11 15:55:00-04:00,130.9045,75,long,-173.41,-1.7356,365.0,break of opening range high 132.32,eod,1.477,2.058,1.54,0.52,0.054,5.122,0.7633,-0.358,1.306,0.754,9.83,Fri
squeeze_breakout,PLTR,2026-09-11,2026-09-11 14:10:00-04:00,167.3837,2026-09-11 15:55:00-04:00,167.1264,59,long,-15.18,-0.1537,105.0,squeeze breakout above upper band 167.28,eod,1.29,-0.367,0.293,0.81,0.111,2.077,-0.0012,-0.036,0.216,0.618,14.17,Fri
ema_crossover,NVDA,2026-09-11,2026-09-11 15:10:00-04:00,218.7556,2026-09-11 15:55:00-04:00,218.3091,45,short,20.09,0.2041,45.0,EMA9/20 cross down below VWAP,eod,1.314,-1.127,-0.579,0.86,0.024,1.3,-0.0111,-0.077,0.141,0.032,15.17,Fri
orb,COIN,2026-09-11,2026-09-11 09:50:00-04:00,176.7284,2026-09-11 15:55:00-04:00,175.0924,56,long,-91.62,-0.9257,365.0,break of opening range high 175.24,eod,1.057,1.539,1.108,0.58,0.054,7.328,0.4103,-0.553,1.076,0.763,9.83,Fri
